  0
SECTION
  2
HEADER
  9
$ACADVER
  1
AC1032
  9
$ACADMAINTVER
 90
      228
  9
$DWGCODEPAGE
  3
ANSI_1252
  9
$LASTSAVEDBY
  1
benne
  9
$REQUIREDVERSIONS
160
                 0
  9
$INSBASE
 10
0.0
 20
0.0
 30
0.0
  9
$EXTMIN
 10
-0.0000000000000038
 20
-5.943897637771502
 30
-0.5945520886055951
  9
$EXTMAX
 10
21.25256904071095
 20
2.12619092159534
 30
0.5945521547128922
  9
$LIMMIN
 10
0.0
 20
0.0
  9
$LIMMAX
 10
12.0
 20
9.0
  9
$ORTHOMODE
 70
     0
  9
$REGENMODE
 70
     1
  9
$FILLMODE
 70
     1
  9
$QTEXTMODE
 70
     0
  9
$MIRRTEXT
 70
     0
  9
$LTSCALE
 40
1.0
  9
$ATTMODE
 70
     1
  9
$TEXTSIZE
 40
0.2
  9
$TRACEWID
 40
0.05
  9
$TEXTSTYLE
  7
Standard
  9
$CLAYER
  8
0
  9
$CELTYPE
  6
ByLayer
  9
$CECOLOR
 62
   256
  9
$CELTSCALE
 40
1.0
  9
$DISPSILH
 70
     0
  9
$DIMSCALE
 40
1.0
  9
$DIMASZ
 40
0.18
  9
$DIMEXO
 40
0.0625
  9
$DIMDLI
 40
0.38
  9
$DIMRND
 40
0.0
  9
$DIMDLE
 40
0.0
  9
$DIMEXE
 40
0.18
  9
$DIMTP
 40
0.0
  9
$DIMTM
 40
0.0
  9
$DIMTXT
 40
0.18
  9
$DIMCEN
 40
0.09
  9
$DIMTSZ
 40
0.0
  9
$DIMTOL
 70
     0
  9
$DIMLIM
 70
     0
  9
$DIMTIH
 70
     1
  9
$DIMTOH
 70
     1
  9
$DIMSE1
 70
     0
  9
$DIMSE2
 70
     0
  9
$DIMTAD
 70
     0
  9
$DIMZIN
 70
     0
  9
$DIMBLK
  1

  9
$DIMASO
 70
     1
  9
$DIMSHO
 70
     1
  9
$DIMPOST
  1

  9
$DIMAPOST
  1

  9
$DIMALT
 70
     0
  9
$DIMALTD
 70
     2
  9
$DIMALTF
 40
25.4
  9
$DIMLFAC
 40
1.0
  9
$DIMTOFL
 70
     0
  9
$DIMTVP
 40
0.0
  9
$DIMTIX
 70
     0
  9
$DIMSOXD
 70
     0
  9
$DIMSAH
 70
     0
  9
$DIMBLK1
  1

  9
$DIMBLK2
  1

  9
$DIMSTYLE
  2
Standard
  9
$DIMCLRD
 70
     0
  9
$DIMCLRE
 70
     0
  9
$DIMCLRT
 70
     0
  9
$DIMTFAC
 40
1.0
  9
$DIMGAP
 40
0.09
  9
$DIMJUST
 70
     0
  9
$DIMSD1
 70
     0
  9
$DIMSD2
 70
     0
  9
$DIMTOLJ
 70
     1
  9
$DIMTZIN
 70
     0
  9
$DIMALTZ
 70
     0
  9
$DIMALTTZ
 70
     0
  9
$DIMUPT
 70
     0
  9
$DIMDEC
 70
     4
  9
$DIMTDEC
 70
     4
  9
$DIMALTU
 70
     2
  9
$DIMALTTD
 70
     2
  9
$DIMTXSTY
  7
Standard
  9
$DIMAUNIT
 70
     0
  9
$DIMADEC
 70
     0
  9
$DIMALTRND
 40
0.0
  9
$DIMAZIN
 70
     0
  9
$DIMDSEP
 70
    46
  9
$DIMATFIT
 70
     3
  9
$DIMFRAC
 70
     0
  9
$DIMLDRBLK
  1

  9
$DIMLUNIT
 70
     2
  9
$DIMLWD
 70
    -2
  9
$DIMLWE
 70
    -2
  9
$DIMTMOVE
 70
     0
  9
$DIMFXL
 40
1.0
  9
$DIMFXLON
 70
     0
  9
$DIMJOGANG
 40
0.7853981633974483
  9
$DIMTFILL
 70
     0
  9
$DIMTFILLCLR
 70
     0
  9
$DIMARCSYM
 70
     0
  9
$DIMLTYPE
  6

  9
$DIMLTEX1
  6

  9
$DIMLTEX2
  6

  9
$DIMTXTDIRECTION
 70
     0
  9
$LUNITS
 70
     2
  9
$LUPREC
 70
     4
  9
$SKETCHINC
 40
0.1
  9
$FILLETRAD
 40
0.0
  9
$AUNITS
 70
     0
  9
$AUPREC
 70
     0
  9
$MENU
  1
.
  9
$ELEVATION
 40
0.0
  9
$PELEVATION
 40
0.0
  9
$THICKNESS
 40
0.0
  9
$LIMCHECK
 70
     0
  9
$CHAMFERA
 40
0.0
  9
$CHAMFERB
 40
0.0
  9
$CHAMFERC
 40
0.0
  9
$CHAMFERD
 40
0.0
  9
$SKPOLY
 70
     0
  9
$TDCREATE
 40
2460769.554398148
  9
$TDUCREATE
 40
2460769.846064815
  9
$TDUPDATE
 40
2460769.559803241
  9
$TDUUPDATE
 40
2460769.851469907
  9
$TDINDWG
 40
0.0041666667
  9
$TDUSRTIMER
 40
0.0041666667
  9
$USRTIMER
 70
     1
  9
$ANGBASE
 50
0.0
  9
$ANGDIR
 70
     0
  9
$PDMODE
 70
     0
  9
$PDSIZE
 40
0.0
  9
$PLINEWID
 40
0.0
  9
$SPLFRAME
 70
     0
  9
$SPLINETYPE
 70
     6
  9
$SPLINESEGS
 70
     8
  9
$HANDSEED
  5
112
  9
$SURFTAB1
 70
     6
  9
$SURFTAB2
 70
     6
  9
$SURFTYPE
 70
     6
  9
$SURFU
 70
     6
  9
$SURFV
 70
     6
  9
$UCSBASE
  2

  9
$UCSNAME
  2

  9
$UCSORG
 10
0.0
 20
0.0
 30
0.0
  9
$UCSXDIR
 10
1.0
 20
0.0
 30
0.0
  9
$UCSYDIR
 10
0.0
 20
1.0
 30
0.0
  9
$UCSORTHOREF
  2

  9
$UCSORTHOVIEW
 70
     0
  9
$UCSORGTOP
 10
0.0
 20
0.0
 30
0.0
  9
$UCSORGBOTTOM
 10
0.0
 20
0.0
 30
0.0
  9
$UCSORGLEFT
 10
0.0
 20
0.0
 30
0.0
  9
$UCSORGRIGHT
 10
0.0
 20
0.0
 30
0.0
  9
$UCSORGFRONT
 10
0.0
 20
0.0
 30
0.0
  9
$UCSORGBACK
 10
0.0
 20
0.0
 30
0.0
  9
$PUCSBASE
  2

  9
$PUCSNAME
  2

  9
$PUCSORG
 10
0.0
 20
0.0
 30
0.0
  9
$PUCSXDIR
 10
1.0
 20
0.0
 30
0.0
  9
$PUCSYDIR
 10
0.0
 20
1.0
 30
0.0
  9
$PUCSORTHOREF
  2

  9
$PUCSORTHOVIEW
 70
     0
  9
$PUCSORGTOP
 10
0.0
 20
0.0
 30
0.0
  9
$PUCSORGBOTTOM
 10
0.0
 20
0.0
 30
0.0
  9
$PUCSORGLEFT
 10
0.0
 20
0.0
 30
0.0
  9
$PUCSORGRIGHT
 10
0.0
 20
0.0
 30
0.0
  9
$PUCSORGFRONT
 10
0.0
 20
0.0
 30
0.0
  9
$PUCSORGBACK
 10
0.0
 20
0.0
 30
0.0
  9
$USERI1
 70
     0
  9
$USERI2
 70
     0
  9
$USERI3
 70
     0
  9
$USERI4
 70
     0
  9
$USERI5
 70
     0
  9
$USERR1
 40
0.0
  9
$USERR2
 40
0.0
  9
$USERR3
 40
0.0
  9
$USERR4
 40
0.0
  9
$USERR5
 40
0.0
  9
$WORLDVIEW
 70
     1
  9
$SHADEDGE
 70
     3
  9
$SHADEDIF
 70
    70
  9
$TILEMODE
 70
     1
  9
$MAXACTVP
 70
    64
  9
$PINSBASE
 10
0.0
 20
0.0
 30
0.0
  9
$PLIMCHECK
 70
     0
  9
$PEXTMIN
 10
1.000000000000000E+20
 20
1.000000000000000E+20
 30
1.000000000000000E+20
  9
$PEXTMAX
 10
-1.000000000000000E+20
 20
-1.000000000000000E+20
 30
-1.000000000000000E+20
  9
$PLIMMIN
 10
0.0
 20
0.0
  9
$PLIMMAX
 10
12.0
 20
9.0
  9
$UNITMODE
 70
     0
  9
$VISRETAIN
 70
     1
  9
$PLINEGEN
 70
     0
  9
$PSLTSCALE
 70
     1
  9
$TREEDEPTH
 70
  3020
  9
$CMLSTYLE
  2
Standard
  9
$CMLJUST
 70
     0
  9
$CMLSCALE
 40
1.0
  9
$PROXYGRAPHICS
 70
     1
  9
$MEASUREMENT
 70
     0
  9
$CELWEIGHT
370
    -1
  9
$ENDCAPS
280
     0
  9
$JOINSTYLE
280
     0
  9
$LWDISPLAY
290
     0
  9
$INSUNITS
 70
     1
  9
$HYPERLINKBASE
  1

  9
$STYLESHEET
  1

  9
$XEDIT
290
     1
  9
$CEPSNTYPE
380
     0
  9
$PSTYLEMODE
290
     1
  9
$FINGERPRINTGUID
  2
{E5822C33-4DF7-144C-BC49-BB500A3581B2}
  9
$VERSIONGUID
  2
{9F0C6A75-6971-2742-9C39-1D2AFFF79C9B}
  9
$EXTNAMES
290
     1
  9
$PSVPSCALE
 40
0.0
  9
$OLESTARTUP
290
     0
  9
$SORTENTS
280
   127
  9
$INDEXCTL
280
     0
  9
$HIDETEXT
280
     1
  9
$XCLIPFRAME
280
     2
  9
$HALOGAP
280
     0
  9
$OBSCOLOR
 70
   257
  9
$OBSLTYPE
280
     0
  9
$INTERSECTIONDISPLAY
280
     0
  9
$INTERSECTIONCOLOR
 70
   257
  9
$DIMASSOC
280
     2
  9
$PROJECTNAME
  1

  9
$CAMERADISPLAY
290
     0
  9
$LENSLENGTH
 40
50.0
  9
$CAMERAHEIGHT
 40
0.0
  9
$STEPSPERSEC
 40
2.0
  9
$STEPSIZE
 40
6.0
  9
$3DDWFPREC
 40
2.0
  9
$PSOLWIDTH
 40
0.25
  9
$PSOLHEIGHT
 40
4.0
  9
$LOFTANG1
 40
1.570796326794896
  9
$LOFTANG2
 40
1.570796326794896
  9
$LOFTMAG1
 40
0.0
  9
$LOFTMAG2
 40
0.0
  9
$LOFTPARAM
 70
     7
  9
$LOFTNORMALS
280
     1
  9
$LATITUDE
 40
37.795
  9
$LONGITUDE
 40
-122.394
  9
$NORTHDIRECTION
 40
0.0
  9
$TIMEZONE
 70
 -8000
  9
$LIGHTGLYPHDISPLAY
280
     1
  9
$TILEMODELIGHTSYNCH
280
     1
  9
$CMATERIAL
347
11
  9
$SOLIDHIST
280
     0
  9
$SHOWHIST
280
     1
  9
$DWFFRAME
280
     2
  9
$DGNFRAME
280
     0
  9
$REALWORLDSCALE
290
     1
  9
$INTERFERECOLOR
 62
     1
  9
$INTERFEREOBJVS
345
33
  9
$INTERFEREVPVS
346
30
  9
$CSHADOW
280
     0
  9
$SHADOWPLANELOCATION
 40
0.0
  0
ENDSEC
  0
SECTION
  2
CLASSES
  0
CLASS
  1
ACDBDICTIONARYWDFLT
  2
AcDbDictionaryWithDefault
  3
ObjectDBX Classes
 90
        0
 91
        1
280
     0
281
     0
  0
CLASS
  1
MATERIAL
  2
AcDbMaterial
  3
ObjectDBX Classes
 90
     1153
 91
        4
280
     0
281
     0
  0
CLASS
  1
VISUALSTYLE
  2
AcDbVisualStyle
  3
ObjectDBX Classes
 90
     4095
 91
       24
280
     0
281
     0
  0
CLASS
  1
SCALE
  2
AcDbScale
  3
ObjectDBX Classes
 90
     1153
 91
       17
280
     0
281
     0
  0
CLASS
  1
TABLESTYLE
  2
AcDbTableStyle
  3
ObjectDBX Classes
 90
     4095
 91
        1
280
     0
281
     0
  0
CLASS
  1
MLEADERSTYLE
  2
AcDbMLeaderStyle
  3
ACDB_MLEADERSTYLE_CLASS
 90
     4095
 91
        1
280
     0
281
     0
  0
CLASS
  1
ACDBSECTIONVIEWSTYLE
  2
AcDbSectionViewStyle
  3
ObjectDBX Classes
 90
     1025
 91
        1
280
     0
281
     0
  0
CLASS
  1
ACDBDETAILVIEWSTYLE
  2
AcDbDetailViewStyle
  3
ObjectDBX Classes
 90
     1025
 91
        1
280
     0
281
     0
  0
CLASS
  1
SURFACE
  2
AcDbSurface
  3
ObjectDBX Classes
 90
     4095
 91
       20
280
     0
281
     1
  0
CLASS
  1
ACDBASSOCPERSSUBENTMANAGER
  2
AcDbAssocPersSubentManager
  3
ObjectDBX Classes
 90
     1024
 91
        1
280
     0
281
     0
  0
CLASS
  1
DICTIONARYVAR
  2
AcDbDictionaryVar
  3
ObjectDBX Classes
 90
        0
 91
        5
280
     0
281
     0
  0
CLASS
  1
SOLID_BACKGROUND
  2
AcDbSolidBackground
  3
SCENEOE
 90
     4095
 91
        1
280
     0
281
     0
  0
CLASS
  1
NPOCOLLECTION
  2
AcDbImpNonPersistentObjectsCollection
  3
ObjectDBX Classes
 90
     1153
 91
        1
280
     0
281
     0
  0
CLASS
  1
SORTENTSTABLE
  2
AcDbSortentsTable
  3
ObjectDBX Classes
 90
        0
 91
        1
280
     0
281
     0
  0
CLASS
  1
CELLSTYLEMAP
  2
AcDbCellStyleMap
  3
ObjectDBX Classes
 90
     1152
 91
        1
280
     0
281
     0
  0
ENDSEC
  0
SECTION
  2
TABLES
  0
TABLE
  2
VPORT
  5
8
330
0
100
AcDbSymbolTable
 70
     1
  0
VPORT
  5
57
330
8
100
AcDbSymbolTableRecord
100
AcDbViewportTableRecord
  2
*Active
 70
     0
 10
0.0
 20
0.0
 11
1.0
 21
1.0
 12
11.15183047178593
 22
-4.189962562225934
 13
0.0
 23
0.0
 14
1.0
 24
1.0
 15
0.0
 25
0.0
 16
57.44774280523071
 26
2.764540362243223
 36
-58.58948201724341
 17
8.623070155083613
 27
3.420058825605926
 37
-0.5734144955456838
 40
31.69829470464963
 41
2.054421768707483
 42
50.0
 43
0.0
 44
0.0
 50
0.0
 51
0.0
 71
     0
 72
   100
 73
     1
 74
     1
 75
     0
 76
     0
 77
     0
 78
     0
281
     0
 65
     1
110
0.0
120
0.0
130
0.0
111
1.0
121
0.0
131
0.0
112
0.0
122
1.0
132
0.0
 79
     0
146
0.0
348
2F
 60
     3
 61
     5
292
     1
282
     1
141
0.0
142
0.0
 63
   250
421
  3355443
1001
ACAD_NAV_VCDISPLAY
1070
     3
  0
ENDTAB
  0
TABLE
  2
LTYPE
  5
5
330
0
100
AcDbSymbolTable
 70
     2
  0
LTYPE
  5
5B
330
5
100
AcDbSymbolTableRecord
100
AcDbLinetypeTableRecord
  2
ByBlock
 70
     0
  3

 72
    65
 73
     0
 40
0.0
  0
LTYPE
  5
5C
330
5
100
AcDbSymbolTableRecord
100
AcDbLinetypeTableRecord
  2
ByLayer
 70
     0
  3

 72
    65
 73
     0
 40
0.0
  0
LTYPE
  5
5D
330
5
100
AcDbSymbolTableRecord
100
AcDbLinetypeTableRecord
  2
Continuous
 70
     0
  3
Solid line
 72
    65
 73
     0
 40
0.0
  0
ENDTAB
  0
TABLE
  2
LAYER
  5
2
330
0
100
AcDbSymbolTable
 70
     2
  0
LAYER
  5
54
330
2
100
AcDbSymbolTableRecord
100
AcDbLayerTableRecord
  2
0
 70
     0
 62
     7
  6
Continuous
370
    -3
390
F
347
21
348
0
  0
LAYER
  5
9A
330
2
100
AcDbSymbolTableRecord
100
AcDbLayerTableRecord
  2
Fin Base v1_Sketch1
 70
     0
 62
     7
  6
Continuous
370
    -3
390
F
347
21
348
0
1001
NFusion_SketchTransform
1000
1.000000;0.000000;0.000000;0.000000;0.000000;1.000000;0.000000;0.000000;0.000000;0.000000;1.000000;0.000000;0.000000;0.000000;0.000000;1.000000
  0
ENDTAB
  0
TABLE
  2
STYLE
  5
3
330
0
100
AcDbSymbolTable
 70
     2
  0
STYLE
  5
55
330
3
100
AcDbSymbolTableRecord
100
AcDbTextStyleTableRecord
  2
Standard
 70
     0
 40
0.0
 41
1.0
 50
0.0
 71
     0
 42
0.2
  3
txt
  4

  0
STYLE
  5
5A
330
3
100
AcDbSymbolTableRecord
100
AcDbTextStyleTableRecord
  2
Annotative
 70
     0
 40
0.0
 41
1.0
 50
0.0
 71
     0
 42
0.2
  3
txt
  4

1001
AcadAnnotative
1000
AnnotativeData
1002
{
1070
     1
1070
     1
1002
}
  0
ENDTAB
  0
TABLE
  2
VIEW
  5
6
330
0
100
AcDbSymbolTable
 70
     0
  0
ENDTAB
  0
TABLE
  2
UCS
  5
7
330
0
100
AcDbSymbolTable
 70
     0
  0
ENDTAB
  0
TABLE
  2
APPID
  5
9
330
0
100
AcDbSymbolTable
 70
     7
  0
APPID
  5
56
330
9
100
AcDbSymbolTableRecord
100
AcDbRegAppTableRecord
  2
ACAD
 70
     0
  0
APPID
  5
5E
330
9
100
AcDbSymbolTableRecord
100
AcDbRegAppTableRecord
  2
AcadAnnotative
 70
     0
  0
APPID
  5
78
330
9
100
AcDbSymbolTableRecord
100
AcDbRegAppTableRecord
  2
EDIT_IN_FUSION_ACAD_ADDIN
 70
     0
  0
APPID
  5
79
330
9
100
AcDbSymbolTableRecord
100
AcDbRegAppTableRecord
  2
NFusion_SketchTransform
 70
     0
  0
APPID
  5
86
330
9
100
AcDbSymbolTableRecord
100
AcDbRegAppTableRecord
  2
ACAD_STEPID
 70
     0
  0
APPID
  5
C5
330
9
100
AcDbSymbolTableRecord
100
AcDbRegAppTableRecord
  2
ACAD_EXEMPT_FROM_CAD_STANDARDS
 70
     0
  0
APPID
  5
10E
330
9
100
AcDbSymbolTableRecord
100
AcDbRegAppTableRecord
  2
ACAD_NAV_VCDISPLAY
 70
     0
  0
ENDTAB
  0
TABLE
  2
DIMSTYLE
  5
A
330
0
100
AcDbSymbolTable
 70
     3
100
AcDbDimStyleTable
 71
     1
340
58
  0
DIMSTYLE
105
58
330
A
100
AcDbSymbolTableRecord
100
AcDbDimStyleTableRecord
  2
Standard
 70
     0
340
55
  0
DIMSTYLE
105
59
330
A
100
AcDbSymbolTableRecord
100
AcDbDimStyleTableRecord
  2
Annotative
 70
     0
340
55
1001
AcadAnnotative
1000
AnnotativeData
1002
{
1070
     1
1070
     1
1002
}
  0
ENDTAB
  0
TABLE
  2
BLOCK_RECORD
  5
1
330
0
100
AcDbSymbolTable
 70
     2
  0
BLOCK_RECORD
  5
70
102
{ACAD_XDICTIONARY
360
CF
102
}
330
1
100
AcDbSymbolTableRecord
100
AcDbBlockTableRecord
  2
*Model_Space
340
73
 70
     0
280
     1
281
     0
  0
BLOCK_RECORD
  5
6C
330
1
100
AcDbSymbolTableRecord
100
AcDbBlockTableRecord
  2
*Paper_Space
340
6F
 70
     0
280
     1
281
     0
  0
BLOCK_RECORD
  5
74
330
1
100
AcDbSymbolTableRecord
100
AcDbBlockTableRecord
  2
*Paper_Space0
340
77
 70
     0
280
     1
281
     0
  0
ENDTAB
  0
ENDSEC
  0
SECTION
  2
BLOCKS
  0
BLOCK
  5
71
330
70
100
AcDbEntity
  8
0
100
AcDbBlockBegin
  2
*Model_Space
 70
     0
 10
0.0
 20
0.0
 30
0.0
  3
*Model_Space
  1

  0
ENDBLK
  5
72
330
70
100
AcDbEntity
  8
0
100
AcDbBlockEnd
  0
BLOCK
  5
6D
330
6C
100
AcDbEntity
 67
     1
  8
0
100
AcDbBlockBegin
  2
*Paper_Space
 70
     0
 10
0.0
 20
0.0
 30
0.0
  3
*Paper_Space
  1

  0
ENDBLK
  5
6E
330
6C
100
AcDbEntity
 67
     1
  8
0
100
AcDbBlockEnd
  0
BLOCK
  5
75
330
74
100
AcDbEntity
 67
     1
  8
0
100
AcDbBlockBegin
  2
*Paper_Space0
 70
     0
 10
0.0
 20
0.0
 30
0.0
  3
*Paper_Space0
  1

  0
ENDBLK
  5
76
330
74
100
AcDbEntity
 67
     1
  8
0
100
AcDbBlockEnd
  0
ENDSEC
  0
SECTION
  2
ENTITIES
  0
SPLINE
  5
D3
330
70
100
AcDbEntity
  8
0
347
7A
100
AcDbSpline
210
1.0
220
0.0
230
0.0
 70
     8
 71
     3
 72
    42
 73
    38
 74
     0
 42
0.000000001
 43
0.0000000001
 40
0.0
 40
0.0
 40
0.0
 40
0.0
 40
2.420347296609197
 40
2.420347296609197
 40
3.570859692319058
 40
3.570859692319058
 40
5.275411729928752
 40
5.275411729928752
 40
5.872398548027932
 40
5.872398548027932
 40
6.729032914777758
 40
6.729032914777758
 40
7.87282062243113
 40
7.87282062243113
 40
8.310276013690179
 40
8.310276013690179
 40
8.685446833713534
 40
8.685446833713534
 40
9.247320845792266
 40
9.247320845792266
 40
9.768988930367706
 40
9.768988930367706
 40
10.44631360177564
 40
10.44631360177564
 40
11.86199827708305
 40
11.86199827708305
 40
14.54618478345155
 40
14.54618478345155
 40
17.56216336086868
 40
17.56216336086868
 40
21.81255413034149
 40
21.81255413034149
 40
30.4222600603463
 40
30.4222600603463
 40
38.74042251977503
 40
38.74042251977503
 40
51.48054592700471
 40
51.48054592700471
 40
51.48054592700471
 40
51.48054592700471
 10
0.9337598425162649
 20
-5.936457525551449
 30
-0.0124665819639645
 10
0.9337598425162649
 20
-5.623515006793801
 30
-0.0668389566853592
 10
0.9337598425165817
 20
-4.535216398465102
 30
-0.2556523455144907
 10
0.9337598425165817
 20
-2.470408340371905
 30
-0.4865713312680512
 10
0.9337598425169574
 20
-1.749121034393242
 30
-0.5513803709430182
 10
0.9337598425169574
 20
-0.071751757654002
 30
-0.6200513002745592
 10
0.9337598425162649
 20
0.594790480930349
 30
-0.5681090557357625
 10
0.9337598425162649
 20
1.131875208467424
 30
-0.4931180980013691
 10
0.9337598425162651
 20
1.273371556640881
 30
-0.4683775196824567
 10
0.9337598425162651
 20
1.589597875519927
 30
-0.3957960873479882
 10
0.9337598425162648
 20
1.738136921532608
 30
-0.3412940927878081
 10
0.9337598425162648
 20
1.819113053556638
 30
-0.3102513688274338
 10
0.9337598425162649
 20
1.910016696386328
 30
-0.2724081650918871
 10
0.9337598425162649
 20
2.028086753810996
 30
-0.1774158253598198
 10
0.9337598425162649
 20
2.060015744176506
 30
-0.1465650481652822
 10
0.9337598425162649
 20
2.105283593444683
 30
-0.0837070971679597
 10
0.9337598425162649
 20
2.114541637996252
 30
-0.0610237810807824
 10
0.9337598425162649
 20
2.126809367897954
 30
-0.0221470451904994
 10
0.9337598425162649
 20
2.127571282801012
 30
-0.0029062549864046
 10
0.9337598425162649
 20
2.124909334672462
 30
0.0266829728589224
 10
0.9337598425159972
 20
2.12123842824248
 30
0.0443706567068946
 10
0.9337598425159972
 20
2.099141610482946
 30
0.0941423272531682
 10
0.9337598425127699
 20
2.081473198904675
 30
0.118009325827929
 10
0.9337598425127699
 20
2.032439102244115
 30
0.175402516290583
 10
0.9337598425162649
 20
1.989671561423127
 30
0.2105291190453852
 10
0.9337598425162649
 20
1.867070962285527
 30
0.2932485635724189
 10
0.9337598425162649
 20
1.786061475902868
 30
0.3254332402120534
 10
0.9337598425162649
 20
1.564188316390803
 30
0.399237452910751
 10
0.9337598425162651
 20
1.416145400188346
 30
0.4419451843508941
 10
0.9337598425162651
 20
0.8463626603099584
 30
0.5414001264326532
 10
0.9337598425162649
 20
0.4839568284287796
 30
0.5701795508459223
 10
0.9337598425162649
 20
-0.5246363198955222
 30
0.6104279986935268
 10
0.9337598425162649
 20
-1.231953574132595
 30
0.5810574440942633
 10
0.9337598425162649
 20
-2.578698975730949
 30
0.4777126713997581
 10
0.9337598425162648
 20
-3.278877011759051
 30
0.4005333006261616
 10
0.9337598425162648
 20
-4.933255000670945
 30
0.1861848821627635
 10
0.9337598425162646
 20
-5.589775928169998
 30
0.0727009042852169
 10
0.9337598425162646
 20
-5.93645711594655
 30
0.012466581931361
1001
ACAD_STEPID
1071
        1
  0
SPLINE
  5
D6
330
70
100
AcDbEntity
  8
0
347
7A
100
AcDbSpline
210
1.0
220
-0.0000000000000001
230
0.0000000000000002
 70
     8
 71
     3
 72
    38
 73
    34
 74
     0
 42
0.000000001
 43
0.0000000001
 40
0.0
 40
0.0
 40
0.0
 40
0.0
 40
2.345387010727053
 40
2.345387010727053
 40
5.478494190167047
 40
5.478494190167047
 40
6.939274030615027
 40
6.939274030615027
 40
7.665173377689272
 40
7.665173377689272
 40
7.973129130078433
 40
7.973129130078433
 40
8.247435040380558
 40
8.247435040380558
 40
8.595770577558639
 40
8.595770577558639
 40
8.835042441574399
 40
8.835042441574399
 40
9.057039946456772
 40
9.057039946456772
 40
9.380209428974014
 40
9.380209428974014
 40
9.629455922943293
 40
9.629455922943293
 40
9.778943225561448
 40
9.778943225561448
 40
9.974080091822765
 40
9.974080091822765
 40
10.35829112191103
 40
10.35829112191103
 40
10.73622934806481
 40
10.73622934806481
 40
11.29446669806235
 40
11.29446669806235
 40
11.29446669806235
 40
11.29446669806235
 10
1.86751968503253
 20
-5.91410502747378
 30
-0.0124196645220895
 10
1.86751968503253
 20
-5.610859634432995
 30
-0.0651369664641241
 10
1.867519685032845
 20
-4.574976119047312
 30
-0.2449782059640628
 10
1.867519685032845
 20
-1.431057494225545
 30
-0.6044012434879879
 10
1.867519685032529
 20
-0.1105101544774474
 30
-0.6439354804533939
 10
1.867519685032529
 20
1.179854964070581
 30
-0.467191044686435
 10
1.867519685032529
 20
1.39886832883936
 30
-0.3913728447584722
 10
1.867519685032529
 20
1.593427739324174
 30
-0.3139947250939388
 10
1.86751968503253
 20
1.671171366226272
 30
-0.2783955739990005
 10
1.86751968503253
 20
1.777496269919019
 30
-0.1904047202954702
 10
1.86751968503253
 20
1.80826231933522
 30
-0.1597635410792534
 10
1.86751968503253
 20
1.853847082580032
 30
-0.0965308306795272
 10
1.867519685032529
 20
1.865382164112256
 30
-0.0711035991390076
 10
1.867519685032529
 20
1.879999415457234
 30
-0.024538215195098
 10
1.867519685032529
 20
1.880861315161574
 30
-0.0031489605590109
 10
1.867519685032529
 20
1.878209061780664
 30
0.0258749305716156
 10
1.86751968503227
 20
1.875156916738288
 30
0.0463886323133597
 10
1.86751968503227
 20
1.851834226364746
 30
0.0990851366348769
 10
1.86751968502926
 20
1.835167263409268
 30
0.1249883151825724
 10
1.86751968502926
 20
1.77941776090914
 30
0.1904275406914734
 10
1.867519685032529
 20
1.735099512157123
 30
0.2287688212259359
 10
1.867519685032529
 20
1.644655149715599
 30
0.2875272614051938
 10
1.86751968503253
 20
1.589909911429204
 30
0.3200291907376282
 10
1.86751968503253
 20
1.350015210052601
 30
0.404435722897312
 10
1.867519685032529
 20
1.20028619857486
 30
0.4514186016503081
 10
1.867519685032529
 20
0.6334028762413664
 30
0.5509993081854884
 10
1.867519685032529
 20
0.2820859179376408
 30
0.576687785722347
 10
1.867519685032529
 20
-0.6828542379040297
 30
0.6053904467767356
 10
1.867519685032529
 20
-1.397279547467598
 30
0.5685696095506083
 10
1.867519685032529
 20
-2.682782843741029
 30
0.4640002750822098
 10
1.867519685032529
 20
-3.354709054470521
 30
0.3885864452503067
 10
1.867519685032529
 20
-4.916030020453066
 30
0.1840206135345345
 10
1.867519685032529
 20
-5.58100248904562
 30
0.0703274614036986
 10
1.867519685032529
 20
-5.914105141464985
 30
0.0124196640133478
1001
ACAD_STEPID
1071
        2
  0
SPLINE
  5
D9
330
70
100
AcDbEntity
  8
0
347
7A
100
AcDbSpline
210
1.0
220
-0.0000000000000001
230
0.0000000000000009
 70
     8
 71
     3
 72
    38
 73
    34
 74
     0
 42
0.000000001
 43
0.0000000001
 40
0.0
 40
0.0
 40
0.0
 40
0.0
 40
2.311490027981977
 40
2.311490027981977
 40
5.393273003549968
 40
5.393273003549968
 40
6.781158753527751
 40
6.781158753527751
 40
7.470116172378383
 40
7.470116172378383
 40
7.77460587480753
 40
7.77460587480753
 40
7.981712775574243
 40
7.981712775574243
 40
8.182086083949474
 40
8.182086083949474
 40
8.329161486282023
 40
8.329161486282023
 40
8.504124093187032
 40
8.504124093187032
 40
8.860779049015524
 40
8.860779049015524
 40
9.188857618550134
 40
9.188857618550134
 40
9.399000119494447
 40
9.399000119494447
 40
9.674098305990835
 40
9.674098305990835
 40
10.21703554214343
 40
10.21703554214343
 40
10.75387111441066
 40
10.75387111441066
 40
11.54555208961797
 40
11.54555208961797
 40
11.54555208961797
 40
11.54555208961797
 10
2.801279527548794
 20
-5.876653083150145
 30
-0.0123408487810288
 10
2.801279527548794
 20
-5.577792653706042
 30
-0.0643093252313333
 10
2.801279527548466
 20
-4.543633151476921
 30
-0.2439012788976583
 10
2.801279527548466
 20
-1.41768668590395
 30
-0.6009627477993821
 10
2.801279527548794
 20
-0.1057420826952032
 30
-0.6400828502333941
 10
2.801279527548794
 20
1.163219866113073
 30
-0.4649958962783329
 10
2.801279527548795
 20
1.378793720007357
 30
-0.3925827003608006
 10
2.801279527548795
 20
1.58064096804577
 30
-0.313071190564173
 10
2.801279527548794
 20
1.656865916277234
 30
-0.2781788908186964
 10
2.801279527548794
 20
1.762525872473099
 30
-0.1922177321116638
 10
2.801279527548794
 20
1.794165332282586
 30
-0.1611772604475464
 10
2.801279527548794
 20
1.835702242838811
 30
-0.1042988655174652
 10
2.801279527548794
 20
1.850209991966604
 30
-0.0787768209250995
 10
2.801279527548794
 20
1.867354127039531
 30
-0.0255806461561647
 10
2.801279527548794
 20
1.868326574238387
 30
-0.004245309080508
 10
2.801279527548794
 20
1.865889064105513
 30
0.0250954373531672
 10
2.801279527549056
 20
1.862833223831896
 30
0.0453015776244609
 10
2.801279527549056
 20
1.837666416611377
 30
0.1032501351971139
 10
2.801279527552167
 20
1.818040879406313
 30
0.1297432080899497
 10
2.801279527552167
 20
1.769627158625182
 30
0.1872747344969212
 10
2.801279527548794
 20
1.726253275493962
 30
0.2249962117921771
 10
2.801279527548794
 20
1.631936726447539
 30
0.2872831023413395
 10
2.801279527548795
 20
1.577395378503709
 30
0.3182402335474541
 10
2.801279527548795
 20
1.345681814854691
 30
0.4003989863579564
 10
2.801279527548794
 20
1.197647228185703
 30
0.4471981951648767
 10
2.801279527548794
 20
0.6348258252033206
 30
0.5468993166685343
 10
2.801279527548794
 20
0.2855752624222238
 30
0.5726823702673053
 10
2.801279527548794
 20
-0.6736770691256784
 30
0.6018820612487698
 10
2.801279527548795
 20
-1.385101219464174
 30
0.565199751248414
 10
2.801279527548795
 20
-2.661061998274308
 30
0.461648134468706
 10
2.801279527548794
 20
-3.329787011912951
 30
0.3866432280475464
 10
2.801279527548794
 20
-4.882102068908476
 30
0.183316858838831
 10
2.801279527548794
 20
-5.543175913170029
 30
0.0703288459563702
 10
2.801279527548794
 20
-5.876653430131085
 30
0.0123408499751722
1001
ACAD_STEPID
1071
        3
  0
SPLINE
  5
DC
330
70
100
AcDbEntity
  8
0
347
7A
100
AcDbSpline
210
1.0
220
-0.0000000000000001
230
-0.0000000000000005
 70
     8
 71
     3
 72
    44
 73
    40
 74
     0
 42
0.000000001
 43
0.0000000001
 40
0.0
 40
0.0
 40
0.0
 40
0.0
 40
2.409791473857658
 40
2.409791473857658
 40
4.570396003908752
 40
4.570396003908752
 40
5.725757285723262
 40
5.725757285723262
 40
6.306202526533303
 40
6.306202526533303
 40
6.721590920825404
 40
6.721590920825404
 40
7.371296670959273
 40
7.371296670959273
 40
7.838267647235846
 40
7.838267647235846
 40
8.073805002833308
 40
8.073805002833308
 40
8.234157451713954
 40
8.234157451713954
 40
8.342830244484147
 40
8.342830244484147
 40
8.406618690182217
 40
8.406618690182217
 40
8.471807378065994
 40
8.471807378065994
 40
8.546648721527621
 40
8.546648721527621
 40
8.624779821281006
 40
8.624779821281006
 40
8.830958605616025
 40
8.830958605616025
 40
9.357783850153689
 40
9.357783850153689
 40
10.4217806072433
 40
10.4217806072433
 40
11.42417961306463
 40
11.42417961306463
 40
12.8362862579341
 40
12.8362862579341
 40
12.8362862579341
 40
12.8362862579341
 10
3.735039370065059
 20
-5.823799998084438
 30
-0.0122299349726951
 10
3.735039370065059
 20
-5.512221532594386
 30
-0.0663606980895926
 10
3.735039370064622
 20
-4.401144050452077
 30
-0.2591563110236712
 10
3.735039370064622
 20
-1.719124178936552
 30
-0.5532110047669932
 10
3.735039370064322
 20
-0.8798780765441744
 30
-0.5870827220941849
 10
3.735039370064322
 20
0.0685581142042471
 30
-0.5792750332702564
 10
3.735039370065042
 20
0.4197151118515722
 30
-0.5650184547026349
 10
3.735039370065042
 20
0.918523514145229
 30
-0.5124228471406827
 10
3.735039370065059
 20
1.087601839066924
 30
-0.4889170527443947
 10
3.735039370065059
 20
1.372825036130707
 30
-0.4333254959965323
 10
3.735039370065059
 20
1.481022255298297
 30
-0.4074581062133829
 10
3.735039370065059
 20
1.786280029053425
 30
-0.3116355971552278
 10
3.735039370065059
 20
1.848627506281296
 30
-0.2766878297905417
 10
3.735039370065059
 20
1.944172935960858
 30
-0.2142479572354529
 10
3.73503937006506
 20
1.984089836352684
 30
-0.1827088124781327
 10
3.73503937006506
 20
2.032949380018861
 30
-0.1305316346512707
 10
3.735039370065059
 20
2.052993228933166
 30
-0.1064735361712912
 10
3.735039370065059
 20
2.078256691607249
 30
-0.058310644518914
 10
3.735039370065059
 20
2.085630800862019
 30
-0.0378218192570941
 10
3.735039370065059
 20
2.089951161652844
 30
-0.0019570698881781
 10
3.735039370065018
 20
2.0899437618001
 30
0.0164857196902903
 10
3.735039370065018
 20
2.080090902331
 30
0.0520065067419423
 10
3.735039370066114
 20
2.072934560570762
 30
0.0718228092794941
 10
3.735039370066114
 20
2.040770104365301
 30
0.1221545125420439
 10
3.735039370078616
 20
2.017329013931281
 30
0.1497253579791164
 10
3.735039370078616
 20
1.949499186400051
 30
0.2107387572149816
 10
3.735039370065059
 20
1.892328538686711
 30
0.2550464473006207
 10
3.735039370065059
 20
1.70932595020309
 30
0.3390873767477598
 10
3.735039370065059
 20
1.550152994878759
 30
0.3862427972087966
 10
3.735039370065059
 20
1.30160621660442
 30
0.4529686133767103
 10
3.735039370065059
 20
1.112163536343753
 30
0.4834376115432742
 10
3.735039370065059
 20
0.6559927484394233
 30
0.5478474401516294
 10
3.735039370065059
 20
0.3036028930269143
 30
0.5697304381849024
 10
3.735039370065059
 20
-0.697823310273045
 30
0.5950571309512844
 10
3.73503937006506
 20
-1.396980097327843
 30
0.5590531338396632
 10
3.73503937006506
 20
-2.677832873092007
 30
0.452906153428791
 10
3.735039370065059
 20
-3.332343571147587
 30
0.3789929397487976
 10
3.735039370065059
 20
-4.808592963811914
 30
0.1849518982398128
 10
3.73503937006506
 20
-5.435929054442136
 30
0.0796149704493968
 10
3.73503937006506
 20
-5.823799520098545
 30
0.0122299357945884
1001
ACAD_STEPID
1071
        4
  0
SPLINE
  5
DF
330
70
100
AcDbEntity
  8
0
347
7A
100
AcDbSpline
210
1.0
220
0.0
230
0.0
 70
     8
 71
     3
 72
    40
 73
    36
 74
     0
 42
0.000000001
 43
0.0000000001
 40
0.0
 40
0.0
 40
0.0
 40
0.0
 40
1.991074876071377
 40
1.991074876071377
 40
2.828675100847114
 40
2.828675100847114
 40
4.271761240693216
 40
4.271761240693216
 40
4.750413650354776
 40
4.750413650354776
 40
5.270753201548229
 40
5.270753201548229
 40
5.714057800248943
 40
5.714057800248943
 40
6.03129932574636
 40
6.03129932574636
 40
6.234750145943771
 40
6.234750145943771
 40
6.362139283409932
 40
6.362139283409932
 40
6.498943388230986
 40
6.498943388230986
 40
6.667403314267563
 40
6.667403314267563
 40
6.839026859060836
 40
6.839026859060836
 40
7.166417664968039
 40
7.166417664968039
 40
7.83333888700766
 40
7.83333888700766
 40
9.147887848509563
 40
9.147887848509563
 40
10.36637658816632
 40
10.36637658816632
 40
12.06365480831711
 40
12.06365480831711
 40
12.06365480831711
 40
12.06365480831711
 10
4.668799212581324
 20
-5.755161832701282
 30
-0.012086081688578
 10
4.668799212581324
 20
-5.497730866373115
 30
-0.0568616668788794
 10
4.668799212581324
 20
-4.183927011045712
 30
-0.2867982380420196
 10
4.668799212581324
 20
-1.962751587822297
 30
-0.5108047895242085
 10
4.668799212581324
 20
-1.224141036004957
 30
-0.5672613314226025
 10
4.668799212581324
 20
0.643785634161225
 30
-0.5869961534332099
 10
4.668799212581324
 20
1.193223685453202
 30
-0.4511580155125178
 10
4.668799212581324
 20
1.492179171052379
 30
-0.3573692256950853
 10
4.668799212581324
 20
1.591639432171173
 30
-0.3239139610119164
 10
4.668799212581324
 20
1.750373753497774
 30
-0.242027510612782
 10
4.668799212581325
 20
1.803031959878151
 30
-0.196164449546394
 10
4.668799212581325
 20
1.861034483823836
 30
-0.1369309329851012
 10
4.668799212581324
 20
1.879847429585589
 30
-0.1114199138250203
 10
4.668799212581324
 20
1.901963405051126
 30
-0.0718182859279073
 10
4.668799212581324
 20
1.912531737350482
 30
-0.0490055704464984
 10
4.668799212581324
 20
1.91927379001084
 30
-0.0052763156831821
 10
4.668799212581324
 20
1.919349725593875
 30
0.0141587299873456
 10
4.668799212581324
 20
1.910266557468971
 30
0.0506948520071715
 10
4.668799212581366
 20
1.90334918647982
 30
0.0711640829246887
 10
4.668799212581366
 20
1.871248864952843
 30
0.1241123921882508
 10
4.668799212581796
 20
1.847670646666393
 30
0.1524514125258967
 10
4.668799212581796
 20
1.780851954065026
 30
0.214817405035913
 10
4.668799212587305
 20
1.726943821152213
 30
0.2572251519865245
 10
4.668799212587305
 20
1.556458665645263
 30
0.3377618947106931
 10
4.668799212628253
 20
1.414088283153915
 30
0.3833446471221282
 10
4.668799212628253
 20
1.180041165458337
 30
0.4478777579775876
 10
4.668799212581324
 20
1.006669350332912
 30
0.4794251126896447
 10
4.668799212581324
 20
0.5315587019481808
 30
0.5469112712050651
 10
4.668799212581325
 20
0.1895580517870783
 30
0.5668264063167073
 10
4.668799212581325
 20
-0.7681724279371216
 30
0.5852276744710058
 10
4.668799212581325
 20
-1.452141175845424
 30
0.5481149557484483
 10
4.668799212581325
 20
-2.70517641166396
 30
0.4414629665733503
 10
4.668799212581325
 20
-3.338850975951415
 30
0.3692230694692704
 10
4.668799212581325
 20
-4.762725870053267
 30
0.1808872363182648
 10
4.668799212581324
 20
-5.366462932393448
 30
0.0796934986450113
 10
4.668799212581324
 20
-5.755162391037481
 30
0.0120860754304556
1001
ACAD_STEPID
1071
        5
  0
SPLINE
  5
E2
330
70
100
AcDbEntity
  8
0
347
7A
100
AcDbSpline
210
1.0
220
0.0
230
0.0000000000001044
 70
     8
 71
     3
 72
    40
 73
    36
 74
     0
 42
0.000000001
 43
0.0000000001
 40
0.0
 40
0.0
 40
0.0
 40
0.0
 40
2.415046307509013
 40
2.415046307509013
 40
4.434470619706148
 40
4.434470619706148
 40
5.394284968449315
 40
5.394284968449315
 40
5.933886784751774
 40
5.933886784751774
 40
6.766997432085203
 40
6.766997432085203
 40
7.097175010328113
 40
7.097175010328113
 40
7.420699331540075
 40
7.420699331540075
 40
7.857190841362102
 40
7.857190841362102
 40
8.300973263225003
 40
8.300973263225003
 40
8.92016887795242
 40
8.92016887795242
 40
9.702941646564834
 40
9.702941646564834
 40
10.39413637741143
 40
10.39413637741143
 40
10.99780376895576
 40
10.99780376895576
 40
11.72223525351026
 40
11.72223525351026
 40
13.1266441548052
 40
13.1266441548052
 40
14.49372577933241
 40
14.49372577933241
 40
16.503973845347
 40
16.503973845347
 40
16.503973845347
 40
16.503973845347
 10
5.60255905509759
 20
-5.670118788238894
 30
-0.0119071698442008
 10
5.60255905509759
 20
-5.357867163315609
 30
-0.0661920726967394
 10
5.6025590550978
 20
-4.332549660322205
 30
-0.2442257414320962
 10
5.6025590550978
 20
-1.876406190064679
 30
-0.5189405630723744
 10
5.602559055097653
 20
-0.657906743972141
 30
-0.608120530157253
 10
5.602559055097653
 20
0.6810450835153983
 30
-0.5192659187045812
 10
5.602559055097589
 20
0.9893033793753646
 30
-0.4611690762395687
 10
5.602559055097589
 20
1.304101875487557
 30
-0.3705437962052371
 10
5.60255905509759
 20
1.389978260325
 30
-0.3359880876348009
 10
5.60255905509759
 20
1.479650069180242
 30
-0.2984411686568572
 10
5.602559055097589
 20
1.556350613324186
 30
-0.2622433152102052
 10
5.602559055097589
 20
1.656556670492874
 30
-0.1727578617237737
 10
5.602559055097589
 20
1.68332652026218
 30
-0.1437787579057272
 10
5.602559055097589
 20
1.724375550875504
 30
-0.080855701887898
 10
5.602559055097589
 20
1.732914642533362
 30
-0.056291674026801
 10
5.602559055097589
 20
1.742955512454148
 30
-0.0157664296452007
 10
5.602559055097589
 20
1.743203151222527
 30
0.004917537156839
 10
5.602559055097589
 20
1.737129800280037
 30
0.0438024852526791
 10
5.602559055096895
 20
1.730460406617126
 30
0.0638807675811288
 10
5.602559055096895
 20
1.704746597933133
 30
0.114514148924222
 10
5.602559055089261
 20
1.683643594458898
 30
0.142041137699029
 10
5.602559055089261
 20
1.632339197150657
 30
0.1967008047383519
 10
5.60255905509759
 20
1.586124293158338
 30
0.2386756606443276
 10
5.60255905509759
 20
1.450941120749669
 30
0.3138649070549703
 10
5.60255905509759
 20
1.363236382093267
 30
0.3469702457608223
 10
5.60255905509759
 20
1.234593635192515
 30
0.3909966219071386
 10
5.60255905509759
 20
1.085511366028698
 30
0.4395410936630042
 10
5.60255905509759
 20
0.5266193637151023
 30
0.5339337850599041
 10
5.602559055097589
 20
0.1932632625963912
 30
0.5566916870979983
 10
5.602559055097589
 20
-0.7217518905542465
 30
0.5786322778403218
 10
5.602559055097589
 20
-1.405878274492853
 30
0.5411049015337969
 10
5.602559055097589
 20
-2.624628412134101
 30
0.4392426688197062
 10
5.602559055097589
 20
-3.257217934425346
 30
0.367618426365133
 10
5.602559055097589
 20
-4.726195714673457
 30
0.1741193144757278
 10
5.602559055097589
 20
-5.349963245758089
 30
0.0675661949272718
 10
5.602559055097589
 20
-5.670118931655109
 30
0.0119071743581935
1001
ACAD_STEPID
1071
        6
  0
SPLINE
  5
E5
330
70
100
AcDbEntity
  8
0
347
7A
100
AcDbSpline
210
1.0
220
-0.0000000000000009
230
0.0000000000002555
 70
     8
 71
     3
 72
    40
 73
    36
 74
     0
 42
0.000000001
 43
0.0000000001
 40
0.0
 40
0.0
 40
0.0
 40
0.0
 40
2.528585898847174
 40
2.528585898847174
 40
7.532639941031092
 40
7.532639941031092
 40
21.33489281720337
 40
21.33489281720337
 40
30.88152393647054
 40
30.88152393647054
 40
37.7858318216699
 40
37.7858318216699
 40
40.83647142148251
 40
40.83647142148251
 40
42.57215282508413
 40
42.57215282508413
 40
43.88441503749399
 40
43.88441503749399
 40
45.12791928490615
 40
45.12791928490615
 40
46.75295966040269
 40
46.75295966040269
 40
50.7196760475766
 40
50.7196760475766
 40
54.15693202069837
 40
54.15693202069837
 40
56.64246982713297
 40
56.64246982713297
 40
61.42587495229625
 40
61.42587495229625
 40
70.05885619790811
 40
70.05885619790811
 40
76.82614989874494
 40
76.82614989874494
 40
86.39740730871871
 40
86.39740730871871
 40
86.39740730871871
 40
86.39740730871871
 10
6.536318897613853
 20
-5.567930036835011
 30
-0.0116924229563111
 10
6.536318897613853
 20
-5.240985307116772
 30
-0.0684541137337877
 10
6.536318897614257
 20
-4.579261265205057
 30
-0.1812824121260494
 10
6.536318897614257
 20
-1.838370921959714
 30
-0.5344492584829387
 10
6.536318897613999
 20
-0.8296514134932989
 30
-0.5556648642899029
 10
6.536318897613999
 20
0.8063874670418435
 30
-0.5592001214502301
 10
6.536318897613855
 20
1.32462679122574
 30
-0.4089189435417635
 10
6.536318897613855
 20
1.648076591487879
 30
-0.3017207388881767
 10
6.536318897613853
 20
1.708300543705093
 30
-0.2732110383513846
 10
6.536318897613853
 20
1.813833661826322
 30
-0.2040506834079339
 10
6.536318897613853
 20
1.858725864740213
 30
-0.16743960194375
 10
6.536318897613853
 20
1.907286386129929
 30
-0.1088030564813302
 10
6.536318897613852
 20
1.923372712413196
 30
-0.0861520300022941
 10
6.536318897613852
 20
1.940843227906443
 30
-0.0445406561473399
 10
6.536318897613853
 20
1.947025270355013
 30
-0.0246843764422833
 10
6.536318897613853
 20
1.947674535775551
 30
0.0149331893912371
 10
6.536318897613782
 20
1.944614295265354
 30
0.0314943866142378
 10
6.536318897613782
 20
1.93380146863866
 30
0.0630480162299855
 10
6.536318897612875
 20
1.924713365227591
 30
0.083324408351266
 10
6.536318897612875
 20
1.882740710114489
 30
0.141521305266283
 10
6.536318897600833
 20
1.851630174645099
 30
0.1713980820333992
 10
6.536318897600833
 20
1.742005182598714
 30
0.2587655943918384
 10
6.536318897613852
 20
1.661072483383479
 30
0.2930038862200096
 10
6.536318897613852
 20
1.564834283639132
 30
0.329594566290936
 10
6.536318897613853
 20
1.418404907941733
 30
0.3838585723217103
 10
6.536318897613853
 20
1.054166438357287
 30
0.4603698561230692
 10
6.536318897613855
 20
0.8937661644987247
 30
0.4846596338595805
 10
6.536318897613855
 20
0.4170998844769311
 30
0.5384152918419681
 10
6.536318897613853
 20
0.0870852229559989
 30
0.5529644667671088
 10
6.536318897613853
 20
-0.8077728980968789
 30
0.5615199564786244
 10
6.536318897613853
 20
-1.440836858942403
 30
0.5295875548903921
 10
6.536318897613853
 20
-2.721368920237789
 30
0.4151388622004482
 10
6.536318897613853
 20
-3.311118025431986
 30
0.3468008296589428
 10
6.536318897613853
 20
-4.654602235671982
 30
0.1674022485271643
 10
6.536318897613853
 20
-5.220790968347023
 30
0.0719599573213554
 10
6.536318897613853
 20
-5.56792901934799
 30
0.0116924468281614
1001
ACAD_STEPID
1071
        7
  0
SPLINE
  5
E8
330
70
100
AcDbEntity
  8
0
347
7A
100
AcDbSpline
210
1.0
220
0.0000000000000001
230
-0.0000000000005223
 70
     8
 71
     3
 72
    40
 73
    36
 74
     0
 42
0.000000001
 43
0.0000000001
 40
0.0
 40
0.0
 40
0.0
 40
0.0
 40
2.450656328470611
 40
2.450656328470611
 40
4.952248128913092
 40
4.952248128913092
 40
7.88826618087484
 40
7.88826618087484
 40
9.294083613288053
 40
9.294083613288053
 40
11.00015004309026
 40
11.00015004309026
 40
11.67942521222737
 40
11.67942521222737
 40
12.26523664293421
 40
12.26523664293421
 40
12.78325858571433
 40
12.78325858571433
 40
13.13680011835917
 40
13.13680011835917
 40
13.52933245361906
 40
13.52933245361906
 40
14.42927048285876
 40
14.42927048285876
 40
15.81360986871272
 40
15.81360986871272
 40
16.78654101951329
 40
16.78654101951329
 40
17.94656567664682
 40
17.94656567664682
 40
20.27084320855877
 40
20.27084320855877
 40
22.45110992266512
 40
22.45110992266512
 40
25.65976787848868
 40
25.65976787848868
 40
25.65976787848868
 40
25.65976787848868
 10
7.470078740130119
 20
-5.447678556007296
 30
-0.0114404995879991
 10
7.470078740130119
 20
-5.130826368384695
 30
-0.066546589995145
 10
7.470078740129251
 20
-4.482860373082
 30
-0.1772970260672906
 10
7.470078740129251
 20
-2.660903632468518
 30
-0.4123087528248448
 10
7.470078740129825
 20
-1.47002920043266
 30
-0.5376487610049265
 10
7.470078740129825
 20
0.7384033239785711
 30
-0.5524600694125799
 10
7.47007874013012
 20
1.263125123060975
 30
-0.4061584370437057
 10
7.47007874013012
 20
1.494563545051422
 30
-0.3357841836713779
 10
7.47007874013012
 20
1.596459851163071
 30
-0.3019433114659475
 10
7.47007874013012
 20
1.750950841929972
 30
-0.2235603551851208
 10
7.470078740130119
 20
1.811906128500241
 30
-0.1722523086155667
 10
7.470078740130119
 20
1.863732271587336
 30
-0.1120958561111137
 10
7.470078740130119
 20
1.880581432406073
 30
-0.0896623814777155
 10
7.470078740130119
 20
1.902899418907036
 30
-0.0402841748252761
 10
7.470078740130118
 20
1.906420146487122
 30
-0.0214684362019574
 10
7.470078740130118
 20
1.907826668069515
 30
0.0071463202889133
 10
7.470078740130149
 20
1.906563092640717
 30
0.0237472275748921
 10
7.470078740130149
 20
1.895748203901145
 30
0.0572366878859685
 10
7.47007874013095
 20
1.887705295533911
 30
0.0768431882856441
 10
7.47007874013095
 20
1.851130311124349
 30
0.1293973730998148
 10
7.470078740140943
 20
1.824490723928441
 30
0.1576199541753076
 10
7.470078740140943
 20
1.715358655324978
 30
0.2479865539632675
 10
7.47007874013012
 20
1.633941327538785
 30
0.282949249443826
 10
7.47007874013012
 20
1.535634833767398
 30
0.322156700496861
 10
7.470078740130118
 20
1.449315453659691
 30
0.3506680759938787
 10
7.470078740130118
 20
1.316314321923778
 30
0.3883466565408543
 10
7.47007874013012
 20
1.164450085107454
 30
0.4295899392092162
 10
7.47007874013012
 20
0.6039461475360734
 30
0.5119032489487362
 10
7.470078740130119
 20
0.2752759421168196
 30
0.5328161640669756
 10
7.470078740130119
 20
-0.6486021414622113
 30
0.5565281432934878
 10
7.47007874013012
 20
-1.298478395837665
 30
0.5236982120430115
 10
7.47007874013012
 20
-2.50099728069397
 30
0.4243381127439408
 10
7.470078740130118
 20
-3.114189527187497
 30
0.355127551235195
 10
7.470078740130118
 20
-4.533668081538138
 30
0.1685208019125582
 10
7.47007874013012
 20
-5.137401484366989
 30
0.0654030772697509
 10
7.47007874013012
 20
-5.447678952395824
 30
0.0114404426721242
1001
ACAD_STEPID
1071
        8
  0
SPLINE
  5
EB
330
70
100
AcDbEntity
  8
0
347
7A
100
AcDbSpline
210
-1.0
220
0.0000000000000006
230
0.0000000000014916
 70
     8
 71
     3
 72
    38
 73
    34
 74
     0
 42
0.000000001
 43
0.0000000001
 40
0.0
 40
0.0
 40
0.0
 40
0.0
 40
2.409396395878396
 40
2.409396395878396
 40
3.472176212602232
 40
3.472176212602232
 40
4.982005070666418
 40
4.982005070666418
 40
5.852512604414774
 40
5.852512604414774
 40
6.498070716306249
 40
6.498070716306249
 40
6.778358426141729
 40
6.778358426141729
 40
7.094761454860802
 40
7.094761454860802
 40
7.499737828697661
 40
7.499737828697661
 40
7.910552501893662
 40
7.910552501893662
 40
8.559638792730384
 40
8.559638792730384
 40
9.439288601773194
 40
9.439288601773194
 40
10.37346591071997
 40
10.37346591071997
 40
11.76053945429916
 40
11.76053945429916
 40
13.44198346385663
 40
13.44198346385663
 40
15.99846944249315
 40
15.99846944249315
 40
21.43239914361663
 40
21.43239914361663
 40
21.43239914361663
 40
21.43239914361663
 10
8.403838582646384
 20
-5.308073953066537
 30
-0.0111471460923826
 10
8.403838582646384
 20
-4.996554236100914
 30
-0.0653131429227707
 10
8.403838582646134
 20
-3.949764909273623
 30
-0.2457718616732467
 10
8.403838582646134
 20
-2.0730554192041
 30
-0.4476471344538245
 10
8.403838582645549
 20
-1.452956423319031
 30
-0.5005239450413864
 10
8.403838582645549
 20
-0.0404340853151131
 30
-0.5507493998864037
 10
8.403838582646384
 20
0.5089789435133451
 30
-0.5090314605216392
 10
8.403838582646384
 20
1.137553688829396
 30
-0.3783727229870551
 10
8.403838582646384
 20
1.274697428524934
 30
-0.3227144717059491
 10
8.403838582646384
 20
1.377676003159493
 30
-0.2785559732430762
 10
8.403838582646384
 20
1.453380597417365
 30
-0.2428876645717426
 10
8.403838582646384
 20
1.551413112157638
 30
-0.151961492423472
 10
8.403838582646384
 20
1.573844866839054
 30
-0.1246787530305451
 10
8.403838582646384
 20
1.60781190744821
 30
-0.069509989473666
 10
8.403838582646384
 20
1.614831159443906
 30
-0.0465362468591832
 10
8.403838582646384
 20
1.622297754147627
 30
-0.0111196427890039
 10
8.403838582646384
 20
1.622505553028116
 30
0.0082711186022961
 10
8.403838582646384
 20
1.614780378560864
 30
0.0484233008685244
 10
8.40383858264739
 20
1.60697756291541
 30
0.068022236765242
 10
8.40383858264739
 20
1.581454234023244
 30
0.1149349037865413
 10
8.403838582658867
 20
1.559747858016107
 30
0.1417415570456666
 10
8.403838582658867
 20
1.505428952930234
 30
0.1965906855457985
 10
8.403838582646384
 20
1.460047504343009
 30
0.2348796480705561
 10
8.403838582646384
 20
1.314290889504563
 30
0.3100994778527657
 10
8.403838582646384
 20
1.220823364900436
 30
0.3414074060422819
 10
8.403838582646384
 20
1.125625559978281
 30
0.3729467683091727
 10
8.403838582646384
 20
0.984316314736816
 30
0.417034322576752
 10
8.403838582646384
 20
0.4631212711226559
 30
0.5022337063462878
 10
8.403838582646384
 20
0.1518048555570695
 30
0.522502536836115
 10
8.403838582646384
 20
-0.582156669660586
 30
0.5380273438265764
 10
8.403838582646384
 20
-1.174266119452404
 30
0.5191102175465155
 10
8.403838582646384
 20
-3.507197853419531
 30
0.3219398934378714
 10
8.403838582646384
 20
-4.97386324459171
 30
0.0692585620192753
 10
8.403838582646384
 20
-5.308074148069771
 30
0.0111470958746655
1001
ACAD_STEPID
1071
        9
  0
SPLINE
  5
EE
330
70
100
AcDbEntity
  8
0
347
7A
100
AcDbSpline
210
1.0
220
0.0
230
0.0000000000000064
 70
     8
 71
     3
 72
    38
 73
    34
 74
     0
 42
0.000000001
 43
0.0000000001
 40
0.0
 40
0.0
 40
0.0
 40
0.0
 40
2.230122159571474
 40
2.230122159571474
 40
4.659613821161159
 40
4.659613821161159
 40
5.632182183383975
 40
5.632182183383975
 40
6.532480276454991
 40
6.532480276454991
 40
7.930100898546316
 40
7.930100898546316
 40
8.767321036990029
 40
8.767321036990029
 40
9.38954937320641
 40
9.38954937320641
 40
9.815003210158621
 40
9.815003210158621
 40
10.08052907813886
 40
10.08052907813886
 40
10.36047439461227
 40
10.36047439461227
 40
10.97416969469345
 40
10.97416969469345
 40
12.03846148031958
 40
12.03846148031958
 40
13.14346562424773
 40
13.14346562424773
 40
14.56775426875356
 40
14.56775426875356
 40
17.84660666643408
 40
17.84660666643408
 40
30.4376543005327
 40
30.4376543005327
 40
30.4376543005327
 40
30.4376543005327
 10
9.337598425162648
 20
-5.147552909710649
 30
-0.0108089649228363
 10
9.337598425162648
 20
-4.859199345894099
 30
-0.0608705859494314
 10
9.337598425162653
 20
-4.188276596384653
 30
-0.1758395896753118
 10
9.337598425162653
 20
-2.267113230404981
 30
-0.4179884038883423
 10
9.337598425162651
 20
-0.8459972784804815
 30
-0.5630968288329651
 10
9.337598425162651
 20
0.6866600681607121
 30
-0.4727527145299454
 10
9.337598425162649
 20
0.9572674207651825
 30
-0.4213395131943348
 10
9.337598425162649
 20
1.272957852854049
 30
-0.3448591747456031
 10
9.337598425162649
 20
1.409644765197283
 30
-0.2942593289691372
 10
9.337598425162649
 20
1.563913284926045
 30
-0.2210798033586684
 10
9.337598425162648
 20
1.617633473745412
 30
-0.1721624138019387
 10
9.337598425162648
 20
1.667136380408485
 30
-0.1187413029387392
 10
9.337598425162648
 20
1.684397484450726
 30
-0.096118196185838
 10
9.337598425162648
 20
1.706018675515768
 30
-0.0537976459185249
 10
9.337598425162648
 20
1.712889416075398
 30
-0.0343549293923205
 10
9.337598425162648
 20
1.716609114884896
 30
0.0001098892551775
 10
9.337598425162671
 20
1.716240719577685
 30
0.0172714835375061
 10
9.337598425162671
 20
1.706681783126627
 30
0.0508126295809831
 10
9.337598425162225
 20
1.69968925412614
 30
0.069729740669257
 10
9.337598425162225
 20
1.667634869715604
 30
0.1190302894895768
 10
9.337598425157002
 20
1.644243296170104
 30
0.1457991812487586
 10
9.337598425157002
 20
1.546723777398668
 30
0.2311827024425237
 10
9.337598425162649
 20
1.474185922761432
 30
0.264482153826325
 10
9.337598425162649
 20
1.383311865786814
 30
0.3033521729677498
 10
9.337598425162649
 20
1.303065034137868
 30
0.330850537920834
 10
9.337598425162649
 20
1.160484005494633
 30
0.3731208956341352
 10
9.337598425162648
 20
1.022674548831417
 30
0.409676288949642
 10
9.337598425162648
 20
0.518108945667848
 30
0.4857854834348795
 10
9.337598425162651
 20
0.2109763592180378
 30
0.5050696902458132
 10
9.337598425162651
 20
-0.7372236721812289
 30
0.5267165391302648
 10
9.337598425162651
 20
-1.420834399830486
 30
0.478760525759391
 10
9.337598425162651
 20
-3.438721094525933
 30
0.3101206667495444
 10
9.337598425162648
 20
-4.931563713521219
 30
0.0483074775525429
 10
9.337598425162648
 20
-5.147552343382212
 30
0.0108092904766102
1001
ACAD_STEPID
1071
       10
  0
SPLINE
  5
F1
330
70
100
AcDbEntity
  8
0
347
7A
100
AcDbSpline
210
1.0
220
0.0000000000000003
230
-0.0000000000000011
 70
     8
 71
     3
 72
    42
 73
    38
 74
     0
 42
0.000000001
 43
0.0000000001
 40
0.0
 40
0.0
 40
0.0
 40
0.0
 40
2.543413045614014
 40
2.543413045614014
 40
6.685850586648191
 40
6.685850586648191
 40
8.730294504349075
 40
8.730294504349075
 40
9.727294167600833
 40
9.727294167600833
 40
10.99158464317762
 40
10.99158464317762
 40
11.84625691363975
 40
11.84625691363975
 40
12.20409946078633
 40
12.20409946078633
 40
12.45357907017896
 40
12.45357907017896
 40
12.62438089879166
 40
12.62438089879166
 40
12.73872767533856
 40
12.73872767533856
 40
12.86059055371816
 40
12.86059055371816
 40
13.01928348846641
 40
13.01928348846641
 40
13.14373205381782
 40
13.14373205381782
 40
13.28942423286992
 40
13.28942423286992
 40
13.46652396194316
 40
13.46652396194316
 40
13.82539498514075
 40
13.82539498514075
 40
14.16318924043851
 40
14.16318924043851
 40
14.64692569517463
 40
14.64692569517463
 40
14.64692569517463
 40
14.64692569517463
 10
10.27135826767891
 20
-4.964139780015542
 30
-0.0104251475402126
 10
10.27135826767891
 20
-4.635295051556644
 30
-0.0676183329797993
 10
10.27135826767929
 20
-3.987207308674514
 30
-0.1774601745183537
 10
10.27135826767929
 20
-1.664756628902573
 30
-0.4675610853319247
 10
10.27135826767891
 20
-0.5380130251740722
 30
-0.5340840786246354
 10
10.27135826767891
 20
0.8022047819039659
 30
-0.4475093208605911
 10
10.27135826767891
 20
1.069447846438859
 30
-0.3956799551954371
 10
10.27135826767891
 20
1.291838110769841
 30
-0.3426760897618262
 10
10.27135826767891
 20
1.360436452356571
 30
-0.3226903119841978
 10
10.27135826767891
 20
1.512894803650076
 30
-0.2725161731461372
 10
10.27135826767891
 20
1.57448902074935
 30
-0.2481142763446948
 10
10.27135826767891
 20
1.67748748683348
 30
-0.1834020869013079
 10
10.27135826767891
 20
1.720184394652711
 30
-0.1500307658576855
 10
10.27135826767891
 20
1.765352598858329
 30
-0.0972619822062162
 10
10.27135826767891
 20
1.77970981176508
 30
-0.0777736871774361
 10
10.27135826767891
 20
1.797052342069729
 30
-0.0390774612187454
 10
10.27135826767891
 20
1.801748390465519
 30
-0.0224234638320627
 10
10.27135826767891
 20
1.803064475027713
 30
0.0068172545223231
 10
10.27135826767885
 20
1.801875853539296
 30
0.0214061936497479
 10
10.27135826767885
 20
1.792394972411844
 30
0.0504740053701467
 10
10.2713582676776
 20
1.785302034788039
 30
0.0678075099172421
 10
10.2713582676776
 20
1.753481459676725
 30
0.113340156304895
 10
10.27135826766178
 20
1.730411315335922
 30
0.1380978965146513
 10
10.27135826766178
 20
1.66156438672717
 30
0.195305729339651
 10
10.27135826767891
 20
1.610674527564038
 30
0.2310225442829044
 10
10.27135826767891
 20
1.456721773994444
 30
0.2933252149013116
 10
10.27135826767891
 20
1.367022430663578
 30
0.3203001765930838
 10
10.27135826767891
 20
1.261373546979994
 30
0.3502911388106931
 10
10.27135826767891
 20
1.123970210861551
 30
0.3870650861914928
 10
10.27135826767891
 20
0.612886463222191
 30
0.462970339649265
 10
10.27135826767891
 20
0.3104038882175499
 30
0.4831149311722493
 10
10.27135826767891
 20
-0.5434874120986203
 30
0.5084505749824149
 10
10.27135826767891
 20
-1.135875248437595
 30
0.4802030238120891
 10
10.27135826767891
 20
-2.243464284873303
 30
0.3905083180241722
 10
10.27135826767891
 20
-2.810094092447172
 30
0.326974508206658
 10
10.27135826767891
 20
-4.098930321016836
 30
0.158214603545219
 10
10.27135826767891
 20
-4.647283989891985
 30
0.0655330205835509
 10
10.27135826767891
 20
-4.964139948704258
 30
0.0104249178160859
1001
ACAD_STEPID
1071
       11
  0
SPLINE
  5
F4
330
70
100
AcDbEntity
  8
0
347
7A
100
AcDbSpline
210
1.0
220
0.0000000000000002
230
0.0000000000000385
 70
     8
 71
     3
 72
    36
 73
    32
 74
     0
 42
0.000000001
 43
0.0000000001
 40
0.0
 40
0.0
 40
0.0
 40
0.0
 40
2.499176679282654
 40
2.499176679282654
 40
6.544100338527638
 40
6.544100338527638
 40
8.230064140288481
 40
8.230064140288481
 40
9.418085727679265
 40
9.418085727679265
 40
9.948410015729898
 40
9.948410015729898
 40
10.41418861199001
 40
10.41418861199001
 40
11.01209709287963
 40
11.01209709287963
 40
11.51994415087432
 40
11.51994415087432
 40
12.16789293492184
 40
12.16789293492184
 40
13.47624363605556
 40
13.47624363605556
 40
14.5447845081348
 40
14.5447845081348
 40
15.32504149062116
 40
15.32504149062116
 40
16.3446379019134
 40
16.3446379019134
 40
17.53790642943125
 40
17.53790642943125
 40
19.67997151516192
 40
19.67997151516192
 40
19.67997151516192
 40
19.67997151516192
 10
11.20511811019518
 20
-4.755130586753969
 30
-0.0099875125047323
 10
11.20511811019518
 20
-4.432010406547407
 30
-0.0662153328446393
 10
11.2051181101952
 20
-3.523245789915259
 30
-0.2216098202140653
 10
11.2051181101952
 20
-0.5338393216780517
 30
-0.5440175030487464
 10
11.20511811019518
 20
0.3459585923099562
 30
-0.4795117230632919
 10
11.20511811019518
 20
1.022312377164593
 30
-0.3456281501530745
 10
11.20511811019518
 20
1.132453363732869
 30
-0.3053961918293925
 10
11.20511811019518
 20
1.263523437086341
 30
-0.2532922549398556
 10
11.20511811019518
 20
1.324923243725792
 30
-0.2248877322992238
 10
11.20511811019518
 20
1.409938881564122
 30
-0.1550570198297954
 10
11.20511811019518
 20
1.435525848441734
 30
-0.1296492748842281
 10
11.20511811019518
 20
1.472854596387589
 30
-0.0776244196917347
 10
11.20511811019518
 20
1.482071551722374
 30
-0.0569815948392881
 10
11.20511811019518
 20
1.493716352319684
 30
-0.019488008295287
 10
11.20511811019518
 20
1.494367939098475
 30
-0.0021681955344989
 10
11.20511811019518
 20
1.491920473408708
 30
0.0236868863344876
 10
11.20511811019492
 20
1.488791618967515
 30
0.0398832055157768
 10
11.20511811019492
 20
1.468136353557085
 30
0.0862379952017072
 10
11.20511811019186
 20
1.451629316780422
 30
0.1081076135206809
 10
11.20511811019186
 20
1.411593303596069
 30
0.1548996255289392
 10
11.20511811019518
 20
1.375409933342118
 30
0.186174787518715
 10
11.20511811019518
 20
1.299211579261414
 30
0.2351496327151606
 10
11.20511811019518
 20
1.25087832606169
 30
0.2608943106051849
 10
11.20511811019518
 20
1.078360327094558
 30
0.3229293162122691
 10
11.20511811019518
 20
0.9593276525505148
 30
0.3612262597248327
 10
11.20511811019518
 20
0.5046413686007037
 30
0.4426292251279592
 10
11.20511811019518
 20
0.2219209308892837
 30
0.4635023729130707
 10
11.20511811019518
 20
-0.3412605735003606
 30
0.4804498410476385
 10
11.20511811019518
 20
-0.8385636506016052
 30
0.4803741403186352
 10
11.20511811019518
 20
-3.088039203462285
 30
0.2976983279674528
 10
11.20511811019518
 20
-4.45028253766501
 30
0.0630344195797022
 10
11.20511811019518
 20
-4.755129826668851
 30
0.0099862158827233
1001
ACAD_STEPID
1071
       12
  0
SPLINE
  5
F7
330
70
100
AcDbEntity
  8
0
347
7A
100
AcDbSpline
210
1.0
220
0.0
230
0.0
 70
     8
 71
     3
 72
    38
 73
    34
 74
     0
 42
0.000000001
 43
0.0000000001
 40
0.0
 40
0.0
 40
0.0
 40
0.0
 40
2.30997835081937
 40
2.30997835081937
 40
5.656309783691281
 40
5.656309783691281
 40
6.291510653557623
 40
6.291510653557623
 40
7.295503539603036
 40
7.295503539603036
 40
9.172037206562411
 40
9.172037206562411
 40
10.19635416293518
 40
10.19635416293518
 40
10.99337176151428
 40
10.99337176151428
 40
11.79332628004609
 40
11.79332628004609
 40
12.88284660232663
 40
12.88284660232663
 40
14.84882037435851
 40
14.84882037435851
 40
18.85759072796703
 40
18.85759072796703
 40
29.95258602417255
 40
29.95258602417255
 40
67.32277229650148
 40
67.32277229650148
 40
130.5513024732769
 40
130.5513024732769
 40
194.6595350987591
 40
194.6595350987591
 40
286.8662054025315
 40
286.8662054025315
 40
286.8662054025315
 40
286.8662054025315
 10
12.13887795271144
 20
-4.516964521134043
 30
-0.0094824430225749
 10
12.13887795271144
 20
-4.218293441442705
 30
-0.0613818399952869
 10
12.1388779527113
 20
-3.503292862957959
 30
-0.1832055168085833
 10
12.1388779527113
 20
-1.190243286440885
 30
-0.4540910540392792
 10
12.13887795271144
 20
-0.1822586840473256
 30
-0.4898014860959207
 10
12.13887795271144
 20
0.6120171532958033
 30
-0.3967511852924601
 10
12.13887795271144
 20
0.7395151873597446
 30
-0.3765038479199259
 10
12.13887795271144
 20
1.053926031128133
 30
-0.3045382714441929
 10
12.13887795271144
 20
1.181494500648065
 30
-0.2478076598376815
 10
12.13887795271144
 20
1.297069788931178
 30
-0.1867693505820927
 10
12.13887795271144
 20
1.340230172195342
 30
-0.143475471936335
 10
12.13887795271144
 20
1.37634549337631
 30
-0.1004072646068947
 10
12.13887795271144
 20
1.39188584357745
 30
-0.0792334258440912
 10
12.13887795271144
 20
1.41067225911908
 30
-0.0346000799398128
 10
12.13887795271144
 20
1.413932638507662
 30
-0.0174079101092121
 10
12.13887795271144
 20
1.414482537058877
 30
0.0132891685197721
 10
12.13887795271156
 20
1.411716252486341
 30
0.0282186917797121
 10
12.13887795271156
 20
1.400061716702735
 30
0.0625368395603356
 10
12.13887795271314
 20
1.389438371566866
 30
0.0812229722614375
 10
12.13887795271314
 20
1.355158498399934
 30
0.1287077206116475
 10
12.13887795273164
 20
1.32665648743235
 30
0.1552901042956452
 10
12.13887795273164
 20
1.246781156026682
 30
0.2177785079336975
 10
12.13887795271144
 20
1.191022973224143
 30
0.2435257574568908
 10
12.13887795271144
 20
0.9730887565168391
 30
0.3282672834921743
 10
12.13887795271144
 20
0.8311959408914471
 30
0.35605776133045
 10
12.13887795271144
 20
0.5479349464722763
 30
0.4110023996398695
 10
12.13887795271144
 20
0.2955658491224676
 30
0.436184006321191
 10
12.13887795271144
 20
-0.4782751291921358
 30
0.4637625819293686
 10
12.13887795271144
 20
-1.028810808928409
 30
0.4362303910772149
 10
12.13887795271144
 20
-2.010613118671586
 30
0.3583725510057455
 10
12.13887795271144
 20
-2.531837413597832
 30
0.30035227287318
 10
12.13887795271144
 20
-3.724208338919512
 30
0.1449193160923711
 10
12.13887795271144
 20
-4.231759606940221
 30
0.0590451163924018
 10
12.13887795271144
 20
-4.516967949495693
 30
0.0094854538474073
1001
ACAD_STEPID
1071
       13
  0
SPLINE
  5
FA
330
70
100
AcDbEntity
  8
0
347
7A
100
AcDbSpline
210
-1.0
220
0.0000000000000002
230
0.0000000000010875
 70
     8
 71
     3
 72
    42
 73
    38
 74
     0
 42
0.000000001
 43
0.0000000001
 40
0.0
 40
0.0
 40
0.0
 40
0.0
 40
2.031150396422689
 40
2.031150396422689
 40
3.8122051000066
 40
3.8122051000066
 40
5.779142098692611
 40
5.779142098692611
 40
6.926389158375842
 40
6.926389158375842
 40
8.461337924128399
 40
8.461337924128399
 40
9.153297275130107
 40
9.153297275130107
 40
9.53657896005345
 40
9.53657896005345
 40
9.751720766652898
 40
9.751720766652898
 40
9.876782102644906
 40
9.876782102644906
 40
9.985678172892079
 40
9.985678172892079
 40
10.11493206340319
 40
10.11493206340319
 40
10.28426923103516
 40
10.28426923103516
 40
10.49672188935026
 40
10.49672188935026
 40
10.67100610825813
 40
10.67100610825813
 40
10.88573325551444
 40
10.88573325551444
 40
11.32203262914026
 40
11.32203262914026
 40
11.73179286048181
 40
11.73179286048181
 40
12.31743319327099
 40
12.31743319327099
 40
12.31743319327099
 40
12.31743319327099
 10
13.07263779522771
 20
-4.244769641080176
 30
-0.0089115849460559
 10
13.07263779522771
 20
-3.982136449634169
 30
-0.054468861813697
 10
13.07263779522718
 20
-3.473730224646578
 30
-0.1407227016585071
 10
13.07263779522718
 20
-2.153613684928717
 30
-0.3100020862885516
 10
13.07263779522721
 20
-1.447236891285102
 30
-0.3837602126769191
 10
13.07263779522721
 20
-0.1121687847292098
 30
-0.4428311472019779
 10
13.07263779522771
 20
0.3764297774468415
 30
-0.4109405243305546
 10
13.07263779522771
 20
0.8480502601646012
 30
-0.3526621618120567
 10
13.07263779522771
 20
0.9664515711298246
 30
-0.32890157141047
 10
13.07263779522771
 20
1.140985640213131
 30
-0.2891889495709083
 10
13.07263779522771
 20
1.302581966030667
 30
-0.2441718313590821
 10
13.07263779522771
 20
1.433948018542261
 30
-0.1717320346442119
 10
13.07263779522771
 20
1.47214863711687
 30
-0.1441325816446981
 10
13.07263779522771
 20
1.517933279878816
 30
-0.0990331784741625
 10
13.07263779522771
 20
1.533513060391419
 30
-0.0806007515519942
 10
13.07263779522771
 20
1.551237696460782
 30
-0.0495336219728958
 10
13.07263779522771
 20
1.558539098903672
 30
-0.034246317881848
 10
13.07263779522771
 20
1.563252614154731
 30
-0.0056855744681086
 10
13.07263779522771
 20
1.563818641886361
 30
0.007635237298536
 10
13.07263779522771
 20
1.556744310569692
 30
0.0374069391412585
 10
13.07263779522833
 20
1.550709296215009
 30
0.0508523909085512
 10
13.07263779522833
 20
1.534906320175427
 30
0.0776009851755831
 10
13.07263779523525
 20
1.521206369991924
 30
0.0963484932915537
 10
13.07263779523525
 20
1.468047849548118
 30
0.1473643789912267
 10
13.07263779522771
 20
1.427091436246312
 30
0.1769723420297494
 10
13.07263779522771
 20
1.319004704236093
 30
0.2327169915144608
 10
13.07263779522771
 20
1.232799055330754
 30
0.2599947165855998
 10
13.07263779522771
 20
1.114453972841179
 30
0.2946136266119387
 10
13.07263779522771
 20
0.999116325802753
 30
0.3262828210597828
 10
13.07263779522771
 20
0.5635560087152923
 30
0.3930774568695724
 10
13.0726377952277
 20
0.3034260545121625
 30
0.411180193575293
 10
13.0726377952277
 20
-0.4267714967021234
 30
0.4350654986153249
 10
13.07263779522771
 20
-0.9309968084399788
 30
0.4125703365021664
 10
13.07263779522771
 20
-1.889716911185772
 30
0.3364022306010304
 10
13.07263779522771
 20
-2.380301770331965
 30
0.2817884444080513
 10
13.07263779522771
 20
-3.493634126854777
 30
0.1367861386919793
 10
13.07263779522771
 20
-3.968379024853653
 30
0.0568579379050833
 10
13.07263779522771
 20
-4.244771457361578
 30
0.0089142267088697
1001
ACAD_STEPID
1071
       14
  0
SPLINE
  5
FD
330
70
100
AcDbEntity
  8
0
347
7A
100
AcDbSpline
210
1.0
220
0.0
230
0.0000000000000088
 70
     8
 71
     3
 72
    38
 73
    34
 74
     0
 42
0.000000001
 43
0.0000000001
 40
0.0
 40
0.0
 40
0.0
 40
0.0
 40
1.246013160299294
 40
1.246013160299294
 40
1.558069505436872
 40
1.558069505436872
 40
1.715821405555037
 40
1.715821405555037
 40
1.857198177946148
 40
1.857198177946148
 40
1.986063862234253
 40
1.986063862234253
 40
2.037570045088874
 40
2.037570045088874
 40
2.083125190144036
 40
2.083125190144036
 40
2.147570386607565
 40
2.147570386607565
 40
2.19898533701895
 40
2.19898533701895
 40
2.262645204521201
 40
2.262645204521201
 40
2.400319083387459
 40
2.400319083387459
 40
2.567222200527378
 40
2.567222200527378
 40
2.712111468366785
 40
2.712111468366785
 40
2.918818054533343
 40
2.918818054533343
 40
3.176730965494201
 40
3.176730965494201
 40
3.661843798648842
 40
3.661843798648842
 40
3.661843798648842
 40
3.661843798648842
 10
14.00639763774397
 20
-3.93157858150666
 30
-0.0082713095751217
 10
14.00639763774397
 20
-3.770497392899759
 30
-0.0364003785767957
 10
14.00639763774397
 20
-2.533109787751517
 30
-0.254780559359788
 10
14.00639763774397
 20
-0.9448738447924343
 30
-0.3754466787468249
 10
14.00639763774397
 20
-0.4149801257714485
 30
-0.4074778966813401
 10
14.00639763774397
 20
0.3359057133944238
 30
-0.3753257580307802
 10
14.00639763774397
 20
0.5588198068021527
 30
-0.3521163047371731
 10
14.00639763774397
 20
0.9285111724122216
 30
-0.279099082362229
 10
14.00639763774397
 20
1.036760644645498
 30
-0.2380418511129905
 10
14.00639763774397
 20
1.115496972801224
 30
-0.207040206098702
 10
14.00639763774397
 20
1.1709915131643
 30
-0.1824917638576535
 10
14.00639763774397
 20
1.24498409223987
 30
-0.12125295778208
 10
14.00639763774397
 20
1.265418191037702
 30
-0.1009246543892983
 10
14.00639763774397
 20
1.295383886997993
 30
-0.0587360781773163
 10
14.00639763774397
 20
1.301952857378725
 30
-0.042985764362247
 10
14.00639763774397
 20
1.310628601828288
 30
-0.0149808031938514
 10
14.00639763774397
 20
1.311090973552001
 30
-0.0015253172073808
 10
14.00639763774397
 20
1.309235303825518
 30
0.0178950922242493
 10
14.00639763774389
 20
1.30690629170468
 30
0.0307047222740693
 10
14.00639763774389
 20
1.29064156118454
 30
0.0670947313200878
 10
14.00639763774291
 20
1.277897799790267
 30
0.084079128315809
 10
14.00639763774291
 20
1.243818846198859
 30
0.1239056722898476
 10
14.00639763772918
 20
1.213848624538097
 30
0.148522057424228
 10
14.00639763772918
 20
1.147289782150834
 30
0.1923448749358383
 10
14.00639763774397
 20
1.102308526861248
 30
0.21480956684815
 10
14.00639763774397
 20
0.9391293190941336
 30
0.2708205753250179
 10
14.00639763774397
 20
0.8398178458068445
 30
0.2993285948851239
 10
14.00639763774397
 20
0.4710083492063686
 30
0.3637050844326378
 10
14.00639763774397
 20
0.2340474249111774
 30
0.3814437755378876
 10
14.00639763774397
 20
-0.2543105957505298
 30
0.397675506081137
 10
14.00639763774397
 20
-0.6666151497966581
 30
0.3988251056839522
 10
14.00639763774397
 20
-2.57683052173235
 30
0.2468899792151356
 10
14.00639763774397
 20
-3.768003418834539
 30
0.0368160238230308
 10
14.00639763774397
 20
-3.931559722433282
 30
0.0082534188290293
1001
ACAD_STEPID
1071
       15
  0
SPLINE
  5
100
330
70
100
AcDbEntity
  8
0
347
7A
100
AcDbSpline
210
1.0
220
-0.0000000000000007
230
0.0000000000002199
 70
     8
 71
     3
 72
    38
 73
    34
 74
     0
 42
0.000000001
 43
0.0000000001
 40
0.0
 40
0.0
 40
0.0
 40
0.0
 40
1.88776718648676
 40
1.88776718648676
 40
2.642330072885984
 40
2.642330072885984
 40
3.243294749999166
 40
3.243294749999166
 40
3.574916149620844
 40
3.574916149620844
 40
4.534477147542702
 40
4.534477147542702
 40
7.141561888701789
 40
7.141561888701789
 40
8.679296088926214
 40
8.679296088926214
 40
10.17868564539127
 40
10.17868564539127
 40
12.27553573965173
 40
12.27553573965173
 40
15.8990281395529
 40
15.8990281395529
 40
21.34508375571348
 40
21.34508375571348
 40
28.0833747074236
 40
28.0833747074236
 40
33.37755577978766
 40
33.37755577978766
 40
39.77959963416901
 40
39.77959963416901
 40
47.07440558417249
 40
47.07440558417249
 40
59.96479640175746
 40
59.96479640175746
 40
59.96479640175746
 40
59.96479640175746
 10
14.94015748026023
 20
-3.566314478959219
 30
-0.0074803051303236
 10
14.94015748026023
 20
-3.322228259092716
 30
-0.0498627274350625
 10
14.94015748026025
 20
-2.551433961502337
 30
-0.1816070503229664
 10
14.94015748026025
 20
-1.252084995354594
 30
-0.3126507206353852
 10
14.94015748026032
 20
-0.8519284172020443
 30
-0.3437877199929508
 10
14.94015748026032
 20
-0.1738197475989699
 30
-0.3611332006109349
 10
14.94015748026024
 20
0.1717321834059826
 30
-0.3569054081096917
 10
14.94015748026024
 20
0.6330201850164971
 30
-0.2800531776534489
 10
14.94015748026024
 20
0.7294178346920299
 30
-0.247841321870346
 10
14.94015748026024
 20
0.8830383464550207
 30
-0.1933284366363887
 10
14.94015748026024
 20
0.9235747438037709
 30
-0.1630897769363191
 10
14.94015748026024
 20
0.9643927158279026
 30
-0.1340924452836527
 10
14.94015748026023
 20
0.9905395826791952
 30
-0.1091324642498614
 10
14.94015748026023
 20
1.020360450435795
 30
-0.0681156683427113
 10
14.94015748026024
 20
1.029877105353904
 30
-0.0511834920086341
 10
14.94015748026024
 20
1.040990494033127
 30
-0.0157319419811318
 10
14.94015748026024
 20
1.041410024297616
 30
-0.0016580965973825
 10
14.94015748026024
 20
1.039014495190357
 30
0.0244831968698794
 10
14.94015748026007
 20
1.034471224327237
 30
0.0377609076303989
 10
14.94015748026007
 20
1.021667752033611
 30
0.0667083512049359
 10
14.94015748025815
 20
1.009877782108688
 30
0.0838359707991777
 10
14.94015748025815
 20
0.9771840521934979
 30
0.1220825751499731
 10
14.94015748023651
 20
0.9494597838447379
 30
0.1469841452764129
 10
14.94015748023651
 20
0.869760181522319
 30
0.1963175515740431
 10
14.94015748026024
 20
0.8207788593309201
 30
0.2152749397727052
 10
14.94015748026024
 20
0.7336242438727389
 30
0.2464554491698022
 10
14.94015748026024
 20
0.641191647187911
 30
0.2776212977869297
 10
14.94015748026024
 20
0.29524465598107
 30
0.3374924439958246
 10
14.94015748026024
 20
0.0861071268047837
 30
0.3514229700361318
 10
14.94015748026024
 20
-0.3248373136109702
 30
0.3597991903580109
 10
14.94015748026024
 20
-0.6966781984032985
 30
0.3563952421407344
 10
14.94015748026024
 20
-2.341843277949096
 30
0.2172097039306402
 10
14.94015748026023
 20
-3.315690750107292
 30
0.0510112713911852
 10
14.94015748026023
 20
-3.56632904203241
 30
0.0074928026707538
1001
ACAD_STEPID
1071
       16
  0
SPLINE
  5
103
330
70
100
AcDbEntity
  8
0
347
7A
100
AcDbSpline
210
1.0
220
-0.000000000000001
230
-0.000000000000457
 70
     8
 71
     3
 72
    40
 73
    36
 74
     0
 42
0.000000001
 43
0.0000000001
 40
0.0
 40
0.0
 40
0.0
 40
0.0
 40
1.359791524546515
 40
1.359791524546515
 40
3.490003595297234
 40
3.490003595297234
 40
4.398684746461199
 40
4.398684746461199
 40
4.985740944519577
 40
4.985740944519577
 40
5.541891813565688
 40
5.541891813565688
 40
5.818521031387331
 40
5.818521031387331
 40
6.077261705352582
 40
6.077261705352582
 40
6.465400946309439
 40
6.465400946309439
 40
6.926910555228822
 40
6.926910555228822
 40
7.656764672244061
 40
7.656764672244061
 40
9.056759529916446
 40
9.056759529916446
 40
11.98129819136907
 40
11.98129819136907
 40
16.56727857108188
 40
16.56727857108188
 40
22.88931279936422
 40
22.88931279936422
 40
35.87674752987167
 40
35.87674752987167
 40
54.80894410497683
 40
54.80894410497683
 40
82.32362319635587
 40
82.32362319635587
 40
82.32362319635587
 40
82.32362319635587
 10
15.8739173227765
 20
-3.169894616818592
 30
-0.0065383812509594
 10
15.8739173227765
 20
-2.99400564782895
 30
-0.0366646377473016
 10
15.8739173227354
 20
-2.625567412478827
 30
-0.0995513260951394
 10
15.8739173227354
 20
-1.225650251204637
 30
-0.2776952706130876
 10
15.87391732277636
 20
-0.5697303638358275
 30
-0.3216767971844725
 10
15.87391732277636
 20
0.180137093525006
 30
-0.3041343695755987
 10
15.87391732277644
 20
0.4324804016849562
 30
-0.2870086551442458
 10
15.87391732277644
 20
0.7958280402854276
 30
-0.215586314854428
 10
15.8739173227765
 20
0.8886051407026554
 30
-0.1807305095299105
 10
15.8739173227765
 20
0.9395620122136707
 30
-0.1607199667644897
 10
15.8739173227765
 20
0.9820702269575798
 30
-0.1423269475815474
 10
15.8739173227765
 20
1.044682186766421
 30
-0.0931613846180013
 10
15.8739173227765
 20
1.061165445023696
 30
-0.0765220218298637
 10
15.8739173227765
 20
1.084311459431636
 30
-0.0449431679926767
 10
15.8739173227765
 20
1.089314595136606
 30
-0.0330520919311718
 10
15.8739173227765
 20
1.096029929871301
 30
-0.0127682342599594
 10
15.8739173227765
 20
1.096613542832996
 30
-0.0027334180625476
 10
15.8739173227765
 20
1.095291413069802
 30
0.0149704699139198
 10
15.87391732277698
 20
1.092720760711419
 30
0.0241630405600979
 10
15.87391732277698
 20
1.082890035800558
 30
0.047143298631262
 10
15.87391732278368
 20
1.074284268710499
 30
0.0594155612527281
 10
15.87391732278368
 20
1.048827262878105
 30
0.0898555013492047
 10
15.87391732277651
 20
1.027168069990322
 30
0.1080457414961327
 10
15.87391732277651
 20
0.9607795944935626
 30
0.1539564577206993
 10
15.8739173227765
 20
0.9156079816920948
 30
0.1712064249122607
 10
15.8739173227765
 20
0.796920212004623
 30
0.211197028013466
 10
15.8739173227765
 20
0.7190208495402104
 30
0.2324352830942441
 10
15.8739173227765
 20
0.4495801222956445
 30
0.2800988962583463
 10
15.8739173227765
 20
0.2688703274382424
 30
0.2976407121215087
 10
15.8739173227765
 20
-0.3565080380943378
 30
0.322998245597231
 10
15.8739173227765
 20
-0.7858384710082075
 30
0.2963699542230036
 10
15.8739173227765
 20
-1.3787320608455
 30
0.2516910524057519
 10
15.8739173227765
 20
-1.75257063152798
 30
0.2109290936920812
 10
15.8739173227765
 20
-2.602301063513086
 30
0.1021935458758879
 10
15.8739173227765
 20
-2.968626040830312
 30
0.0410865753637895
 10
15.8739173227765
 20
-3.169971522814344
 30
0.0066078738001608
1001
ACAD_STEPID
1071
       17
  0
SPLINE
  5
106
330
70
100
AcDbEntity
  8
0
347
7A
100
AcDbSpline
210
1.0
220
0.0
230
0.0
 70
     8
 71
     3
 72
    40
 73
    36
 74
     0
 42
0.000000001
 43
0.0000000001
 40
0.0
 40
0.0
 40
0.0
 40
0.0
 40
0.8659798712803432
 40
0.8659798712803432
 40
1.32043830650894
 40
1.32043830650894
 40
1.563920855078542
 40
1.563920855078542
 40
1.739482457007683
 40
1.739482457007683
 40
1.844816932237098
 40
1.844816932237098
 40
1.881425402298877
 40
1.881425402298877
 40
1.894994746866424
 40
1.894994746866424
 40
1.907305165201889
 40
1.907305165201889
 40
1.919191602056649
 40
1.919191602056649
 40
1.92609590959541
 40
1.92609590959541
 40
1.932393746824147
 40
1.932393746824147
 40
1.937137417642316
 40
1.937137417642316
 40
1.9425436346541
 40
1.9425436346541
 40
1.948519255007446
 40
1.948519255007446
 40
1.955717062020601
 40
1.955717062020601
 40
1.970098953783216
 40
1.970098953783216
 40
2.008601430840077
 40
2.008601430840077
 40
2.008601430840077
 40
2.008601430840077
 10
16.80767716529277
 20
-2.774171283642394
 30
-0.0055420652140012
 10
16.80767716529277
 20
-2.662286079890077
 30
-0.0254678146451343
 10
16.80767716529268
 20
-1.911122198282099
 30
-0.1605538270490138
 10
16.80767716529268
 20
-0.6750502611229448
 30
-0.2623801827022639
 10
16.80767716528179
 20
-0.3669951110694688
 30
-0.2666833686742149
 10
16.80767716528179
 20
0.0575968441863149
 30
-0.2483117630661488
 10
16.80767716529258
 20
0.2170725183382379
 30
-0.2350969102160424
 10
16.80767716529258
 20
0.4723656687916673
 30
-0.1893730851399183
 10
16.80767716529277
 20
0.5346169092372584
 30
-0.1704475024620509
 10
16.80767716529277
 20
0.6199303009462483
 30
-0.1417524242872287
 10
16.80767716529277
 20
0.6553065120197472
 30
-0.1282496689697674
 10
16.80767716529277
 20
0.7043856291933511
 30
-0.0957626670079827
 10
16.80767716529277
 20
0.7254770900819269
 30
-0.0806872847120163
 10
16.80767716529277
 20
0.7497479928263835
 30
-0.0536804782576717
 10
16.80767716529277
 20
0.757911685313254
 30
-0.0435660618768823
 10
16.80767716529277
 20
0.7694981404667339
 30
-0.0203661917889234
 10
16.80767716529277
 20
0.7712599885463936
 30
-0.0116477938404073
 10
16.80767716529277
 20
0.772411477897255
 30
0.0002220776190921
 10
16.80767716529275
 20
0.7723073082997684
 30
0.0080043605256963
 10
16.80767716529275
 20
0.7678806530984202
 30
0.0230977702884508
 10
16.80767716529621
 20
0.7646912390622422
 30
0.0316205577983801
 10
16.80767716529621
 20
0.7512032668448406
 30
0.052239788797063
 10
16.80767716529277
 20
0.7411857765322494
 30
0.0645064272571877
 10
16.80767716529277
 20
0.7142241210856399
 30
0.0884368727802522
 10
16.80767716529277
 20
0.6881303314086502
 30
0.1102840947204665
 10
16.80767716529277
 20
0.5935727095822454
 30
0.1540808649751475
 10
16.80767716529277
 20
0.5240310282982663
 30
0.1726767105055528
 10
16.80767716529277
 20
0.47081895348523
 30
0.1869177203207379
 10
16.80767716529277
 20
0.3966844515339715
 30
0.2058051410803794
 10
16.80767716529277
 20
0.125061882172695
 30
0.2440682422357195
 10
16.80767716529277
 20
-0.0297862848927213
 30
0.2537550093513358
 10
16.80767716529277
 20
-0.4899783339805647
 30
0.2663474713635649
 10
16.80767716529277
 20
-0.791076941060691
 30
0.2526464256724612
 10
16.80767716529277
 20
-1.908182126286658
 30
0.1610460742907214
 10
16.80767716529277
 20
-2.663875293145493
 30
0.0249841817393631
 10
16.80767716529277
 20
-2.773966124279531
 30
0.0053644801904649
1001
ACAD_STEPID
1071
       18
  0
SPLINE
  5
109
330
70
100
AcDbEntity
  8
0
347
7A
100
AcDbSpline
210
-1.0
220
-0.000000000001964
230
0.0000000003424591
 70
     8
 71
     3
 72
    38
 73
    34
 74
     0
 42
0.000000001
 43
0.0000000001
 40
0.0
 40
0.0
 40
0.0
 40
0.0
 40
1.811893347770006
 40
1.811893347770006
 40
3.974502001084575
 40
3.974502001084575
 40
7.608930001181583
 40
7.608930001181583
 40
11.95592875887037
 40
11.95592875887037
 40
14.86348167409875
 40
14.86348167409875
 40
16.48644494974597
 40
16.48644494974597
 40
17.56523235957594
 40
17.56523235957594
 40
18.53000396410447
 40
18.53000396410447
 40
19.03150854233606
 40
19.03150854233606
 40
19.56456696104687
 40
19.56456696104687
 40
21.00153807525831
 40
21.00153807525831
 40
23.00589331731174
 40
23.00589331731174
 40
24.90798281533839
 40
24.90798281533839
 40
27.96780598111971
 40
27.96780598111971
 40
32.04893720663314
 40
32.04893720663314
 40
39.04364963699475
 40
39.04364963699475
 40
39.04364963699475
 40
39.04364963699475
 10
17.74143700780903
 20
-2.377773598928186
 30
-0.0039922172634941
 10
17.74143700780903
 20
-2.143530818257849
 30
-0.0448609884459743
 10
17.74143700774674
 20
-1.947858923013489
 30
-0.0732470726997973
 10
17.74143700774674
 20
-1.583818640071238
 30
-0.1212643672486891
 10
17.74143700774308
 20
-1.381075714926818
 30
-0.1441389222886531
 10
17.74143700774308
 20
-0.8557437007565248
 30
-0.187859218940971
 10
17.74143700775401
 20
-0.6674785252924372
 30
-0.1865463294306963
 10
17.74143700775401
 20
-0.4886174934429612
 30
-0.1828380252387353
 10
17.74143700780836
 20
-0.3822491689174008
 30
-0.1746368097537579
 10
17.74143700780836
 20
-0.2246506650299577
 30
-0.1405573479192949
 10
17.74143700780902
 20
-0.1796862911843479
 30
-0.1241964610741459
 10
17.74143700780902
 20
-0.1260695946725005
 30
-0.0986104187577122
 10
17.74143700780903
 20
-0.1040010434812776
 30
-0.08649617488969
 10
17.74143700780903
 20
-0.0700086220164263
 30
-0.0517686016884835
 10
17.74143700780903
 20
-0.0632494575245165
 30
-0.0403216656616761
 10
17.74143700780903
 20
-0.0559555849916773
 30
-0.0258664434527287
 10
17.74143700780903
 20
-0.0522772593051842
 30
-0.0166942004102956
 10
17.74143700780903
 20
-0.0506065020422353
 30
-0.0006984965260936
 10
17.74143700780837
 20
-0.0504957028189409
 30
0.0074040638722087
 10
17.74143700780837
 20
-0.0565788852678056
 30
0.0286575346403158
 10
17.74143700780903
 20
-0.0618998831404738
 30
0.0377563756982513
 10
17.74143700780903
 20
-0.0758112812457565
 30
0.0591407700962853
 10
17.74143700780903
 20
-0.0886247791753478
 30
0.0711488825904978
 10
17.74143700780903
 20
-0.1110118083087501
 30
0.0894512873187081
 10
17.74143700780903
 20
-0.1281794284977984
 30
0.1003911006655468
 10
17.74143700780903
 20
-0.1854583855232532
 30
0.1258015076198064
 10
17.74143700780903
 20
-0.2301756339269473
 30
0.142670229100545
 10
17.74143700780903
 20
-0.415082180476667
 30
0.1800015272996787
 10
17.74143700780903
 20
-0.5360225403125238
 30
0.1841181848838692
 10
17.74143700780903
 20
-0.6842181226913004
 30
0.1863801419359676
 10
17.74143700780903
 20
-0.8720190843426873
 30
0.1869328147329222
 10
17.74143700780903
 20
-1.757917967265588
 30
0.1118860063999826
 10
17.74143700780903
 20
-2.249954658757896
 30
0.0261178273994795
 10
17.74143700780903
 20
-2.377576637565141
 30
0.0038286976654218
1001
ACAD_STEPID
1071
       19
  0
SPLINE
  5
10B
330
70
100
AcDbEntity
  8
0
347
7A
100
AcDbSpline
210
1.0
220
-0.0000000000000005
230
-0.0000000000000065
 70
     8
 71
     3
 72
   120
 73
   116
 74
     0
 42
0.000000001
 43
0.0000000001
 40
0.0
 40
0.0
 40
0.0
 40
0.0
 40
0.0156241056992002
 40
0.0312482113984003
 40
0.0468723170976004
 40
0.0624964227968006
 40
0.0781205284960007
 40
0.0937446341952009
 40
0.109368739894401
 40
0.1249928455936011
 40
0.1406169512928012
 40
0.1562410569920014
 40
0.1718651626912015
 40
0.1874892683904017
 40
0.2031133740896018
 40
0.2187374797888019
 40
0.2343615854880021
 40
0.2499856911872022
 40
0.2656097968864024
 40
0.2812339025856025
 40
0.2968580082848026
 40
0.3124821139840028
 40
0.3202941668336028
 40
0.3281062196832029
 40
0.335918272532803
 40
0.3437303253824031
 40
0.3515423782320031
 40
0.3593544310816032
 40
0.3671664839312033
 40
0.3749785367808033
 40
0.3827905896304034
 40
0.3906026424800035
 40
0.3984146953296035
 40
0.4062267481792036
 40
0.4140388010288037
 40
0.4218508538784038
 40
0.4296629067280039
 40
0.4374749595776039
 40
0.441380986002404
 40
0.4452870124272039
 40
0.449193038852004
 40
0.4530990652768041
 40
0.4570050917016041
 40
0.4609111181264042
 40
0.4648171445512041
 40
0.4687231709760042
 40
0.4726291974008042
 40
0.4765352238256043
 40
0.4804412502504042
 40
0.4823942634628044
 40
0.4843472766752043
 40
0.4863002898876045
 40
0.4882533031000043
 40
0.4902063163124045
 40
0.4921593295248044
 40
0.4941123427372045
 40
0.4960653559496044
 40
0.4980183691620045
 40
0.4999713823744045
 40
0.5019246191620044
 40
0.5038778559496043
 40
0.5058310927372043
 40
0.5077843295248044
 40
0.5097375663124044
 40
0.5116908031000042
 40
0.5136440398876044
 40
0.5155972766752044
 40
0.5175505134628044
 40
0.5195037502504043
 40
0.5234102238256041
 40
0.5273166974008042
 40
0.5312231709760043
 40
0.5351296445512043
 40
0.5390361181264041
 40
0.5429425917016041
 40
0.5468490652768043
 40
0.550755538852004
 40
0.5546620124272038
 40
0.558568486002404
 40
0.5624749595776039
 40
0.5702879067280038
 40
0.5781008538784038
 40
0.5859138010288038
 40
0.5937267481792036
 40
0.6015396953296034
 40
0.6093526424800036
 40
0.6171655896304033
 40
0.6249785367808034
 40
0.6327914839312033
 40
0.6406044310816032
 40
0.6484173782320032
 40
0.6562303253824032
 40
0.664043272532803
 40
0.6718562196832031
 40
0.6874821139840029
 40
0.7031080082848027
 40
0.7187339025856026
 40
0.7343597968864025
 40
0.7499856911872024
 40
0.765611585488002
 40
0.781237479788802
 40
0.7968633740896019
 40
0.8124892683904016
 40
0.8281151626912016
 40
0.8437410569920015
 40
0.8593669512928013
 40
0.8749928455936013
 40
0.8906187398944009
 40
0.9062446341952007
 40
0.9218705284960007
 40
0.9374964227968005
 40
0.9531223170976005
 40
0.9687482113984001
 40
0.9843741056992001
 40
1.0
 40
1.0
 40
1.0
 40
1.0
 10
-0.0000000000000032
 20
-5.9438976377715
 30
-0.0124821850394299
 10
-0.0000000000000002
 20
-5.860292387776259
 30
-0.0270145980886888
 10
0.0000000000000004
 20
-5.693068022009095
 30
-0.0559852369112928
 10
0.0000000000000003
 20
-5.441885604624646
 30
-0.0974403709024769
 10
0.0000000000000027
 20
-5.190489261761761
 30
-0.1375729091913835
 10
-0.0000000000000016
 20
-4.938854687757141
 30
-0.1762098123425555
 10
-0.0000000000000004
 20
-4.68701912686139
 30
-0.2135196927081584
 10
0.0000000000000005
 20
-4.434984482001332
 30
-0.2494784125129018
 10
0.0000000000000001
 20
-4.182766637664768
 30
-0.2841378901135811
 10
-0.0000000000000011
 20
-3.930369758794388
 30
-0.3174825095910032
 10
0.0000000000000049
 20
-3.677800463450412
 30
-0.3495048126257156
 10
-0.000000000000003
 20
-3.425060657291898
 30
-0.3801635386574835
 10
0.0000000000000019
 20
-3.172151873974775
 30
-0.4094048836287502
 10
-0.0000000000000005
 20
-2.919073413334789
 30
-0.4371489957464109
 10
-0.0000000000000008
 20
-2.665824103288417
 30
-0.4632954838452627
 10
0.0000000000000008
 20
-2.412401923757757
 30
-0.4877178154075585
 10
-0.0000000000000008
 20
-2.158805240329545
 30
-0.510263202567808
 10
0.0000000000000005
 20
-1.905033272901564
 30
-0.530748942554499
 10
0.0
 20
-1.651087388159294
 30
-0.5489593410736396
 10
0.000000000000003
 20
-1.396972281584326
 30
-0.5646414530751049
 10
-0.0000000000000016
 20
-1.142698117902403
 30
-0.5774986241930416
 10
0.000000000000001
 20
-0.9306851674844962
 30
-0.5855700199530291
 10
-0.0000000000000029
 20
-0.7610190130845556
 30
-0.5902361191020712
 10
0.0000000000000016
 20
-0.6337469274234165
 30
-0.5927806133171601
 10
0.0000000000000011
 20
-0.5064585640209397
 30
-0.5943073385622573
 10
0.0000000000000005
 20
-0.3791619145830742
 30
-0.5947461627765718
 10
0.0000000000000018
 20
-0.2518666415709126
 30
-0.5940205419650254
 10
0.0000000000000007
 20
-0.1245846848956124
 30
-0.592045476408337
 10
-0.0000000000000025
 20
0.0026692968640484
 30
-0.5887263369063529
 10
0.0000000000000033
 20
0.1298772008447464
 30
-0.5839575171298708
 10
0.0000000000000011
 20
0.2570165645266749
 30
-0.5776182762623861
 10
0.0
 20
0.3840595741383074
 30
-0.5695729272982894
 10
-0.0000000000000004
 20
0.5109710268226419
 30
-0.5596647052476368
 10
-0.0000000000000003
 20
0.6377064329979873
 30
-0.5477068508613707
 10
0.0000000000000036
 20
0.764207031006864
 30
-0.5334751292247958
 10
-0.0000000000000037
 20
0.8904027957025403
 30
-0.5167451200019113
 10
0.0000000000000014
 20
1.016183208244509
 30
-0.4971219038863726
 10
-0.0000000000000059
 20
1.12053339907735
 30
-0.4780041846399445
 10
-0.0000000000000009
 20
1.20365853725452
 30
-0.4609174864181782
 10
-0.0000000000000002
 20
1.265795409567116
 30
-0.4471303651868006
 10
0.0000000000000016
 20
1.327651061408821
 30
-0.4321293083709053
 10
0.000000000000002
 20
1.389151670055033
 30
-0.4157249007116961
 10
0.0000000000000026
 20
1.45019941325778
 30
-0.3977126631619227
 10
0.0000000000000012
 20
1.510811942368527
 30
-0.3782838964401534
 10
0.0000000000000013
 20
1.570947717825339
 30
-0.3574360152044212
 10
0.0000000000000028
 20
1.630683513569918
 30
-0.3354571054400876
 10
-0.0000000000000028
 20
1.689430359645006
 30
-0.3109070775943404
 10
0.0000000000000015
 20
1.746300509965551
 30
-0.2822123684013882
 10
-0.0000000000000002
 20
1.791456271504057
 30
-0.2542950879459828
 10
-0.0000000000000042
 20
1.825971638404561
 30
-0.2295984103852741
 10
-0.0000000000000007
 20
1.850984255969598
 30
-0.2099124067644087
 10
0.0000000000000029
 20
1.874985904322888
 30
-0.1890004955120049
 10
-0.000000000000003
 20
1.897790423891494
 30
-0.1667872807185149
 10
-0.0000000000000022
 20
1.919135323819769
 30
-0.143158581870474
 10
0.0
 20
1.938615057891609
 30
-0.1179615287339388
 10
0.0000000000000001
 20
1.955697307703378
 30
-0.0910629086950765
 10
0.0000000000000001
 20
1.969495233521217
 30
-0.0623074102739243
 10
0.0000000000000004
 20
1.978956159282208
 30
-0.0318220891355157
 10
0.0000000000000009
 20
1.982470848851663
 30
0.0000011984803366
 10
0.000000000000004
 20
1.978955720836523
 30
0.0318257955328165
 10
-0.0000000000000043
 20
1.969492903923999
 30
0.0623140754962395
 10
0.0000000000000017
 20
1.955692437220895
 30
0.0910722738254097
 10
0.0000000000000004
 20
1.938607307335806
 30
0.1179729743810909
 10
-0.0000000000000031
 20
1.919124522597597
 30
0.1431718257201529
 10
0.0000000000000029
 20
1.897776497768883
 30
0.1668019711341469
 10
-0.0000000000000011
 20
1.874968822339227
 30
0.1890163938971739
 10
0.0000000000000015
 20
1.850964020229389
 30
0.2099292769863772
 10
-0.0000000000000018
 20
1.825948247523069
 30
0.2296160187677785
 10
-0.0000000000000018
 20
1.79142870522895
 30
0.2543134166846146
 10
0.0000000000000008
 20
1.746267678235729
 30
0.282230871629358
 10
-0.0000000000000039
 20
1.689391509172622
 30
0.3109251339354757
 10
0.0000000000000036
 20
1.630639143070244
 30
0.3354745317072179
 10
0.0000000000000019
 20
1.570898526530706
 30
0.3574535435788259
 10
0.0000000000000008
 20
1.510758132800044
 30
0.3783011635120625
 10
-0.0000000000000021
 20
1.450141277175473
 30
0.3977294553000219
 10
0.000000000000003
 20
1.389089746738022
 30
0.4157419454943402
 10
-0.0000000000000045
 20
1.327586116302481
 30
0.4321481735748045
 10
0.000000000000001
 20
1.265727603709951
 30
0.4471510296089939
 10
0.0000000000000019
 20
1.203587201434541
 30
0.4609353983121649
 10
-0.0000000000000054
 20
1.12045572591858
 30
0.4780094088125752
 10
0.0000000000000057
 20
1.016096059603302
 30
0.4970949739319271
 10
-0.0000000000000015
 20
0.8903149633267332
 30
0.5167342959922965
 10
0.0000000000000003
 20
0.7641207559274919
 30
0.5334966743594852
 10
0.0000000000000027
 20
0.637617049835747
 30
0.5477169518890565
 10
0.0000000000000033
 20
0.5108804868142612
 30
0.5596698671852013
 10
-0.0000000000000025
 20
0.3839691636622303
 30
0.5695801456150972
 10
0.0000000000000022
 20
0.2569268093531821
 30
0.5776235170588047
 10
0.0000000000000019
 20
0.1297888630773883
 30
0.5839611157558458
 10
0.0000000000000027
 20
0.002583118553824
 30
0.5887291152839545
 10
0.0000000000000022
 20
-0.124668075906465
 30
0.592047193825789
 10
0.0000000000000019
 20
-0.2519466107064587
 30
0.5940213860488879
 10
0.0000000000000036
 20
-0.379237938476962
 30
0.5947461591435688
 10
0.0000000000000008
 20
-0.5065300485860954
 30
0.59430690565419
 10
0.0000000000000041
 20
-0.6762413548644242
 30
0.5922701043143344
 10
-0.0000000000000014
 20
-0.8883383089016229
 30
0.5871821541348155
 10
-0.0000000000000011
 20
-1.142741114911177
 30
0.5774968131761972
 10
0.0000000000000033
 20
-1.397001762066223
 30
0.5646396577456549
 10
-0.0000000000000027
 20
-1.651102573139481
 30
0.5489583207069346
 10
0.0000000000000033
 20
-1.905033899773274
 30
0.5307488275213549
 10
0.0000000000000016
 20
-2.158791297636763
 30
0.5102643599264466
 10
-0.0000000000000005
 20
-2.412373788540182
 30
0.4877203835370149
 10
0.0000000000000005
 20
-2.665782465784846
 30
0.4632996169301301
 10
0.0000000000000011
 20
-2.919019314951064
 30
0.4371547305519875
 10
-0.0000000000000022
 20
-3.172086686737412
 30
0.4094122093453878
 10
0.0
 20
-3.424986091682497
 30
0.3801723585333525
 10
0.0000000000000011
 20
-3.677718567042091
 30
0.3495149626977192
 10
0.0000000000000011
 20
-3.930282909533833
 30
0.3174937467864108
 10
-0.0000000000000011
 20
-4.182677558084229
 30
0.28414989360847
 10
0.0
 20
-4.434896208799467
 30
0.2494907783631214
 10
0.0000000000000022
 20
-4.686935065531074
 30
0.2135319246746828
 10
-0.0000000000000011
 20
-4.938778506046216
 30
0.176221320268586
 10
0.0000000000000033
 20
-5.19042508407356
 30
0.137582982192003
 10
-0.0000000000000033
 20
-5.441837637340665
 30
0.0974481944794835
 10
-0.0000000000000011
 20
-5.693041286086707
 30
0.0559898111353249
 10
0.0000000000000022
 20
-5.860282594439767
 30
0.0270163003821347
 10
0.0000000000000022
 20
-5.943897637771499
 30
0.0124821850392024
1001
ACAD_STEPID
1071
       20
  0
POINT
  5
10D
330
70
100
AcDbEntity
  8
0
100
AcDbPoint
 10
18.675
 20
-1.980999999999999
 30
0.0
  0
ENDSEC
  0
SECTION
  2
OBJECTS
  0
DICTIONARY
  5
C
330
0
100
AcDbDictionary
281
     1
  3
ACAD_ASSOCPERSSUBENTMANAGER
350
85
  3
ACAD_BACKGROUND
350
C2
  3
ACAD_CIP_PREVIOUS_PRODUCT_INFO
350
C1
  3
ACAD_COLOR
350
63
  3
ACAD_DETAILVIEWSTYLE
350
6A
  3
ACAD_GROUP
350
D
  3
ACAD_LAYOUT
350
62
  3
ACAD_MATERIAL
350
10
  3
ACAD_MLEADERSTYLE
350
66
  3
ACAD_MLINESTYLE
350
5F
  3
ACAD_PLOTSETTINGS
350
61
  3
ACAD_PLOTSTYLENAME
350
E
  3
ACAD_SCALELIST
350
42
  3
ACAD_SECTIONVIEWSTYLE
350
68
  3
ACAD_TABLESTYLE
350
64
  3
ACAD_VISUALSTYLE
350
29
  3
ACDB_RECOMPOSE_DATA
350
111
  3
AcDbVariableDictionary
350
B7
  0
DICTIONARY
  5
CF
330
70
100
AcDbDictionary
280
     1
281
     1
  3
ACAD_SORTENTS
360
D0
  0
ACDBASSOCPERSSUBENTMANAGER
  5
85
102
{ACAD_REACTORS
330
C
102
}
330
C
100
AcDbAssocPersSubentManager
 90
        2
 90
        3
 90
        0
 90
        2
 90
       20
 90
        0
 90
        0
 90
        0
 90
        0
290
     0
  0
DICTIONARY
  5
C2
102
{ACAD_REACTORS
330
C
102
}
330
C
100
AcDbDictionary
281
     1
  0
XRECORD
  5
C1
102
{ACAD_REACTORS
330
C
102
}
330
C
100
AcDbXrecord
280
     1
300
ACD
300
2023
300

  0
DICTIONARY
  5
63
102
{ACAD_REACTORS
330
C
102
}
330
C
100
AcDbDictionary
281
     1
  0
DICTIONARY
  5
6A
102
{ACAD_REACTORS
330
C
102
}
330
C
100
AcDbDictionary
281
     1
  3
Imperial24
350
6B
  0
DICTIONARY
  5
D
102
{ACAD_REACTORS
330
C
102
}
330
C
100
AcDbDictionary
281
     1
  0
DICTIONARY
  5
62
102
{ACAD_REACTORS
330
C
102
}
330
C
100
AcDbDictionary
281
     1
  3
Layout1
350
6F
  3
Layout2
350
77
  3
Model
350
73
  0
DICTIONARY
  5
10
102
{ACAD_REACTORS
330
C
102
}
330
C
100
AcDbDictionary
281
     1
  3
ByBlock
350
19
  3
ByLayer
350
11
  3
Global
350
21
  3
Steel - Satin
350
7A
  0
DICTIONARY
  5
66
102
{ACAD_REACTORS
330
C
102
}
330
C
100
AcDbDictionary
281
     1
  3
Standard
350
67
  0
DICTIONARY
  5
5F
102
{ACAD_REACTORS
330
C
102
}
330
C
100
AcDbDictionary
281
     1
  3
Standard
350
60
  0
DICTIONARY
  5
61
102
{ACAD_REACTORS
330
C
102
}
330
C
100
AcDbDictionary
281
     1
  0
ACDBDICTIONARYWDFLT
  5
E
102
{ACAD_REACTORS
330
C
102
}
330
C
100
AcDbDictionary
281
     1
  3
Normal
350
F
100
AcDbDictionaryWithDefault
340
F
  0
DICTIONARY
  5
42
102
{ACAD_REACTORS
330
C
102
}
330
C
100
AcDbDictionary
281
     1
  3
A0
350
43
  3
A1
350
44
  3
A2
350
45
  3
A3
350
46
  3
A4
350
47
  3
A5
350
48
  3
A6
350
49
  3
A7
350
4A
  3
A8
350
4B
  3
A9
350
4C
  3
B0
350
4D
  3
B1
350
4E
  3
B2
350
4F
  3
B3
350
50
  3
B4
350
51
  3
B5
350
52
  3
B6
350
53
  0
DICTIONARY
  5
68
102
{ACAD_REACTORS
330
C
102
}
330
C
100
AcDbDictionary
281
     1
  3
Imperial24
350
69
  0
DICTIONARY
  5
64
102
{ACAD_REACTORS
330
C
102
}
330
C
100
AcDbDictionary
281
     1
  3
Standard
350
65
  0
DICTIONARY
  5
29
102
{ACAD_REACTORS
330
C
102
}
330
C
100
AcDbDictionary
281
     1
  3
2dWireframe
350
2F
  3
Basic
350
2E
  3
Brighten
350
35
  3
ColorChange
350
39
  3
Conceptual
350
32
  3
Dim
350
34
  3
EdgeColorOff
350
41
  3
Facepattern
350
38
  3
Flat
350
2A
  3
FlatWithEdges
350
2B
  3
Gouraud
350
2C
  3
GouraudWithEdges
350
2D
  3
Hidden
350
31
  3
JitterOff
350
3F
  3
Linepattern
350
37
  3
OverhangOff
350
40
  3
Realistic
350
33
  3
Shaded
350
3E
  3
Shaded with edges
350
3D
  3
Shades of Gray
350
3A
  3
Sketchy
350
3B
  3
Thicken
350
36
  3
Wireframe
350
30
  3
X-Ray
350
3C
  0
XRECORD
  5
111
102
{ACAD_REACTORS
330
C
102
}
330
C
100
AcDbXrecord
280
     1
 90
        1
330
65
  0
DICTIONARY
  5
B7
102
{ACAD_REACTORS
330
C
102
}
330
C
100
AcDbDictionary
281
     1
  3
CANNOSCALE
350
BC
  3
CMLEADERSTYLE
350
B9
  3
CTABLESTYLE
350
B8
  3
CVIEWDETAILSTYLE
350
BA
  3
CVIEWSECTIONSTYLE
350
BB
  0
SORTENTSTABLE
  5
D0
102
{ACAD_REACTORS
330
CF
102
}
330
CF
100
AcDbSortentsTable
330
70
331
D3
  5
D2
331
D6
  5
D5
331
D9
  5
D8
331
DC
  5
DB
331
DF
  5
DE
331
E2
  5
E1
331
E5
  5
E4
331
E8
  5
E7
331
EB
  5
EA
331
EE
  5
ED
331
F1
  5
F0
331
F4
  5
F3
331
F7
  5
F6
331
FA
  5
F9
331
FD
  5
FC
331
100
  5
FF
331
103
  5
102
331
106
  5
105
331
109
  5
108
331
10B
  5
10A
  0
ACDBDETAILVIEWSTYLE
  5
6B
102
{ACAD_REACTORS
330
6A
102
}
330
6A
100
AcDbModelDocViewStyle
 70
     0
  3
Imperial24
290
     0
300
Imperial24
 90
        0
100
AcDbDetailViewStyle
 70
     0
 71
     0
 90
        3
 71
     1
340
55
 62
   256
 40
0.24
340
0
 62
   256
 40
0.24
300

 40
0.36
280
     3
 71
     2
340
5D
 90
       25
 62
   256
 71
     3
340
55
 62
   256
 40
0.24
 90
        1
 40
0.75
 90
        1
300
%<\AcVar ViewType \f "%tc1">% %<\AcVar ViewDetailId>%\PSCALE %<\AcVar ViewScale \f "%sn">%
 71
     4
340
5D
 90
       25
 62
   256
340
5D
 90
       25
 62
   256
280
     0
  0
LAYOUT
  5
6F
102
{ACAD_REACTORS
330
62
102
}
330
62
100
AcDbPlotSettings
  1

  2

  4

  6

 40
0.0
 41
0.0
 42
0.0
 43
0.0
 44
0.0
 45
0.0
 46
0.0
 47
0.0
 48
0.0
 49
0.0
140
0.0
141
0.0
142
1.0
143
1.0
 70
   688
 72
     0
 73
     0
 74
     5
  7

 75
    16
147
1.0
 76
     0
 77
     2
 78
   300
148
0.0
149
0.0
100
AcDbLayout
  1
Layout1
 70
     1
 71
     1
 10
0.0
 20
0.0
 11
12.0
 21
9.0
 12
0.0
 22
0.0
 32
0.0
 14
1.000000000000000E+20
 24
1.000000000000000E+20
 34
1.000000000000000E+20
 15
-1.000000000000000E+20
 25
-1.000000000000000E+20
 35
-1.000000000000000E+20
146
0.0
 13
0.0
 23
0.0
 33
0.0
 16
1.0
 26
0.0
 36
0.0
 17
0.0
 27
1.0
 37
0.0
 76
     0
330
6C
  0
LAYOUT
  5
77
102
{ACAD_REACTORS
330
62
102
}
330
62
100
AcDbPlotSettings
  1

  2

  4

  6

 40
0.0
 41
0.0
 42
0.0
 43
0.0
 44
0.0
 45
0.0
 46
0.0
 47
0.0
 48
0.0
 49
0.0
140
0.0
141
0.0
142
1.0
143
1.0
 70
   688
 72
     0
 73
     0
 74
     5
  7

 75
    16
147
1.0
 76
     0
 77
     2
 78
   300
148
0.0
149
0.0
100
AcDbLayout
  1
Layout2
 70
     1
 71
     2
 10
0.0
 20
0.0
 11
12.0
 21
9.0
 12
0.0
 22
0.0
 32
0.0
 14
0.0
 24
0.0
 34
0.0
 15
0.0
 25
0.0
 35
0.0
146
0.0
 13
0.0
 23
0.0
 33
0.0
 16
1.0
 26
0.0
 36
0.0
 17
0.0
 27
1.0
 37
0.0
 76
     0
330
74
  0
LAYOUT
  5
73
102
{ACAD_REACTORS
330
62
102
}
330
62
100
AcDbPlotSettings
  1

  2

  4

  6

 40
0.0
 41
0.0
 42
0.0
 43
0.0
 44
0.0
 45
0.0
 46
0.0
 47
0.0
 48
0.0
 49
0.0
140
0.0
141
0.0
142
1.0
143
1.0
 70
  1712
 72
     0
 73
     0
 74
     0
  7

 75
     0
147
1.0
 76
     0
 77
     2
 78
   300
148
0.0
149
0.0
100
AcDbLayout
  1
Model
 70
     1
 71
     0
 10
0.0
 20
0.0
 11
12.0
 21
9.0
 12
0.0
 22
0.0
 32
0.0
 14
0.0
 24
0.0
 34
0.0
 15
0.0
 25
0.0
 35
0.0
146
0.0
 13
0.0
 23
0.0
 33
0.0
 16
1.0
 26
0.0
 36
0.0
 17
0.0
 27
1.0
 37
0.0
 76
     0
330
70
331
57
  0
MATERIAL
  5
19
102
{ACAD_XDICTIONARY
360
1A
102
}
102
{ACAD_REACTORS
330
10
102
}
330
10
100
AcDbMaterial
  1
ByBlock
 72
     0
 43
0.0208333333333333
 43
0.0
 43
0.0
 43
0.0
 43
0.0
 43
0.0208333333333333
 43
0.0
 43
0.0
 43
0.0
 43
0.0
 43
1.0
 43
0.0
 43
0.0
 43
0.0
 43
0.0
 43
1.0
 77
     0
 47
0.0208333333333333
 47
0.0
 47
0.0
 47
0.0
 47
0.0
 47
0.0208333333333333
 47
0.0
 47
0.0
 47
0.0
 47
0.0
 47
1.0
 47
0.0
 47
0.0
 47
0.0
 47
0.0
 47
1.0
171
     0
 49
0.0208333333333333
 49
0.0
 49
0.0
 49
0.0
 49
0.0
 49
0.0208333333333333
 49
0.0
 49
0.0
 49
0.0
 49
0.0
 49
1.0
 49
0.0
 49
0.0
 49
0.0
 49
0.0
 49
1.0
175
     0
142
0.0208333333333333
142
0.0
142
0.0
142
0.0
142
0.0
142
0.0208333333333333
142
0.0
142
0.0
142
0.0
142
0.0
142
1.0
142
0.0
142
0.0
142
0.0
142
0.0
142
1.0
179
     0
144
0.0208333333333333
144
0.0
144
0.0
144
0.0
144
0.0
144
0.0208333333333333
144
0.0
144
0.0
144
0.0
144
0.0
144
1.0
144
0.0
144
0.0
144
0.0
144
0.0
144
1.0
147
0.0208333333333333
147
0.0
147
0.0
147
0.0
147
0.0
147
0.0208333333333333
147
0.0
147
0.0
147
0.0
147
0.0
147
1.0
147
0.0
147
0.0
147
0.0
147
0.0
147
1.0
  0
MATERIAL
  5
11
102
{ACAD_XDICTIONARY
360
12
102
}
102
{ACAD_REACTORS
330
10
102
}
330
10
100
AcDbMaterial
  1
ByLayer
 72
     0
 43
0.0208333333333333
 43
0.0
 43
0.0
 43
0.0
 43
0.0
 43
0.0208333333333333
 43
0.0
 43
0.0
 43
0.0
 43
0.0
 43
1.0
 43
0.0
 43
0.0
 43
0.0
 43
0.0
 43
1.0
 77
     0
 47
0.0208333333333333
 47
0.0
 47
0.0
 47
0.0
 47
0.0
 47
0.0208333333333333
 47
0.0
 47
0.0
 47
0.0
 47
0.0
 47
1.0
 47
0.0
 47
0.0
 47
0.0
 47
0.0
 47
1.0
171
     0
 49
0.0208333333333333
 49
0.0
 49
0.0
 49
0.0
 49
0.0
 49
0.0208333333333333
 49
0.0
 49
0.0
 49
0.0
 49
0.0
 49
1.0
 49
0.0
 49
0.0
 49
0.0
 49
0.0
 49
1.0
175
     0
142
0.0208333333333333
142
0.0
142
0.0
142
0.0
142
0.0
142
0.0208333333333333
142
0.0
142
0.0
142
0.0
142
0.0
142
1.0
142
0.0
142
0.0
142
0.0
142
0.0
142
1.0
179
     0
144
0.0208333333333333
144
0.0
144
0.0
144
0.0
144
0.0
144
0.0208333333333333
144
0.0
144
0.0
144
0.0
144
0.0
144
1.0
144
0.0
144
0.0
144
0.0
144
0.0
144
1.0
147
0.0208333333333333
147
0.0
147
0.0
147
0.0
147
0.0
147
0.0208333333333333
147
0.0
147
0.0
147
0.0
147
0.0
147
1.0
147
0.0
147
0.0
147
0.0
147
0.0
147
1.0
  0
MATERIAL
  5
21
102
{ACAD_XDICTIONARY
360
22
102
}
102
{ACAD_REACTORS
330
10
102
}
330
10
100
AcDbMaterial
  1
Global
 72
     0
 43
0.0208333333333333
 43
0.0
 43
0.0
 43
0.0
 43
0.0
 43
0.0208333333333333
 43
0.0
 43
0.0
 43
0.0
 43
0.0
 43
1.0
 43
0.0
 43
0.0
 43
0.0
 43
0.0
 43
1.0
 77
     0
 47
0.0208333333333333
 47
0.0
 47
0.0
 47
0.0
 47
0.0
 47
0.0208333333333333
 47
0.0
 47
0.0
 47
0.0
 47
0.0
 47
1.0
 47
0.0
 47
0.0
 47
0.0
 47
0.0
 47
1.0
171
     0
 49
0.0208333333333333
 49
0.0
 49
0.0
 49
0.0
 49
0.0
 49
0.0208333333333333
 49
0.0
 49
0.0
 49
0.0
 49
0.0
 49
1.0
 49
0.0
 49
0.0
 49
0.0
 49
0.0
 49
1.0
175
     0
142
0.0208333333333333
142
0.0
142
0.0
142
0.0
142
0.0
142
0.0208333333333333
142
0.0
142
0.0
142
0.0
142
0.0
142
1.0
142
0.0
142
0.0
142
0.0
142
0.0
142
1.0
179
     0
144
0.0208333333333333
144
0.0
144
0.0
144
0.0
144
0.0
144
0.0208333333333333
144
0.0
144
0.0
144
0.0
144
0.0
144
1.0
144
0.0
144
0.0
144
0.0
144
0.0
144
1.0
147
0.0208333333333333
147
0.0
147
0.0
147
0.0
147
0.0
147
0.0208333333333333
147
0.0
147
0.0
147
0.0
147
0.0
147
1.0
147
0.0
147
0.0
147
0.0
147
0.0
147
1.0
  0
MATERIAL
  5
7A
102
{ACAD_XDICTIONARY
360
7B
102
}
102
{ACAD_REACTORS
330
10
102
}
330
10
100
AcDbMaterial
  1
Steel - Satin
 70
     1
 90
-1029726305
 71
     1
 91
-1029726305
 72
     0
 44
0.7015873193740845
 76
     1
 92
-1029726305
 77
     0
171
     0
175
     0
143
0.5149999856948853
179
     0
145
1.399999976158142
148
0.5
468
0.6262096762657166
 93
        1
 94
        0
1001
ACAD
1070
    -1
1070
     3
1070
     0
1000

1071
        0
1070
     0
  0
MLEADERSTYLE
  5
67
102
{ACAD_REACTORS
330
66
102
}
330
66
100
AcDbMLeaderStyle
179
     2
170
     2
171
     1
172
     0
 90
        2
 40
0.0
 41
0.0
173
     1
 91
-1056964608
340
5B
 92
       -2
290
     1
 42
0.09
291
     1
 43
0.36
  3
Standard
 44
0.18
300

342
55
174
     1
178
     6
175
     1
176
     0
 93
-1056964608
 45
0.18
292
     0
297
     0
 46
0.18
 94
-1056964608
 47
1.0
 49
1.0
140
1.0
293
     1
141
0.0
294
     1
177
     0
142
1.0
295
     0
296
     0
143
0.125
271
     0
272
     9
273
     9
298
     1
  0
MLINESTYLE
  5
60
102
{ACAD_REACTORS
330
5F
102
}
330
5F
100
AcDbMlineStyle
  2
STANDARD
 70
     0
  3

 62
   256
 51
90.0
 52
90.0
 71
     2
 49
0.5
 62
   256
  6
BYLAYER
 49
-0.5
 62
   256
  6
BYLAYER
  0
ACDBPLACEHOLDER
  5
F
102
{ACAD_REACTORS
330
E
102
}
330
E
  0
SCALE
  5
43
102
{ACAD_REACTORS
330
42
102
}
330
42
100
AcDbScale
 70
     0
300
1:1
140
1.0
141
1.0
290
     1
  0
SCALE
  5
44
102
{ACAD_REACTORS
330
42
102
}
330
42
100
AcDbScale
 70
     0
300
1/128" = 1'-0"
140
0.0078125
141
12.0
290
     0
  0
SCALE
  5
45
102
{ACAD_REACTORS
330
42
102
}
330
42
100
AcDbScale
 70
     0
300
1/64" = 1'-0"
140
0.015625
141
12.0
290
     0
  0
SCALE
  5
46
102
{ACAD_REACTORS
330
42
102
}
330
42
100
AcDbScale
 70
     0
300
1/32" = 1'-0"
140
0.03125
141
12.0
290
     0
  0
SCALE
  5
47
102
{ACAD_REACTORS
330
42
102
}
330
42
100
AcDbScale
 70
     0
300
1/16" = 1'-0"
140
0.0625
141
12.0
290
     0
  0
SCALE
  5
48
102
{ACAD_REACTORS
330
42
102
}
330
42
100
AcDbScale
 70
     0
300
3/32" = 1'-0"
140
0.09375
141
12.0
290
     0
  0
SCALE
  5
49
102
{ACAD_REACTORS
330
42
102
}
330
42
100
AcDbScale
 70
     0
300
1/8" = 1'-0"
140
0.125
141
12.0
290
     0
  0
SCALE
  5
4A
102
{ACAD_REACTORS
330
42
102
}
330
42
100
AcDbScale
 70
     0
300
3/16" = 1'-0"
140
0.1875
141
12.0
290
     0
  0
SCALE
  5
4B
102
{ACAD_REACTORS
330
42
102
}
330
42
100
AcDbScale
 70
     0
300
1/4" = 1'-0"
140
0.25
141
12.0
290
     0
  0
SCALE
  5
4C
102
{ACAD_REACTORS
330
42
102
}
330
42
100
AcDbScale
 70
     0
300
3/8" = 1'-0"
140
0.375
141
12.0
290
     0
  0
SCALE
  5
4D
102
{ACAD_REACTORS
330
42
102
}
330
42
100
AcDbScale
 70
     0
300
1/2" = 1'-0"
140
0.5
141
12.0
290
     0
  0
SCALE
  5
4E
102
{ACAD_REACTORS
330
42
102
}
330
42
100
AcDbScale
 70
     0
300
3/4" = 1'-0"
140
0.75
141
12.0
290
     0
  0
SCALE
  5
4F
102
{ACAD_REACTORS
330
42
102
}
330
42
100
AcDbScale
 70
     0
300
1" = 1'-0"
140
1.0
141
12.0
290
     0
  0
SCALE
  5
50
102
{ACAD_REACTORS
330
42
102
}
330
42
100
AcDbScale
 70
     0
300
1-1/2" = 1'-0"
140
1.5
141
12.0
290
     0
  0
SCALE
  5
51
102
{ACAD_REACTORS
330
42
102
}
330
42
100
AcDbScale
 70
     0
300
3" = 1'-0"
140
3.0
141
12.0
290
     0
  0
SCALE
  5
52
102
{ACAD_REACTORS
330
42
102
}
330
42
100
AcDbScale
 70
     0
300
6" = 1'-0"
140
6.0
141
12.0
290
     0
  0
SCALE
  5
53
102
{ACAD_REACTORS
330
42
102
}
330
42
100
AcDbScale
 70
     0
300
1'-0" = 1'-0"
140
12.0
141
12.0
290
     0
  0
ACDBSECTIONVIEWSTYLE
  5
69
102
{ACAD_REACTORS
330
68
102
}
330
68
100
AcDbModelDocViewStyle
 70
     0
  3
Imperial24
290
     0
300
Imperial24
 90
        0
100
AcDbSectionViewStyle
 70
     0
 71
     0
 90
       78
 71
     1
340
55
 62
   256
 40
0.24
340
0
340
0
 62
   256
 40
0.24
300
I, O, Q, S, X, Z
 40
0.48
 90
        3
 40
0.18
 90
        1
 71
     2
340
5D
 90
       25
 62
   256
340
5D
 90
       50
 62
   256
 40
0.24
 40
0.0
 40
0.24
 71
     3
340
55
 62
   256
 40
0.24
 90
        1
 40
0.75
 90
        1
300
%<\AcVar ViewType \f "%tc1">% %<\AcVar ViewSectionStartId>%-%<\AcVar ViewSectionEndId>%\PSCALE %<\AcVar ViewScale \f "%sn">%
 71
     4
 62
   256
 62
   257
300
ANSI31
 40
1.0
 90
        0
290
     0
290
     0
 90
        6
 40
0.0
 40
1.570796326794896
 40
0.2617993877991494
 40
1.308996938995747
 40
-0.2617993877991494
 40
1.832595714594046
  0
TABLESTYLE
  5
65
102
{ACAD_XDICTIONARY
360
10F
102
}
102
{ACAD_REACTORS
330
64
102
}
330
64
100
AcDbTableStyle
280
     0
  3
Standard
 70
     0
 71
     0
 40
0.06
 41
0.06
280
     0
281
     0
  7
Standard
140
0.18
170
     2
 62
     0
 63
     7
283
     0
 90
      512
 91
        0
  1

274
    -2
284
     1
 64
     0
275
    -2
285
     1
 65
     0
276
    -2
286
     1
 66
     0
277
    -2
287
     1
 67
     0
278
    -2
288
     1
 68
     0
279
    -2
289
     1
 69
     0
  7
Standard
140
0.25
170
     5
 62
     0
 63
     7
283
     0
 90
      512
 91
        0
  1

274
    -2
284
     1
 64
     0
275
    -2
285
     1
 65
     0
276
    -2
286
     1
 66
     0
277
    -2
287
     1
 67
     0
278
    -2
288
     1
 68
     0
279
    -2
289
     1
 69
     0
  7
Standard
140
0.18
170
     5
 62
     0
 63
     7
283
     0
 90
      512
 91
        0
  1

274
    -2
284
     1
 64
     0
275
    -2
285
     1
 65
     0
276
    -2
286
     1
 66
     0
277
    -2
287
     1
 67
     0
278
    -2
288
     1
 68
     0
279
    -2
289
     1
 69
     0
  0
VISUALSTYLE
  5
2F
102
{ACAD_REACTORS
330
29
102
}
330
29
100
AcDbVisualStyle
  2
2dWireframe
 70
     4
177
     3
291
     0
 70
    58
 90
        0
176
     1
 90
        2
176
     1
 90
        0
176
     1
 90
        0
176
     1
 40
0.6
176
     1
 40
30.0
176
     1
 62
     7
420
 16777215
176
     1
 90
        1
176
     1
 90
        4
176
     1
 62
     7
176
     1
 62
   257
176
     1
 90
        1
176
     1
 90
        1
176
     1
 40
1.0
176
     1
 90
        0
176
     1
 62
   257
176
     1
 40
1.0
176
     1
 90
        1
176
     1
 90
        6
176
     1
 90
        2
176
     1
 62
     7
176
     1
 90
        5
176
     1
 90
        0
176
     1
 90
        0
176
     1
290
     0
176
     1
 90
        1
176
     1
 40
0.0
176
     1
 90
        0
176
     1
290
     1
176
     1
290
     1
176
     1
290
     0
176
     1
290
     0
176
     1
290
     0
176
     1
290
     0
176
     1
290
     0
176
     1
290
     0
176
     1
290
     0
176
     1
 90
       50
176
     1
 40
0.0
176
     1
 40
1.0
176
     1
 90
        0
176
     1
 62
    18
420
        0
176
     1
 90
       50
176
     1
 90
        3
176
     1
 62
     5
420
      255
176
     1
290
     0
176
     1
 90
       50
176
     1
 90
       50
176
     1
 90
       50
176
     1
290
     0
176
     1
 90
       50
176
     1
 62
   256
176
     0
 40
1.0
176
     0
 90
        2
176
     1
  1
strokes_ogs.tif
176
     1
290
     0
176
     1
 40
1.0
176
     1
 40
1.0
176
     1
  0
VISUALSTYLE
  5
2E
102
{ACAD_REACTORS
330
29
102
}
330
29
100
AcDbVisualStyle
  2
Basic
 70
     7
177
     3
291
     1
 70
    58
 90
        1
176
     1
 90
        0
176
     1
 90
        1
176
     1
 90
        0
176
     1
 40
0.6
176
     1
 40
30.0
176
     1
 62
     7
420
 16777215
176
     1
 90
        0
176
     1
 90
        4
176
     1
 62
     7
176
     1
 62
   257
176
     1
 90
        1
176
     1
 90
        1
176
     1
 40
1.0
176
     1
 90
        8
176
     1
 62
     7
176
     1
 40
1.0
176
     1
 90
        1
176
     1
 90
        6
176
     1
 90
        2
176
     1
 62
     7
176
     1
 90
        5
176
     1
 90
        0
176
     1
 90
        0
176
     1
290
     0
176
     1
 90
        1
176
     1
 40
0.0
176
     1
 90
        0
176
     1
290
     0
176
     1
290
     1
176
     1
290
     1
176
     1
290
     0
176
     1
290
     0
176
     1
290
     0
176
     1
290
     0
176
     1
290
     0
176
     1
290
     0
176
     1
 90
       50
176
     1
 40
0.0
176
     1
 40
1.0
176
     1
 90
        0
176
     1
 62
    18
420
        0
176
     1
 90
       50
176
     1
 90
        3
176
     1
 62
     5
420
      255
176
     1
290
     0
176
     1
 90
       50
176
     1
 90
       50
176
     1
 90
       50
176
     1
290
     0
176
     1
 90
       50
176
     1
 62
   256
176
     0
 40
1.0
176
     0
 90
        2
176
     1
  1
strokes_ogs.tif
176
     1
290
     0
176
     1
 40
1.0
176
     1
 40
1.0
176
     1
  0
VISUALSTYLE
  5
35
102
{ACAD_REACTORS
330
29
102
}
330
29
100
AcDbVisualStyle
  2
Brighten
 70
    12
177
     3
291
     1
 70
    58
 90
        2
176
     1
 90
        2
176
     1
 90
        0
176
     1
 90
        0
176
     1
 40
0.6
176
     1
 40
30.0
176
     1
 62
     7
420
 16777215
176
     1
 90
        1
176
     1
 90
        4
176
     1
 62
     7
176
     1
 62
   257
176
     1
 90
        1
176
     1
 90
        1
176
     1
 40
1.0
176
     1
 90
        8
176
     1
 62
     7
176
     1
 40
1.0
176
     1
 90
        1
176
     1
 90
        6
176
     1
 90
        2
176
     1
 62
     7
176
     1
 90
        5
176
     1
 90
        0
176
     1
 90
        0
176
     1
290
     0
176
     1
 90
        1
176
     1
 40
50.0
176
     1
 90
        0
176
     1
290
     0
176
     1
290
     1
176
     1
290
     1
176
     1
290
     0
176
     1
290
     0
176
     1
290
     0
176
     1
290
     0
176
     1
290
     0
176
     1
290
     0
176
     1
 90
       50
176
     1
 40
0.0
176
     1
 40
1.0
176
     1
 90
        0
176
     1
 62
    18
420
        0
176
     1
 90
       50
176
     1
 90
        3
176
     1
 62
     5
420
      255
176
     1
290
     0
176
     1
 90
       50
176
     1
 90
       50
176
     1
 90
       50
176
     1
290
     0
176
     1
 90
       50
176
     1
 62
   256
176
     0
 40
1.0
176
     0
 90
        2
176
     1
  1
strokes_ogs.tif
176
     1
290
     0
176
     1
 40
1.0
176
     1
 40
1.0
176
     1
  0
VISUALSTYLE
  5
39
102
{ACAD_REACTORS
330
29
102
}
330
29
100
AcDbVisualStyle
  2
ColorChange
 70
    16
177
     3
291
     1
 70
    58
 90
        2
176
     1
 90
        2
176
     1
 90
        3
176
     1
 90
        0
176
     1
 40
0.6
176
     1
 40
30.0
176
     1
 62
     8
420
  8421504
176
     1
 90
        1
176
     1
 90
        4
176
     1
 62
     7
176
     1
 62
   257
176
     1
 90
        1
176
     1
 90
        1
176
     1
 40
1.0
176
     1
 90
        8
176
     1
 62
     8
420
  8421504
176
     1
 40
1.0
176
     1
 90
        1
176
     1
 90
        6
176
     1
 90
        2
176
     1
 62
     7
176
     1
 90
        5
176
     1
 90
        0
176
     1
 90
        0
176
     1
290
     0
176
     1
 90
        1
176
     1
 40
0.0
176
     1
 90
        0
176
     1
290
     0
176
     1
290
     1
176
     1
290
     1
176
     1
290
     0
176
     1
290
     0
176
     1
290
     0
176
     1
290
     0
176
     1
290
     0
176
     1
290
     0
176
     1
 90
       50
176
     1
 40
0.0
176
     1
 40
1.0
176
     1
 90
        0
176
     1
 62
    18
420
        0
176
     1
 90
       50
176
     1
 90
        3
176
     1
 62
     5
420
      255
176
     1
290
     0
176
     1
 90
       50
176
     1
 90
       50
176
     1
 90
       50
176
     1
290
     0
176
     1
 90
       50
176
     1
 62
   256
176
     0
 40
1.0
176
     0
 90
        2
176
     1
  1
strokes_ogs.tif
176
     1
290
     0
176
     1
 40
1.0
176
     1
 40
1.0
176
     1
  0
VISUALSTYLE
  5
32
102
{ACAD_REACTORS
330
29
102
}
330
29
100
AcDbVisualStyle
  2
Conceptual
 70
     9
177
     3
291
     0
 70
    58
 90
        3
176
     1
 90
        2
176
     1
 90
        0
176
     1
 90
        0
176
     1
 40
0.6
176
     1
 40
30.0
176
     1
 62
     7
420
 16777215
176
     1
 90
        2
176
     1
 90
        2
176
     1
 62
     7
176
     1
 62
   257
176
     1
 90
        1
176
     1
 90
        1
176
     1
 40
179.0
176
     1
 90
        8
176
     1
 62
     7
176
     1
 40
1.0
176
     1
 90
        1
176
     1
 90
        6
176
     1
 90
        2
176
     1
 62
     7
176
     1
 90
        3
176
     1
 90
        0
176
     1
 90
        0
176
     1
290
     0
176
     1
 90
        1
176
     1
 40
0.0
176
     1
 90
        0
176
     1
290
     0
176
     1
290
     1
176
     1
290
     1
176
     1
290
     0
176
     1
290
     0
176
     1
290
     0
176
     1
290
     0
176
     1
290
     0
176
     1
290
     0
176
     1
 90
       50
176
     1
 40
0.0
176
     1
 40
1.0
176
     1
 90
        0
176
     1
 62
    18
420
        0
176
     1
 90
       50
176
     1
 90
        3
176
     1
 62
     5
420
      255
176
     1
290
     0
176
     1
 90
       50
176
     1
 90
       50
176
     1
 90
       50
176
     1
290
     0
176
     1
 90
       50
176
     1
 62
   256
176
     0
 40
1.0
176
     0
 90
        2
176
     1
  1
strokes_ogs.tif
176
     1
290
     0
176
     1
 40
1.0
176
     1
 40
1.0
176
     1
  0
VISUALSTYLE
  5
34
102
{ACAD_REACTORS
330
29
102
}
330
29
100
AcDbVisualStyle
  2
Dim
 70
    11
177
     3
291
     1
 70
    58
 90
        2
176
     1
 90
        2
176
     1
 90
        0
176
     1
 90
        0
176
     1
 40
0.6
176
     1
 40
30.0
176
     1
 62
     7
420
 16777215
176
     1
 90
        1
176
     1
 90
        4
176
     1
 62
     7
176
     1
 62
   257
176
     1
 90
        1
176
     1
 90
        1
176
     1
 40
1.0
176
     1
 90
        8
176
     1
 62
     7
176
     1
 40
1.0
176
     1
 90
        1
176
     1
 90
        6
176
     1
 90
        2
176
     1
 62
     7
176
     1
 90
        5
176
     1
 90
        0
176
     1
 90
        0
176
     1
290
     0
176
     1
 90
        1
176
     1
 40
-50.0
176
     1
 90
        0
176
     1
290
     0
176
     1
290
     1
176
     1
290
     1
176
     1
290
     0
176
     1
290
     0
176
     1
290
     0
176
     1
290
     0
176
     1
290
     0
176
     1
290
     0
176
     1
 90
       50
176
     1
 40
0.0
176
     1
 40
1.0
176
     1
 90
        0
176
     1
 62
    18
420
        0
176
     1
 90
       50
176
     1
 90
        3
176
     1
 62
     5
420
      255
176
     1
290
     0
176
     1
 90
       50
176
     1
 90
       50
176
     1
 90
       50
176
     1
290
     0
176
     1
 90
       50
176
     1
 62
   256
176
     0
 40
1.0
176
     0
 90
        2
176
     1
  1
strokes_ogs.tif
176
     1
290
     0
176
     1
 40
1.0
176
     1
 40
1.0
176
     1
  0
VISUALSTYLE
  5
41
102
{ACAD_REACTORS
330
29
102
}
330
29
100
AcDbVisualStyle
  2
EdgeColorOff
 70
    22
177
     3
291
     1
 70
    58
 90
        2
176
     0
 90
        2
176
     0
 90
        0
176
     0
 90
        0
176
     0
 40
0.6
176
     0
 40
30.0
176
     0
 62
     7
420
 16777215
176
     0
 90
        1
176
     0
 90
        4
176
     0
 62
     7
176
     0
 62
   257
176
     0
 90
        1
176
     0
 90
        1
176
     0
 40
1.0
176
     0
 90
        8
176
     2
 62
     7
176
     0
 40
1.0
176
     0
 90
        1
176
     0
 90
        6
176
     0
 90
        2
176
     0
 62
     7
176
     0
 90
        5
176
     0
 90
        0
176
     0
 90
        0
176
     0
290
     0
176
     0
 90
        1
176
     0
 40
0.0
176
     0
 90
        0
176
     0
290
     0
176
     0
290
     1
176
     0
290
     1
176
     0
290
     0
176
     0
290
     0
176
     0
290
     0
176
     0
290
     0
176
     0
290
     0
176
     0
290
     0
176
     0
 90
       50
176
     0
 40
0.0
176
     0
 40
1.0
176
     0
 90
        0
176
     0
 62
    18
420
        0
176
     0
 90
       50
176
     0
 90
        3
176
     0
 62
     5
420
      255
176
     0
290
     0
176
     0
 90
       50
176
     0
 90
       50
176
     0
 90
       50
176
     0
290
     0
176
     0
 90
       50
176
     0
 62
   256
176
     0
 40
1.0
176
     0
 90
        2
176
     0
  1
strokes_ogs.tif
176
     0
290
     0
176
     0
 40
1.0
176
     0
 40
1.0
176
     0
  0
VISUALSTYLE
  5
38
102
{ACAD_REACTORS
330
29
102
}
330
29
100
AcDbVisualStyle
  2
Facepattern
 70
    15
177
     3
291
     1
 70
    58
 90
        2
176
     1
 90
        2
176
     1
 90
        0
176
     1
 90
        0
176
     1
 40
0.6
176
     1
 40
30.0
176
     1
 62
     7
420
 16777215
176
     1
 90
        1
176
     1
 90
        4
176
     1
 62
     7
176
     1
 62
   257
176
     1
 90
        1
176
     1
 90
        1
176
     1
 40
1.0
176
     1
 90
        8
176
     1
 62
     7
176
     1
 40
1.0
176
     1
 90
        1
176
     1
 90
        6
176
     1
 90
        2
176
     1
 62
     7
176
     1
 90
        5
176
     1
 90
        0
176
     1
 90
        0
176
     1
290
     0
176
     1
 90
        1
176
     1
 40
0.0
176
     1
 90
        0
176
     1
290
     0
176
     1
290
     1
176
     1
290
     1
176
     1
290
     0
176
     1
290
     0
176
     1
290
     0
176
     1
290
     0
176
     1
290
     0
176
     1
290
     0
176
     1
 90
       50
176
     1
 40
0.0
176
     1
 40
1.0
176
     1
 90
        0
176
     1
 62
    18
420
        0
176
     1
 90
       50
176
     1
 90
        3
176
     1
 62
     5
420
      255
176
     1
290
     0
176
     1
 90
       50
176
     1
 90
       50
176
     1
 90
       50
176
     1
290
     0
176
     1
 90
       50
176
     1
 62
   256
176
     0
 40
1.0
176
     0
 90
        2
176
     1
  1
strokes_ogs.tif
176
     1
290
     0
176
     1
 40
1.0
176
     1
 40
1.0
176
     1
  0
VISUALSTYLE
  5
2A
102
{ACAD_REACTORS
330
29
102
}
330
29
100
AcDbVisualStyle
  2
Flat
 70
     0
177
     3
291
     1
 70
    58
 90
        2
176
     1
 90
        1
176
     1
 90
        1
176
     1
 90
        2
176
     1
 40
0.6
176
     1
 40
30.0
176
     1
 62
     7
420
 16777215
176
     1
 90
        0
176
     1
 90
        0
176
     1
 62
     7
176
     1
 62
   257
176
     1
 90
        1
176
     1
 90
        1
176
     1
 40
1.0
176
     1
 90
        8
176
     1
 62
     7
176
     1
 40
1.0
176
     1
 90
        1
176
     1
 90
        6
176
     1
 90
        2
176
     1
 62
     7
176
     1
 90
        5
176
     1
 90
        0
176
     1
 90
        0
176
     1
290
     0
176
     1
 90
       13
176
     1
 40
0.0
176
     1
 90
        0
176
     1
290
     0
176
     1
290
     1
176
     1
290
     1
176
     1
290
     0
176
     1
290
     0
176
     1
290
     0
176
     1
290
     0
176
     1
290
     0
176
     1
290
     0
176
     1
 90
       50
176
     1
 40
0.0
176
     1
 40
1.0
176
     1
 90
        0
176
     1
 62
    18
420
        0
176
     1
 90
       50
176
     1
 90
        3
176
     1
 62
     5
420
      255
176
     1
290
     0
176
     1
 90
       50
176
     1
 90
       50
176
     1
 90
       50
176
     1
290
     0
176
     1
 90
       50
176
     1
 62
   256
176
     0
 40
1.0
176
     0
 90
        2
176
     1
  1
strokes_ogs.tif
176
     1
290
     0
176
     1
 40
1.0
176
     1
 40
1.0
176
     1
  0
VISUALSTYLE
  5
2B
102
{ACAD_REACTORS
330
29
102
}
330
29
100
AcDbVisualStyle
  2
FlatWithEdges
 70
     1
177
     3
291
     1
 70
    58
 90
        2
176
     1
 90
        1
176
     1
 90
        1
176
     1
 90
        2
176
     1
 40
0.6
176
     1
 40
30.0
176
     1
 62
     7
420
 16777215
176
     1
 90
        1
176
     1
 90
        0
176
     1
 62
     7
176
     1
 62
   257
176
     1
 90
        1
176
     1
 90
        1
176
     1
 40
1.0
176
     1
 90
        0
176
     1
 62
   257
176
     1
 40
1.0
176
     1
 90
        1
176
     1
 90
        6
176
     1
 90
        2
176
     1
 62
     7
176
     1
 90
        5
176
     1
 90
        0
176
     1
 90
        0
176
     1
290
     0
176
     1
 90
       13
176
     1
 40
0.0
176
     1
 90
        0
176
     1
290
     0
176
     1
290
     1
176
     1
290
     1
176
     1
290
     0
176
     1
290
     0
176
     1
290
     0
176
     1
290
     0
176
     1
290
     0
176
     1
290
     0
176
     1
 90
       50
176
     1
 40
0.0
176
     1
 40
1.0
176
     1
 90
        0
176
     1
 62
    18
420
        0
176
     1
 90
       50
176
     1
 90
        3
176
     1
 62
     5
420
      255
176
     1
290
     0
176
     1
 90
       50
176
     1
 90
       50
176
     1
 90
       50
176
     1
290
     0
176
     1
 90
       50
176
     1
 62
   256
176
     0
 40
1.0
176
     0
 90
        2
176
     1
  1
strokes_ogs.tif
176
     1
290
     0
176
     1
 40
1.0
176
     1
 40
1.0
176
     1
  0
VISUALSTYLE
  5
2C
102
{ACAD_REACTORS
330
29
102
}
330
29
100
AcDbVisualStyle
  2
Gouraud
 70
     2
177
     3
291
     1
 70
    58
 90
        2
176
     1
 90
        2
176
     1
 90
        1
176
     1
 90
        2
176
     1
 40
0.6
176
     1
 40
30.0
176
     1
 62
     7
420
 16777215
176
     1
 90
        0
176
     1
 90
        0
176
     1
 62
     7
176
     1
 62
   257
176
     1
 90
        1
176
     1
 90
        1
176
     1
 40
1.0
176
     1
 90
        0
176
     1
 62
     7
176
     1
 40
1.0
176
     1
 90
        1
176
     1
 90
        6
176
     1
 90
        2
176
     1
 62
     7
176
     1
 90
        5
176
     1
 90
        0
176
     1
 90
        0
176
     1
290
     0
176
     1
 90
       13
176
     1
 40
0.0
176
     1
 90
        0
176
     1
290
     0
176
     1
290
     1
176
     1
290
     1
176
     1
290
     0
176
     1
290
     0
176
     1
290
     0
176
     1
290
     0
176
     1
290
     0
176
     1
290
     0
176
     1
 90
       50
176
     1
 40
0.0
176
     1
 40
1.0
176
     1
 90
        0
176
     1
 62
    18
420
        0
176
     1
 90
       50
176
     1
 90
        3
176
     1
 62
     5
420
      255
176
     1
290
     0
176
     1
 90
       50
176
     1
 90
       50
176
     1
 90
       50
176
     1
290
     0
176
     1
 90
       50
176
     1
 62
   256
176
     0
 40
1.0
176
     0
 90
        2
176
     1
  1
strokes_ogs.tif
176
     1
290
     0
176
     1
 40
1.0
176
     1
 40
1.0
176
     1
  0
VISUALSTYLE
  5
2D
102
{ACAD_REACTORS
330
29
102
}
330
29
100
AcDbVisualStyle
  2
GouraudWithEdges
 70
     3
177
     3
291
     1
 70
    58
 90
        2
176
     1
 90
        2
176
     1
 90
        1
176
     1
 90
        2
176
     1
 40
0.6
176
     1
 40
30.0
176
     1
 62
     7
420
 16777215
176
     1
 90
        1
176
     1
 90
        0
176
     1
 62
     7
176
     1
 62
   257
176
     1
 90
        1
176
     1
 90
        1
176
     1
 40
1.0
176
     1
 90
        0
176
     1
 62
   257
176
     1
 40
1.0
176
     1
 90
        1
176
     1
 90
        6
176
     1
 90
        2
176
     1
 62
     7
176
     1
 90
        5
176
     1
 90
        0
176
     1
 90
        0
176
     1
290
     0
176
     1
 90
       13
176
     1
 40
0.0
176
     1
 90
        0
176
     1
290
     0
176
     1
290
     1
176
     1
290
     1
176
     1
290
     0
176
     1
290
     0
176
     1
290
     0
176
     1
290
     0
176
     1
290
     0
176
     1
290
     0
176
     1
 90
       50
176
     1
 40
0.0
176
     1
 40
1.0
176
     1
 90
        0
176
     1
 62
    18
420
        0
176
     1
 90
       50
176
     1
 90
        3
176
     1
 62
     5
420
      255
176
     1
290
     0
176
     1
 90
       50
176
     1
 90
       50
176
     1
 90
       50
176
     1
290
     0
176
     1
 90
       50
176
     1
 62
   256
176
     0
 40
1.0
176
     0
 90
        2
176
     1
  1
strokes_ogs.tif
176
     1
290
     0
176
     1
 40
1.0
176
     1
 40
1.0
176
     1
  0
VISUALSTYLE
  5
31
102
{ACAD_REACTORS
330
29
102
}
330
29
100
AcDbVisualStyle
  2
Hidden
 70
     6
177
     3
291
     0
 70
    58
 90
        1
176
     1
 90
        2
176
     1
 90
        2
176
     1
 90
        0
176
     1
 40
0.6
176
     1
 40
30.0
176
     1
 62
     7
420
 16777215
176
     1
 90
        2
176
     1
 90
        2
176
     1
 62
     7
176
     1
 62
   257
176
     1
 90
        2
176
     1
 90
        1
176
     1
 40
40.0
176
     1
 90
        0
176
     1
 62
   257
176
     1
 40
1.0
176
     1
 90
        1
176
     1
 90
        6
176
     1
 90
        2
176
     1
 62
     7
176
     1
 90
        3
176
     1
 90
        0
176
     1
 90
        0
176
     1
290
     0
176
     1
 90
        1
176
     1
 40
0.0
176
     1
 90
        0
176
     1
290
     0
176
     1
290
     1
176
     1
290
     1
176
     1
290
     0
176
     1
290
     0
176
     1
290
     0
176
     1
290
     0
176
     1
290
     0
176
     1
290
     0
176
     1
 90
       50
176
     1
 40
0.0
176
     1
 40
1.0
176
     1
 90
        0
176
     1
 62
    18
420
        0
176
     1
 90
       50
176
     1
 90
        3
176
     1
 62
     5
420
      255
176
     1
290
     0
176
     1
 90
       50
176
     1
 90
       50
176
     1
 90
       50
176
     1
290
     0
176
     1
 90
       50
176
     1
 62
   256
176
     0
 40
1.0
176
     0
 90
        2
176
     1
  1
strokes_ogs.tif
176
     1
290
     0
176
     1
 40
1.0
176
     1
 40
1.0
176
     1
  0
VISUALSTYLE
  5
3F
102
{ACAD_REACTORS
330
29
102
}
330
29
100
AcDbVisualStyle
  2
JitterOff
 70
    20
177
     3
291
     1
 70
    58
 90
        2
176
     0
 90
        2
176
     0
 90
        0
176
     0
 90
        0
176
     0
 40
0.6
176
     0
 40
30.0
176
     0
 62
     7
420
 16777215
176
     0
 90
        1
176
     0
 90
        4
176
     0
 62
     7
176
     0
 62
   257
176
     0
 90
        1
176
     0
 90
        1
176
     0
 40
1.0
176
     0
 90
       10
176
     2
 62
     7
176
     0
 40
1.0
176
     0
 90
        1
176
     0
 90
        6
176
     0
 90
        2
176
     0
 62
     7
176
     0
 90
        5
176
     0
 90
        0
176
     0
 90
        0
176
     0
290
     0
176
     0
 90
        1
176
     0
 40
0.0
176
     0
 90
        0
176
     0
290
     0
176
     0
290
     1
176
     0
290
     1
176
     0
290
     0
176
     0
290
     0
176
     0
290
     0
176
     0
290
     0
176
     0
290
     0
176
     0
290
     0
176
     0
 90
       50
176
     0
 40
0.0
176
     0
 40
1.0
176
     0
 90
        0
176
     0
 62
    18
420
        0
176
     0
 90
       50
176
     0
 90
        3
176
     0
 62
     5
420
      255
176
     0
290
     0
176
     0
 90
       50
176
     0
 90
       50
176
     0
 90
       50
176
     0
290
     0
176
     0
 90
       50
176
     0
 62
   256
176
     0
 40
1.0
176
     0
 90
        2
176
     0
  1
strokes_ogs.tif
176
     0
290
     0
176
     0
 40
1.0
176
     0
 40
1.0
176
     0
  0
VISUALSTYLE
  5
37
102
{ACAD_REACTORS
330
29
102
}
330
29
100
AcDbVisualStyle
  2
Linepattern
 70
    14
177
     3
291
     1
 70
    58
 90
        2
176
     1
 90
        2
176
     1
 90
        0
176
     1
 90
        0
176
     1
 40
0.6
176
     1
 40
30.0
176
     1
 62
     7
420
 16777215
176
     1
 90
        1
176
     1
 90
        4
176
     1
 62
     7
176
     1
 62
   257
176
     1
 90
        7
176
     1
 90
        7
176
     1
 40
1.0
176
     1
 90
        8
176
     1
 62
     7
176
     1
 40
1.0
176
     1
 90
        1
176
     1
 90
        6
176
     1
 90
        2
176
     1
 62
     7
176
     1
 90
        5
176
     1
 90
        0
176
     1
 90
        0
176
     1
290
     0
176
     1
 90
        1
176
     1
 40
0.0
176
     1
 90
        0
176
     1
290
     0
176
     1
290
     1
176
     1
290
     1
176
     1
290
     0
176
     1
290
     0
176
     1
290
     0
176
     1
290
     0
176
     1
290
     0
176
     1
290
     0
176
     1
 90
       50
176
     1
 40
0.0
176
     1
 40
1.0
176
     1
 90
        0
176
     1
 62
    18
420
        0
176
     1
 90
       50
176
     1
 90
        3
176
     1
 62
     5
420
      255
176
     1
290
     0
176
     1
 90
       50
176
     1
 90
       50
176
     1
 90
       50
176
     1
290
     0
176
     1
 90
       50
176
     1
 62
   256
176
     0
 40
1.0
176
     0
 90
        2
176
     1
  1
strokes_ogs.tif
176
     1
290
     0
176
     1
 40
1.0
176
     1
 40
1.0
176
     1
  0
VISUALSTYLE
  5
40
102
{ACAD_REACTORS
330
29
102
}
330
29
100
AcDbVisualStyle
  2
OverhangOff
 70
    21
177
     3
291
     1
 70
    58
 90
        2
176
     0
 90
        2
176
     0
 90
        0
176
     0
 90
        0
176
     0
 40
0.6
176
     0
 40
30.0
176
     0
 62
     7
420
 16777215
176
     0
 90
        1
176
     0
 90
        4
176
     0
 62
     7
176
     0
 62
   257
176
     0
 90
        1
176
     0
 90
        1
176
     0
 40
1.0
176
     0
 90
        9
176
     2
 62
     7
176
     0
 40
1.0
176
     0
 90
        1
176
     0
 90
        6
176
     0
 90
        2
176
     0
 62
     7
176
     0
 90
        5
176
     0
 90
        0
176
     0
 90
        0
176
     0
290
     0
176
     0
 90
        1
176
     0
 40
0.0
176
     0
 90
        0
176
     0
290
     0
176
     0
290
     1
176
     0
290
     1
176
     0
290
     0
176
     0
290
     0
176
     0
290
     0
176
     0
290
     0
176
     0
290
     0
176
     0
290
     0
176
     0
 90
       50
176
     0
 40
0.0
176
     0
 40
1.0
176
     0
 90
        0
176
     0
 62
    18
420
        0
176
     0
 90
       50
176
     0
 90
        3
176
     0
 62
     5
420
      255
176
     0
290
     0
176
     0
 90
       50
176
     0
 90
       50
176
     0
 90
       50
176
     0
290
     0
176
     0
 90
       50
176
     0
 62
   256
176
     0
 40
1.0
176
     0
 90
        2
176
     0
  1
strokes_ogs.tif
176
     0
290
     0
176
     0
 40
1.0
176
     0
 40
1.0
176
     0
  0
VISUALSTYLE
  5
33
102
{ACAD_REACTORS
330
29
102
}
330
29
100
AcDbVisualStyle
  2
Realistic
 70
     8
177
     3
291
     0
 70
    58
 90
        2
176
     1
 90
        3
176
     1
 90
        0
176
     1
 90
        2
176
     1
 40
0.6
176
     1
 40
30.0
176
     1
 62
     7
420
 16777215
176
     1
 90
        0
176
     1
 90
        0
176
     1
 62
     7
176
     1
 62
   257
176
     1
 90
        1
176
     1
 90
        1
176
     1
 40
1.0
176
     1
 90
        8
176
     1
 62
   257
176
     1
 40
1.0
176
     1
 90
        1
176
     1
 90
        6
176
     1
 90
        2
176
     1
 62
     7
176
     1
 90
        3
176
     1
 90
        0
176
     1
 90
        0
176
     1
290
     0
176
     1
 90
       13
176
     1
 40
0.0
176
     1
 90
        0
176
     1
290
     0
176
     1
290
     1
176
     1
290
     1
176
     1
290
     0
176
     1
290
     0
176
     1
290
     0
176
     1
290
     0
176
     1
290
     0
176
     1
290
     0
176
     1
 90
       50
176
     1
 40
0.0
176
     1
 40
1.0
176
     1
 90
        0
176
     1
 62
    18
420
        0
176
     1
 90
       50
176
     1
 90
        3
176
     1
 62
     5
420
      255
176
     1
290
     0
176
     1
 90
       50
176
     1
 90
       50
176
     1
 90
       50
176
     1
290
     0
176
     1
 90
       50
176
     1
 62
   256
176
     0
 40
1.0
176
     0
 90
        2
176
     1
  1
strokes_ogs.tif
176
     1
290
     0
176
     1
 40
1.0
176
     1
 40
1.0
176
     1
  0
VISUALSTYLE
  5
3E
102
{ACAD_REACTORS
330
29
102
}
330
29
100
AcDbVisualStyle
  2
Shaded
 70
    27
177
     3
291
     0
 70
    58
 90
        2
176
     1
 90
        2
176
     1
 90
        1
176
     1
 90
        2
176
     1
 40
0.6
176
     1
 40
30.0
176
     1
 62
     7
420
 16777215
176
     1
 90
        0
176
     1
 90
        4
176
     1
 62
     7
176
     1
 62
   257
176
     1
 90
        1
176
     1
 90
        1
176
     1
 40
1.0
176
     1
 90
        8
176
     1
 62
   257
176
     1
 40
1.0
176
     1
 90
        1
176
     1
 90
        6
176
     1
 90
        2
176
     1
 62
     8
420
  7895160
176
     1
 90
        3
176
     1
 90
        0
176
     1
 90
        0
176
     1
290
     0
176
     1
 90
        5
176
     1
 40
0.0
176
     1
 90
        0
176
     1
290
     0
176
     1
290
     1
176
     1
290
     1
176
     1
290
     0
176
     1
290
     0
176
     1
290
     0
176
     1
290
     0
176
     1
290
     0
176
     1
290
     0
176
     1
 90
       50
176
     1
 40
0.0
176
     1
 40
1.0
176
     1
 90
        0
176
     1
 62
    18
420
        0
176
     1
 90
       50
176
     1
 90
        3
176
     1
 62
     5
420
      255
176
     1
290
     0
176
     1
 90
       50
176
     1
 90
       50
176
     1
 90
       50
176
     1
290
     0
176
     1
 90
       50
176
     1
 62
   256
176
     0
 40
1.0
176
     0
 90
        2
176
     1
  1
strokes_ogs.tif
176
     1
290
     0
176
     1
 40
1.0
176
     1
 40
1.0
176
     1
  0
VISUALSTYLE
  5
3D
102
{ACAD_REACTORS
330
29
102
}
330
29
100
AcDbVisualStyle
  2
Shaded with edges
 70
    26
177
     3
291
     0
 70
    58
 90
        2
176
     1
 90
        2
176
     1
 90
        1
176
     1
 90
        2
176
     1
 40
0.6
176
     1
 40
30.0
176
     1
 62
     7
420
 16777215
176
     1
 90
        1
176
     1
 90
        2
176
     1
 62
     7
176
     1
 62
   257
176
     1
 90
        2
176
     1
 90
        1
176
     1
 40
1.0
176
     1
 90
        8
176
     1
 62
   257
176
     1
 40
1.0
176
     1
 90
        1
176
     1
 90
        6
176
     1
 90
        2
176
     1
 62
     7
176
     1
 90
        3
176
     1
 90
        0
176
     1
 90
        0
176
     1
290
     0
176
     1
 90
        5
176
     1
 40
0.0
176
     1
 90
        0
176
     1
290
     0
176
     1
290
     1
176
     1
290
     1
176
     1
290
     0
176
     1
290
     0
176
     1
290
     0
176
     1
290
     0
176
     1
290
     0
176
     1
290
     0
176
     1
 90
       50
176
     1
 40
0.0
176
     1
 40
1.0
176
     1
 90
        0
176
     1
 62
    18
420
        0
176
     1
 90
       50
176
     1
 90
        3
176
     1
 62
     5
420
      255
176
     1
290
     0
176
     1
 90
       50
176
     1
 90
       50
176
     1
 90
       50
176
     1
290
     0
176
     1
 90
       50
176
     1
 62
   256
176
     0
 40
1.0
176
     0
 90
        2
176
     1
  1
strokes_ogs.tif
176
     1
290
     0
176
     1
 40
1.0
176
     1
 40
1.0
176
     1
  0
VISUALSTYLE
  5
3A
102
{ACAD_REACTORS
330
29
102
}
330
29
100
AcDbVisualStyle
  2
Shades of Gray
 70
    23
177
     3
291
     0
 70
    58
 90
        2
176
     1
 90
        2
176
     1
 90
        3
176
     1
 90
        0
176
     1
 40
0.6
176
     1
 40
30.0
176
     1
 62
     7
420
 16777215
176
     1
 90
        2
176
     1
 90
        2
176
     1
 62
     7
176
     1
 62
     7
176
     1
 90
        1
176
     1
 90
        1
176
     1
 40
40.0
176
     1
 90
        8
176
     1
 62
     7
176
     1
 40
1.0
176
     1
 90
        1
176
     1
 90
        6
176
     1
 90
        2
176
     1
 62
     7
176
     1
 90
        3
176
     1
 90
        0
176
     1
 90
        0
176
     1
290
     0
176
     1
 90
        1
176
     1
 40
0.0
176
     1
 90
        0
176
     1
290
     0
176
     1
290
     1
176
     1
290
     1
176
     1
290
     0
176
     1
290
     0
176
     1
290
     0
176
     1
290
     0
176
     1
290
     0
176
     1
290
     0
176
     1
 90
       50
176
     1
 40
0.0
176
     1
 40
1.0
176
     1
 90
        0
176
     1
 62
    18
420
        0
176
     1
 90
       50
176
     1
 90
        3
176
     1
 62
     5
420
      255
176
     1
290
     0
176
     1
 90
       50
176
     1
 90
       50
176
     1
 90
       50
176
     1
290
     0
176
     1
 90
       50
176
     1
 62
   256
176
     0
 40
1.0
176
     0
 90
        2
176
     1
  1
strokes_ogs.tif
176
     1
290
     0
176
     1
 40
1.0
176
     1
 40
1.0
176
     1
  0
VISUALSTYLE
  5
3B
102
{ACAD_REACTORS
330
29
102
}
330
29
100
AcDbVisualStyle
  2
Sketchy
 70
    24
177
     3
291
     0
 70
    58
 90
        1
176
     1
 90
        2
176
     1
 90
        2
176
     1
 90
        0
176
     1
 40
0.6
176
     1
 40
30.0
176
     1
 62
     7
420
 16777215
176
     1
 90
        2
176
     1
 90
        2
176
     1
 62
     7
176
     1
 62
     7
176
     1
 90
        1
176
     1
 90
        1
176
     1
 40
40.0
176
     1
 90
       11
176
     1
 62
     7
176
     1
 40
1.0
176
     1
 90
        1
176
     1
 90
        6
176
     1
 90
        2
176
     1
 62
     7
176
     1
 90
        6
176
     1
 90
        0
176
     1
 90
        0
176
     1
290
     0
176
     1
 90
        1
176
     1
 40
0.0
176
     1
 90
        0
176
     1
290
     0
176
     1
290
     1
176
     1
290
     1
176
     1
290
     0
176
     1
290
     0
176
     1
290
     0
176
     1
290
     0
176
     1
290
     0
176
     1
290
     0
176
     1
 90
       50
176
     1
 40
0.0
176
     1
 40
1.0
176
     1
 90
        0
176
     1
 62
    18
420
        0
176
     1
 90
       50
176
     1
 90
        3
176
     1
 62
     5
420
      255
176
     1
290
     0
176
     1
 90
       50
176
     1
 90
       50
176
     1
 90
       50
176
     1
290
     0
176
     1
 90
       50
176
     1
 62
   256
176
     0
 40
1.0
176
     0
 90
        2
176
     1
  1
strokes_ogs.tif
176
     1
290
     0
176
     1
 40
1.0
176
     1
 40
1.0
176
     1
  0
VISUALSTYLE
  5
36
102
{ACAD_REACTORS
330
29
102
}
330
29
100
AcDbVisualStyle
  2
Thicken
 70
    13
177
     3
291
     1
 70
    58
 90
        2
176
     1
 90
        2
176
     1
 90
        0
176
     1
 90
        0
176
     1
 40
0.6
176
     1
 40
30.0
176
     1
 62
     7
420
 16777215
176
     1
 90
        1
176
     1
 90
        4
176
     1
 62
     7
176
     1
 62
   257
176
     1
 90
        1
176
     1
 90
        1
176
     1
 40
1.0
176
     1
 90
       12
176
     1
 62
     7
176
     1
 40
1.0
176
     1
 90
        1
176
     1
 90
        6
176
     1
 90
        2
176
     1
 62
     7
176
     1
 90
        5
176
     1
 90
        0
176
     1
 90
        0
176
     1
290
     0
176
     1
 90
        1
176
     1
 40
0.0
176
     1
 90
        0
176
     1
290
     0
176
     1
290
     1
176
     1
290
     1
176
     1
290
     0
176
     1
290
     0
176
     1
290
     0
176
     1
290
     0
176
     1
290
     0
176
     1
290
     0
176
     1
 90
       50
176
     1
 40
0.0
176
     1
 40
1.0
176
     1
 90
        0
176
     1
 62
    18
420
        0
176
     1
 90
       50
176
     1
 90
        3
176
     1
 62
     5
420
      255
176
     1
290
     0
176
     1
 90
       50
176
     1
 90
       50
176
     1
 90
       50
176
     1
290
     0
176
     1
 90
       50
176
     1
 62
   256
176
     0
 40
1.0
176
     0
 90
        2
176
     1
  1
strokes_ogs.tif
176
     1
290
     0
176
     1
 40
1.0
176
     1
 40
1.0
176
     1
  0
VISUALSTYLE
  5
30
102
{ACAD_REACTORS
330
29
102
}
330
29
100
AcDbVisualStyle
  2
Wireframe
 70
     5
177
     3
291
     0
 70
    58
 90
        0
176
     1
 90
        2
176
     1
 90
        0
176
     1
 90
        0
176
     1
 40
0.6
176
     1
 40
30.0
176
     1
 62
     7
420
 16777215
176
     1
 90
        1
176
     1
 90
        4
176
     1
 62
     7
176
     1
 62
   257
176
     1
 90
        1
176
     1
 90
        1
176
     1
 40
1.0
176
     1
 90
        0
176
     1
 62
   257
176
     1
 40
1.0
176
     1
 90
        1
176
     1
 90
        6
176
     1
 90
        2
176
     1
 62
     7
176
     1
 90
        3
176
     1
 90
        0
176
     1
 90
        0
176
     1
290
     0
176
     1
 90
        1
176
     1
 40
0.0
176
     1
 90
        0
176
     1
290
     0
176
     1
290
     1
176
     1
290
     1
176
     1
290
     0
176
     1
290
     0
176
     1
290
     0
176
     1
290
     0
176
     1
290
     0
176
     1
290
     0
176
     1
 90
       50
176
     1
 40
0.0
176
     1
 40
1.0
176
     1
 90
        0
176
     1
 62
    18
420
        0
176
     1
 90
       50
176
     1
 90
        3
176
     1
 62
     5
420
      255
176
     1
290
     0
176
     1
 90
       50
176
     1
 90
       50
176
     1
 90
       50
176
     1
290
     0
176
     1
 90
       50
176
     1
 62
   256
176
     0
 40
1.0
176
     0
 90
        2
176
     1
  1
strokes_ogs.tif
176
     1
290
     0
176
     1
 40
1.0
176
     1
 40
1.0
176
     1
  0
VISUALSTYLE
  5
3C
102
{ACAD_REACTORS
330
29
102
}
330
29
100
AcDbVisualStyle
  2
X-Ray
 70
    25
177
     3
291
     0
 70
    58
 90
        2
176
     1
 90
        2
176
     1
 90
        1
176
     1
 90
        1
176
     1
 40
0.5
176
     1
 40
30.0
176
     1
 62
     7
420
 16777215
176
     1
 90
        1
176
     1
 90
        0
176
     1
 62
     7
176
     1
 62
   257
176
     1
 90
        1
176
     1
 90
        1
176
     1
 40
1.0
176
     1
 90
        8
176
     1
 62
     7
176
     1
 40
1.0
176
     1
 90
        1
176
     1
 90
        6
176
     1
 90
        2
176
     1
 62
     7
176
     1
 90
        3
176
     1
 90
        0
176
     1
 90
        0
176
     1
290
     0
176
     1
 90
       13
176
     1
 40
0.0
176
     1
 90
        0
176
     1
290
     0
176
     1
290
     1
176
     1
290
     1
176
     1
290
     0
176
     1
290
     0
176
     1
290
     0
176
     1
290
     0
176
     1
290
     0
176
     1
290
     0
176
     1
 90
       50
176
     1
 40
0.0
176
     1
 40
1.0
176
     1
 90
        0
176
     1
 62
    18
420
        0
176
     1
 90
       50
176
     1
 90
        3
176
     1
 62
     5
420
      255
176
     1
290
     0
176
     1
 90
       50
176
     1
 90
       50
176
     1
 90
       50
176
     1
290
     0
176
     1
 90
       50
176
     1
 62
   256
176
     0
 40
1.0
176
     0
 90
        2
176
     1
  1
strokes_ogs.tif
176
     1
290
     0
176
     1
 40
1.0
176
     1
 40
1.0
176
     1
  0
DICTIONARYVAR
  5
BC
102
{ACAD_REACTORS
330
B7
102
}
330
B7
100
DictionaryVariables
280
     0
  1
1:1
  0
DICTIONARYVAR
  5
B9
102
{ACAD_REACTORS
330
B7
102
}
330
B7
100
DictionaryVariables
280
     0
  1
STANDARD
  0
DICTIONARYVAR
  5
B8
102
{ACAD_REACTORS
330
B7
102
}
330
B7
100
DictionaryVariables
280
     0
  1
STANDARD
  0
DICTIONARYVAR
  5
BA
102
{ACAD_REACTORS
330
B7
102
}
330
B7
100
DictionaryVariables
280
     0
  1
Imperial24
  0
DICTIONARYVAR
  5
BB
102
{ACAD_REACTORS
330
B7
102
}
330
B7
100
DictionaryVariables
280
     0
  1
Imperial24
  0
DICTIONARY
  5
1A
330
19
100
AcDbDictionary
280
     1
281
     1
  3
BUMPTILE
360
1C
  3
DIFFUSETILE
360
1B
  3
OPACITYTILE
360
1F
  3
REFLECTIONTILE
360
1E
  3
REFRACTIONTILE
360
20
  3
SPECULARTILE
360
1D
  0
DICTIONARY
  5
12
330
11
100
AcDbDictionary
280
     1
281
     1
  3
BUMPTILE
360
14
  3
DIFFUSETILE
360
13
  3
OPACITYTILE
360
17
  3
REFLECTIONTILE
360
16
  3
REFRACTIONTILE
360
18
  3
SPECULARTILE
360
15
  0
DICTIONARY
  5
22
330
21
100
AcDbDictionary
280
     1
281
     1
  3
BUMPTILE
360
24
  3
DIFFUSETILE
360
23
  3
OPACITYTILE
360
27
  3
REFLECTIONTILE
360
26
  3
REFRACTIONTILE
360
28
  3
SPECULARTILE
360
25
  0
DICTIONARY
  5
7B
330
7A
100
AcDbDictionary
280
     1
281
     1
  3
ADVMATERIAL
360
83
  3
BUMPTILE
360
7E
  3
DIFFUSETILE
360
7D
  3
FBXASSET
360
7C
  3
OPACITYTILE
360
7F
  3
REFLECTIONTILE
360
81
  3
REFRACTIONTILE
360
82
  3
SPECULARTILE
360
80
  0
DICTIONARY
  5
10F
330
65
100
AcDbDictionary
280
     1
281
     1
  3
ACAD_ROUNDTRIP_2008_TABLESTYLE_CELLSTYLEMAP
360
110
  0
XRECORD
  5
1C
102
{ACAD_REACTORS
330
1A
102
}
330
1A
100
AcDbXrecord
280
     1
270
     1
271
     1
  0
XRECORD
  5
1B
102
{ACAD_REACTORS
330
1A
102
}
330
1A
100
AcDbXrecord
280
     1
270
     1
271
     1
  0
XRECORD
  5
1F
102
{ACAD_REACTORS
330
1A
102
}
330
1A
100
AcDbXrecord
280
     1
270
     1
271
     1
  0
XRECORD
  5
1E
102
{ACAD_REACTORS
330
1A
102
}
330
1A
100
AcDbXrecord
280
     1
270
     1
271
     1
  0
XRECORD
  5
20
102
{ACAD_REACTORS
330
1A
102
}
330
1A
100
AcDbXrecord
280
     1
270
     1
271
     1
  0
XRECORD
  5
1D
102
{ACAD_REACTORS
330
1A
102
}
330
1A
100
AcDbXrecord
280
     1
270
     1
271
     1
  0
XRECORD
  5
14
102
{ACAD_REACTORS
330
12
102
}
330
12
100
AcDbXrecord
280
     1
270
     1
271
     1
  0
XRECORD
  5
13
102
{ACAD_REACTORS
330
12
102
}
330
12
100
AcDbXrecord
280
     1
270
     1
271
     1
  0
XRECORD
  5
17
102
{ACAD_REACTORS
330
12
102
}
330
12
100
AcDbXrecord
280
     1
270
     1
271
     1
  0
XRECORD
  5
16
102
{ACAD_REACTORS
330
12
102
}
330
12
100
AcDbXrecord
280
     1
270
     1
271
     1
  0
XRECORD
  5
18
102
{ACAD_REACTORS
330
12
102
}
330
12
100
AcDbXrecord
280
     1
270
     1
271
     1
  0
XRECORD
  5
15
102
{ACAD_REACTORS
330
12
102
}
330
12
100
AcDbXrecord
280
     1
270
     1
271
     1
  0
XRECORD
  5
24
102
{ACAD_REACTORS
330
22
102
}
330
22
100
AcDbXrecord
280
     1
270
     1
271
     1
  0
XRECORD
  5
23
102
{ACAD_REACTORS
330
22
102
}
330
22
100
AcDbXrecord
280
     1
270
     1
271
     1
  0
XRECORD
  5
27
102
{ACAD_REACTORS
330
22
102
}
330
22
100
AcDbXrecord
280
     1
270
     1
271
     1
  0
XRECORD
  5
26
102
{ACAD_REACTORS
330
22
102
}
330
22
100
AcDbXrecord
280
     1
270
     1
271
     1
  0
XRECORD
  5
28
102
{ACAD_REACTORS
330
22
102
}
330
22
100
AcDbXrecord
280
     1
270
     1
271
     1
  0
XRECORD
  5
25
102
{ACAD_REACTORS
330
22
102
}
330
22
100
AcDbXrecord
280
     1
270
     1
271
     1
  0
XRECORD
  5
83
102
{ACAD_REACTORS
330
7B
102
}
330
7B
100
AcDbXrecord
280
     1
460
100.0
461
100.0
462
100.0
463
100.0
290
     0
270
     1
464
0.0
293
     0
272
     3
273
     3
  0
XRECORD
  5
7E
102
{ACAD_REACTORS
330
7B
102
}
330
7B
100
AcDbXrecord
280
     1
270
     1
271
     1
  0
XRECORD
  5
7D
102
{ACAD_REACTORS
330
7B
102
}
330
7B
100
AcDbXrecord
280
     1
270
     1
271
     1
  0
XRECORD
  5
7C
102
{ACAD_REACTORS
330
7B
102
}
330
7B
100
AcDbXrecord
280
     1
 70
     0
 90
-736978550
 71
     1
  1
7C13B086-18DF-432B-8AF2-E2E05FBC8867
311
504B03041400060808004AA2835ABE94DBE739010000B80200004F00000044463138454537352D434541432D343243362D423333452D4244324641413238323835392F4173736574446174612F446566696E6974696F6E4974657261746F7250726F706572746965732E62696EB5524D4FC3300C2D5F420821C185F3FE4048
311
9BAE5D4042A81F29A74913FB01552861AB9476D3920A8E3BECC0BF06BBEDD8E03E4B2F719CE7D87ECA97E338DFBD81EB1C01D6B05EC1FEAC6AB52A8B6931579574CE77913DF718A2784CD5BB6CB4C5B471690AA5B5ACD5A23137BBAC41252DBC27F51D265D00B601832FCCBA6AD8C047D7D327B88E7C5B3E3C4963947DA469
311
E67121460149449490214B4212FBBE2071CAB228629CF1E09EBE28B3685685327494787EECF290783CCDC8D06731E151C68860C20DB238E13C1C513B6FAAD75A969ABAB46F215FD6332C8D7602403DAE619FAC4A538D9595BA97046768838405E19F034E780968D9746A95D2FF546A63033230D296F52950CFB67474DADB7D
311
8990B10618BCADB007146A0338B040F964612C73BDA0530ABFCA2D54ED15B3F9EFFCFBAA01E1C0F603504B03041400060808004AA2835A878A74BA90010000C80300004500000044463138454537352D434541432D343243362D423333452D4244324641413238323835392F4173736574446174612F496E7374616E636550
311
726F706572746965732E62696EA552CB4AC350109DFA2A05857E420505052FE4DD74953669E34A28D4A52025A40FB00D2411B7D9E9CEB59FE06FB87621E84A3745445C4937BAD5739386D4527CE0C0BDE7CCCC99B9C99D7B46441F1303A51C56847D0DB8EB0E5DBFEFB49C9E3B686F2050B644D914748D897ADD668A2C994C
311
AFD9126B480D41B54D4BD7B5723E2BE425B2A8D41B925A61AAA2C84CD1249199B659676259162CCDB22AB54605B2C4B60FCEAFDEB6EE0CE002221156EAC798A8C6064FC65F0A2856A9C85D39B65B83F36F6C9C0A40EC8BCBC797C293318B4939043867114E34D3AFDA0D9E8DE4FCD52435E26D3215BF4F9EE9C4F63EC98CA6
311
14993666E957CDC1F85F931949335599BB04CA27C70F6D9DB443A7C7F63DFF38E0F12E0DA9440E79C090DAD407068874C003445CF82EF9E03B5F740E7225DA2411AB04EE61EFD2323AF2F7510436FD7E30D873C3F651F2441862BF7922874D2F082541540B691326A9DA5F5E4B8E56501A61D1CF53E417C32D45A239D71C2B
311
10CF4471646A9B9FE1A35E872A7FFF707AFD7A938C78760CF34BA77AFF9F7E02504B03041400060808004AA2835AB5A795FFE3790000DE7900006B00000044463138454537352D434541432D343243362D423333452D4244324641413238323835392F5265736F75726365732F37433133423038362D313844462D34333242
311
2D384146322D4532453035464243383836372F7468756D626E61696C2F302F67656E657269635F706E6701DE79218689504E470D0A1A0A0000000D49484452000001000000010008030000006BAC58540000000467414D410000B18F0BFC6105000000017352474200AECE1CE900000192504C5445818181B3B3B35A5A5A48
311
48486060605C5C5C6464648383835E5E5E6262624E4E4EAFAFAF4A4A4AB5B5B54C4C4CB1B1B1858585B7B7B7585858ADADAD7C7C7C464646787878ABABAB747474A7A7A7686868707070B9B9B96E6E6E6A6A6A8B8B8B666666545454565656A5A5A5505050A1A1A1BBBBBB8F8F8F9F9F9F4242425252527676764040403E3E
311
3E9B9B9B7A7A7A8989897E7E7E9393939797974444448787873C3C3C727272BDBDBD3A3A3A6C6C6CA9A9A9A3A3A32020209D9D9DBFBFBF8D8D8D9595959191912626269999992222222424241E1E1EC1C1C1282828C3C3C32C2C2C2A2A2A2E2E2E303030C5C5C53232321C1C1C363636383838343434C7C7C71A1A1A0E0E0E
311
121212484A484C4E4C1616160A0A0A4A4C4A787A781414147C7E7C9193915E605E464846838583878987B1B3B18587856668665A5C5A626462818381A7A7A5A3A3A1B1B1AFADAFAD7072705C5E5C9D9D9BABADAB7E817EB7B9B7585A58BBBDBB4C4C4A8D8F8D747674B5B5B3B7B7B59FA19F606260ABABA9A5A5A39B9B99A9
311
A9A78F8F8D6C6C6AC7C7C5451AD12700002000494441547801DCBD89771BD7B5A70B8EE04C702641712605CE034890E220088028C93245451215B713AF388E7DFD9EEDB8DDCE6ABFF4B57D97137BE50FEFEFDBA74049B6AEED74869B7E87404D2814EBB7F76F0F67A8835CEEBFA0E42B854AA5B2BB5B6BCC951A8D52A93657
311
A914FE0BEEE39FFE2FF395B9B9C6CAD2D4C4606F4B7FFF8D1B37EEDCB97587F7CD9B4343BD134BABE7DB48E3FFA7A228ECD6F6574E4786C0FC8B5FFCE2CD5FFCE297BF7CF3CD5FFC92B52FFE58BFF9E69B776E0EF5F79E55CBBBF9FC3F5D3DFFB07F5898ABAF7CDA3B74E74EC0CE20230561BF096E97E05712BFFCC59BC805
311
39DCE83DDD6E54FE61B7747DE17FB8980BBBFB2BBD4337DF487881AAE6C5ACC6AF25207877B2B527BFF1CB3B77FA47561ABBD7F7FA7FE146A5B6BD74E3164C7F51449AE95DB412200EC539418717E7F2F11B376FF62E95FEAF1442BED0581DBCA1BD2780D23F506AFA16E1A7AD974EF17876F00DD7BCB187A1A97AE51FCED5
311
BF2BC1F2BBE5B3C19BE27B43CF26DE00933658FE129B109C2FFF922CC22C4260FA01BEFB462A77DEBC35F42F600C3F5B0795D2E9E02DAD5E650B4438A92801B65C35CBAB7B1EE5041CE69D3B6F1822DFB873EBD6AD3B6FBC71EBC6C86AE967DFC2DFA4CEBFF1BF54F6276EBC114E2F43FEC60B01A0D440A868B2920E5C4BC1
311
0D60931ADCB871F3268B21D3851B08E1D6AD9BFD4BF57F7577909FAB86F29B982571136AF01DF5FE32AC3BD9406CAAF2440A54CF176EDD01FBADA1FEFEFE21FE4C9858DFF4183458A9FD2B6708A5A5A137E0EE1D11A9EC0C7C58B2C73C0AD6B479BD76B7790CF899E287FA5B06FB7B07C9195B7851FA8794031EF1FC5F9406
311
BBFB23375420286399B631E93B08022A785C4DBF9996EC3551874094D71B6F487E80F6837E50F483BDBDBD83232323AC420A18C68DA196EDDADF68A77F938F78FD972BABBDB7B87FB164AC6FC2CB760365821ACB74AED44FFAD7E7431ECD7E08AC421F391D199998989A383D9D98E8E56F84A318C58D9BFD2DAB73FF5222C8
311
EFAEF4DE7AF30D756E5108683DA471E70D0502099A7240F19E4089D3FD203E620F1B47BF43501E85031AE44B4B9F2E4D2D9D4D51D8970983FA861B3706FF950CA170DE82F6B312CC4F42C8966295F7D725ED29882415DC055F36DEA1FE96FEC141493F05FAA9A9A5A595B333DED5B3D5A533F62183323032F46EFF13EA0AAF
311
A5FBF7C8976F8C10F7280A014832593B90004D52341980D907EAEB73411EB2F1EBC9F507F92746C40E7AE0AFAE54292BAB2BAB67CAE0746264A277B06508168C94BF772BE9765F7BF0B548FE1E07F3B5A521340A5CB5297C4B12811B89E82191ECF3E41B3259C529F135E23CF4C7F961FB13537F5A02ECCAEA76B5BA5D3D3F
311
DF3F2FEFEFB3AA22053E5008833428DC6C59FA2F770595F311F235D427F379BB8A121BD901B96076A388DC4C3C61C7933CCCD770FF375A6E0CE9F535FE2534BF5ADD3E3FAFD71BF57AA951B6D4CFEBFB8864758A26154430080B06ABFF557610ECC93726224F155D1471041E0D42F82F4891C926C1355B0831649FF365F46F
311
F05300A7A790BD8ADEEB0D4AA9569A9BDBADCCD56AA55AE377F5F3F3EA2A34983A1DE91D810543138D7F28E57FF4E2B5335A3928B76EA1CB9B00BF158C8F63A2E788826896D0B5E7C461949ECE089144F8EBEFC7FB4D8C9C4E9DAD60F7FBE572B416C2F2423ECF8B86C439E450DA970634ACFDA977629098D0B2FAF313A36B
311
3869E37AF7853378CDA1171FBEBA95DF1E44FD5144A420588641B0055A79ED91CC0DC41E27064512FB33F1F04D09D0D2DF0203A646A6CECE80DF28356A348CED8C4F1EF137B9319E1BCD29867CA556AA97F7B757567006A447FD375A26CAAFDED9CFDCFB2BB0BEEE8AA5911BC2C7F85DF88A3775389990AA72219D58240921
311
0F85A4E66F2987D875C30848023088FDF77E87F96FD7CBA5B9DCCEF4F4C9FC7C676777577B7B7B67E7ECCCE4E8DEE85E81A6D55AA3BC7FBEB242589CE8ED4770E785D7DDE23FF2587EBF57F50B9E820527316488E5C32D50F979BCA58207297E2B6D658702FFCD211840FE43FC9F3A5BAD9E97E6F21B9FCF16BBBB3A3A5A17
311
5B5B1787875B5B3B86DFEFFC687A72674F19D46A8DFDF3EACA59E405375ACE76FFA922C817CE86A89BDD92F400F2C55B7462F610459837D3A61ACF50C7471C8F2F2A9D38C3DA2F068007F80EFCDBFBE5DCC674B1D83EBCBEB8BCBCBC3ED0D3D333D0B3DE33BCBEB0D8DA35FBF9F8CECE68AE020BCE61C112A4C1138CD47F9A
311
D13F7DC6AB9CF9CFCFAF9D0E01FFE6CD503F5B91C5218E2899CA15098714848B04FCE5654884ABF0E554F11F6C21D73D5D5AADD64B7B9327DDAD8B0B7D7D6D6D07070763BC0F3E38E8EB4310EBEB8BC3DDB347E3E37B5842B97C4E44A0C630427E5CFDFB71E03F471E12CA9FF70E055AE141042DD81234B879EB4606361D93
311
28149037D7D76A571A7E974FA20AD0323832713AB5BA7ABE3B3E3D3FBC30307070B0B9B645D93C3CDC3CDCA41CFC6AAC2D64D0D579B4B1B397A7C1BDBEBD7D36657A3CD4B2F44F4909F2B9CA597F4245C59DEC354316F0587020D0C661742BC02869435FD12CF195C422DB3C5A3E2305C000CE6B7B27ED8B7D63079B5B5B87
311
8787C787C7C7C757C76C51B60ED60EDAFA06D67B965B3B672677080BB5329E60E9B477847AE2E9EB53E35779FD37EFCD2D0DDD68AA355B6B0D81860502B8B68C801F5C697E9AD62F4B406244CB975560BAC756AAA577675B07C6D03778C17E7C95CAF1B3ABABE3E3ADADE3CDB1B1B6B681014470343EBA979F8B9038354572
311
7C63E43549D14FD0F927E5F1FDEFD7263058FE02EBCD1BDCBCA053496BD58E69BC44F9F854D4D979AE9ADB908824382AC1D4014E9756EAF9CE85B6B54DB01F02F8EA5908E0D9D5F1B3E72188C3C3AB67879B07C8A0A767B8B831FE5E7EB754DEAE5261460243FFF07858D8EF0D658BDC563A2C5EF5833C13C90B69248C4DD9
311
7842B61DFA7F210A2F6108A0F96B62E2D3B3F3DD939EA47E30ABF5AB2B903F4BE5F9B36757CF65021E616DAC6F60A1FB647274B4B05B2E5341B082D43278F67D8DFDA48AFF9A13F22B34C7586C9992BA6E66CABC190E313E7C811AA57304B421A75B289B9D174CC868C24548823E230B9A5A2DCD2CAFE1F98E61C015CA7E96
311
B083FC59F3ED06EE60F360B3AD6F79787ED278D0A86FAFE00BA9220EAEFE1D5DE1F7855939C3FCC1332426B377F692406E022C010DB437EF009803F0DCFD3B7C94440571D8F2C328F115F47FD324802070BAB43FBA80EFDB92FCA1F7E7CF9FA875CBB327CF9EB08C4DE4815BC4210E2CB7CF1CEDECEDCED5B7574909682868
311
99FAF95583BF46F9393CEE6A86D6F618CAAD9BFF0BE22B042412C5CFB50556815CC5BBE33E9F61ECEC26A9BCB8145FD10590078F9C9E953B513FAE1FE387FAC246E14F9E3CE7F5F8194BD6594140876B6B84C5D6799C61A16434201E5237582AFD75C07EEED9863F463284E2E13425A036BD41061259289B6BDC1ED656FC8B
311
8592C9D00701E27CEA749F0D8EF44EAD8C1F80FFF8F8F9D513191F6803384C800097F24069C407CFAE88136B7DCB3D5D4A60B711F19070D83235F77331FD35E715966889038E2E0B346EAB7936C4162043E1A1F144093695443A570144898BC4079CEF1912809A3035A1D3F361235F90FFF1E3E0FB93C7E2750719F88E7D8E
311
68123883ADB5B18185AE99F1D11C1238A792DC4BEDE8EC6FF503DF377E0445F68FAF4E08D43082D02170F30131A154206CC559A8D9CFDD762B31273E4947A581E0D9BB71E33FFA07CD02CE2A6BE1EC80167497F2A81CFA3F7EFE58D0CF5D5D170DE4F89070B0BC4040CC17BEAC6B0586C3D3FF0309BC06F44B04A1E1372992
311
9B4DF73C44070692C810B08AC3012E8EE9EAE22067796288C193B2139B970B86F47FAD0F98382B1E035D9C32FD318A4FAFCB274F2E1FA772F94411B0CD42493C23393A685B5FEF3E1ACF554AF5F3552A478383374E6B2FDDFC4F6DFE38F4F4ED7A7FE838F488EA852482F412D3CB07E293D02C9F074F12E84C5AAC42327145
311
0572A385449844706475FD38DC3C22486A0639E5F1E38B0CFE93CB4B25910EF309A2224BD8DAD40C682C28341AD69047E8539A6AFC14EC573F7FAD10AE0FE6EB13E87B28E093B513B5803514DE408809BC12A14876DE0A25F643009E9176D9F0C330164285A7444DC8CAF0E9FE41429EE0A2F6A6DE91C0856C501272404A84
311
68822E24C807030B1D33D40D4AFBDBABB411D093D88C86D7205E05FC57EDD1F805FA4CED5920F0CED39157E007CE21757C5DE440ECBCB46CD283E378029B43FB077B4F47E60E9F61E8D01BE017D7E843EB49F50A2028F1E442FCC90C9EE308E4C0C2C94EAE30B75FAD3A0EAFA57FE9EF960F14BE15638840EAF3BA490BB685
311
0EDB38EECAFD21A0C746D0C4234DBD035EFC7EDD121FA585FAB73DB89FE6A03CF833AB0730E5E2F1A36CE3F202A128934B44E396961121E1F2C9F32BFCC0C140CFE22C1CA8E109B182919696BFB98120234F61B59F7BF46EC30CF067B21A33B0FB3E402448EE266CCD93135A8E823DB31F85E677434E608F53F8100BC0098E
311
A2FD6BC01770E0F2F2D1E5452A711C4BB8486248FAD756D852026B6DC90A2AA5C6B69E9068B8F27AFABFFEE8AB36F1D23985D5960014FD711940800B560250D2272CC54FF1D3A660B275AC3881E349689C1616E1E9044129D032313509DE4700BC867C71F128C400159407C761022BA8A040F40A244788808C60B3AD67A175
311
76279F6F946923191921B0545FC2F12AC0EFEFBD7262B6935679FC7F80629160ABFAEC88E8430E76D82A8DE62ACE50BD4A42FBF03B387B37FD321B37E31C3F063D99703F5160E6C9E5A300CF32A91E0A085A29C0FC507F6C21012303C6104B82C1F1E156DB3229D1A855A32A8352C9077AF733A0AFE0FB3EF81FDF2F0F82C2
311
1B0EB06998866878B103305E31EC17F4FD43831E570A2118D1667632D4FFFFB125782F96168A833DBE78C3F11F8383A79D49F58F1E3DBC780417AE6581381E8610604888E2913E12492881274822C221AD04CB0B1D273B8542837460898C686864FF6F801E8269F40AD0481DFAF5E6E9C1F3BE391C325004DF0746A4E4448F
311
7B52C0D5EAD39EC46896B888C4210D68E99DFA2820DF7FF850EC407EB55C3EBC5028611409BFCB8889C90F1C52355AEF98B18100094C9D0EF6F64FD47E5CBF3FF5293DDFB4B50DDD54F351446FA1F14580DC3902C085F593CB24ACC917B213BBC11B3F0A61042FD8B24F4FB9C4556D0CB9E1A880DE89934CE9607F18F81FDD
311
950DD0E1D143F41D56110E227C250621FF098838042BC85B5B6BCBCBC31DD37B34966E9FFD9936A2FEFEA9EBA4182E5CD3E17AE35501FCE0707E5525A7DBC64DFD077825BE37CE0BBE1BBEC061410C660B6E49912665E2B3749C7C9F93834022F74CDE6CA5EB501D9CBC04B768292C5CCB84478F3CA83074092C6082169015
311
E5800D5839DC6C1B58EFE83ECA513BDE3EFB8EF1242D2D4B3FD55AFE03D42F8492AF8A3F21444FA2FA9ABBF525EAF84C09F0168527B0138A85D1EC0443C467B28BF844EAF76323BE13D7C11F72FED783837B970FEFDE7D7817E077C17EF7E2A1C2C0FE851FE4C008388C15E818958746129E1009D054B67530D6B3D8DA3D59
311
D82D9D57CF70039FF50FFE0DE94089DB269C3655A4F25B38C49D0BD48E59F1526887C18FC5272197F85CA72862A593A4843CD25F920487DDF7AA0441A2C0600D062001F103FCEEA3D8560CEC3EBACB01CAE5A51E420349F602191E5F901893142381351CE17047E764BE50DEAF9E4D8C38B6ECFFACEB141E54A6865A88A601
311
33EE9CBB4C256930B0B168C1C3AB59FE1743FB422C7166082E934AFA5EFA3E4BCE0B69362FA7041818B7FDECE1DDFB4D022007CA23E521F0700AAEB5888BBBF08023E128B4045381542FA256B0D04E28A0C3804E233A1BFB476A2F48FD135BAF9843BEDA3264EB42BA499601F16B566E72C7EA35908ABCB9176BBED43204C6
311
96AFD3D7B24B08D3AFA44BE243D88A6D9D0B6562B52F741E1610C0EFBBAF2B0829289A640EC4C8A4FF66A24430786CEBE1E1E61AF9507BFB496EAEB64F8F49B4129EBDEC065EC1F8A3F228A3CD0950883B41BEC6D1944AE06147289600A7726313AC69A3F91197F1438BCB743E76F01F6EF1D1C854071670FFFE43FF1EDED7
311
02EE5A14C85D0C42DF90B86068800659AC88981855E3E774A71C0CAC2F76754EE7CC87C808D1E1E0F6CF47FD4224731337BE1E39C5010823EE997B1491BBD99FC8D8EF77482BEB5EB2CF66499A8E0F7511B19B3EFBDACB6507BC78731B1B383D02FFDD7BE8DD9256F7D0BA7B46015941097B80018F700FFA024CC08078F518
311
06100ADBFA163ABA8A3B95B9D2F92AC30BC908ED31FABE0CBEBFFF0279B675868F9AA24E9530B08C174055B7F48E4F58002F3E82F0BDFA003E8B431EB6C4A91E4D9B5FFB791265BA8827BBE5F1BCFA7F789F72F75EC800F8AE43FFAEC42F13009FB905A9A0132015D0068ED7682AC608BA6771038DEDB3B33082891FAB1ABF
311
5614F93238079726B833958796B845B731FCB86316713C1DC581B1E19B424EE32674093F80776F7E27C6FBFAC85C536CD955B96EDA2A3FBF770FF4BE11845470EB3E42D022000E0FE07D161811020742162444668308801E133A4C163BE68F6826A5523071CA78B2FED51F28F8C70FE4190073A3E5D3259D7A288CD19BDE62
311
3F10021BAB0C6E327FD507B2741627727EA00D31856492F9F009D7F152D930704E642795C1C1B336E0DEBB7F0FDCB79318543B25341F36802D64A981A690B94259607DE0B19D466BF8C1C5E1CEF9A3FC5C639FD6117B4BAEAB453F8EFBDA500A67E8BAF76C8A06566E36EE1184E8329419161F83D843D5DE7D8221163E145F
311
56921C3EE383978072129E290A9B7166E63D26BAB1FCDBF710009E4051842390031845F20077CD079407C575F20364C4910ED2A574BC357630B0BCD8DE39335EB175646A698458F6A346F003A93002E846FFE0C459B8006E506D79BF902908A0AA05CB5E73530E33BA1D3C2EF99C712B7C8B41DF4D2A7830BE8707485FCFAE
311
EB85A09AB6D39BBF7B4F23E00509C20DB04E240822A4B810E04D8D53D10D504C059ED86BB8697F514777717A8F8144D48A4C89077F7EDB00E2D89DC02A7B975640A282C49A4AA84B70B12BFED8EA6584860DFB7EE23FCB00C6BAF7332FF259FA3C9346508813E372F1DDE425065BB61FDF8300F7EEDDBE8D0C6EDF46F7D882
311
3478590AE23759D60DA6B7A9F125EDE8F4A5D2B37470D0B63C30DCDE3D3D59A8D1501EB1B0A5377517BDD6E301F995E3F955F0F58FAC2E81CE172A8344AC03DC6781939D2484B8FFC15E8F3ACCD3954CE19576B942D0A029188EC7013FE59AE90B71292DE774F1F63D60230180B30A2EDC65291B6211B4081128856001A680
311
015CE000708254891851D4B3BED0FA4D7166B466BFF1D2A924885AD12B387FC0FCE6819AC3AE06A7AA4B715F0927B74D119D4A668FB54B8A8C268D8B038A207D10A7B1E95E42195B695BE0240F7408B311257C23F581E987C180140C584A02B1670CB817CEC0A080F259F1360E58452013200E3EC107AC1DF4FD7B0F6D23F3
311
3347F9527D9F51E6138E31AF35F1BDAAEEEBA3D71BB402E2FB47CECEE96B4DB85536772B07C82A34F3E66D0BCEC207FEB9E70643761276F7B50D5EE963CFF80C7AF4A2130F5BF8C4EBFB5F07B709840480DBD8007FB7EF3F90104908BA457D43AA2A6A02C91422285E5AAC143F3313A0CB74D9D164933B86C25587134E8D34
311
2B453FC982860D09FD13ABE72055ED020E85D3E312F74C25CB0293D978A1C4001927C80B86FD06349126EC219F0C735C8053D8F5F310817EA01F1B7851F406144C211C6362C27DD51F1E310C0102280ADB891E9B085CC528A2B1369A46BA195B9A2B351862CE43174BA73FB7CBB430A5798F4C54B7333B96C3224A9863AD02
311
B9FBD8E63092191924E77C199D92887DA594B6DCF0112857162FD0949FE6A441F5E62E42FB2105BC405A2301A3424601DC807912CB2C39C604A27908021CDA30C4C8C2019A883B3A8BD393BB3546136EAF561980FB63E9E035FF73B96D09A905ACB2C11D79571C5159026227DDBDB81396EB03F14100BEB66DE1FA9EF82C3E
311
CCBE318119C4269FD014E66361FC8BB0B4EA9A98EF3D8848A01360430284335004C183CC25BCA82D2302EB03B8419241C64DF4F5ADAF77B533BE786334BFCBB8DA72BDBEFFC36103AFB30608A0B39B58D93F0BF42180841DD26BDC22CF0A770E90240006BAC65197D90920131C7B2EB3CFD3C71C6378A305EE8488FC1FF8D3
311
91E2BDDB0F6E3F45E7C8207C419800DB410073A3173942CA8D5242642A74496FF115832A6314D9FA4257577BF7FCF8F8E8CEE8DEDE5EBE76DD3CF892BA7FB8B90F629431B5525E92A15A3A4A6FEA3FDD73136172060959206591F4C927196CF645AA285CF3014630121754261C0D31E1A7E3DA2DBDB54B04703BDE3A4209F0
311
2045C4BB0F529A14BED07098A2A1CD47513DA64B512F409BC01663090796D787173B5AA141B1B39BB470EEBCF1E30F9D263ACC4D05110797CEF7B923B027F089F74D1D06F0A4D8C0CDA6604023FCA45B76C5CDE0BF3845ECBE13E0C0ED73700A8A753C1AC8AEFFF1B407FC8A20F42F0D94019121DE304077A027D4112283BB
311
8FF0072444D68AAD111D6F591BC0061854BBC048EBBE9E81F6A33A95C21BFD13AF3C7E7DCDFFEB0DE8903F77B41DF178E99C289895B0EA8CD640549D68935BA7C5294E0A1D66DA0CC419BD398E6265789CA1241441AC94532A3C19C95340BEFC68703077EFC1D307B71F3C500859C11494838E902203A2BE90EACC5135B80B
311
078804340C920C2300BCC06F7A1C71B875DC572C9BD1D84BD5FB9363CA6BA7D03E5C40FDFC54FC23C9B4B9DDD028787D89219038523BF64E638BB37CC25335937A00DFD32869C5B390C8C32FF25C8C47A7181B4A599A224A9DADB0E0406FEFF9F183B7448F081E3C55024FB33828784AB61704482CD0160C04174F9E33BA92
311
91D58C2F1F1B1B3B5863B0D9F3E51C35C253D54A23E560E2C0CB3A6F7A81382601C2079CAE96B7B1560D20A341E85A928A4E01083256420576C2ED477E2E565FD9223BCC691CF394D3D8E281501E0EE5C1C8159E92585D255CF30CC854C75318006EA4A01028EC853F9407C6053910BE105348324002260254886C156260F9
311
189EE0F8C9A3CBAE9D5A992184568A69D5183A7DB97DB089FDC57AEE54F858FE54F577DBA85309640290F2D220952620750C5811FB772A7876D1E4040FBFC6474D51246D8B3FB378283FB514F8AB3C20B8BF7DBE5DE541C9A5D3D38DDB30E00151E02523081BC89C2214103E0BC1B3D0199A08E002681A2613A2616CEDF0F0
311
F9C5DDC75DA395C25C0309C03DEC8091A4AFD3FEB504AAC6633930556DAC86EE3561941E862C4A75DD6B6BB3A0C59BE153DFA73EDFCBC3CE2188D3D378FC976D0EF9A95B7C8532F527CE3CF539581E0FE501291E9139FFB65EFF5DBD8E0C18DE3077170A64E033FD278F18068028802F156C3809FDEB11B1019C208D020C9B
311
A2870457F0F8E1FDC7EDD393E3B9FC9C4308E9315704233F960E554802C14716B0B45DAB5EAB5E25AB7830EBB8D25E6CA94E4AA01794FB1EE164FE9F040FE82C940A4BCEF913075D087E85A7237D3CF29C47E4E676777779528C4781761F0BFBC1D3A77880E40C9A2E5109180D5255317890394229F0F082010354082D574F
311
1E3FBAB7D6553C2113DACB97BEB5526C7C6F69F9310A94C46CD89FF8F379AD1AA035FD00FF3F320180F01417A6F255A3A8D86319FE0C0B0E06A0DCD33F79841339C01E5BBE1911AFCFF7C1E0A540BFBDBFCF2372352686D863F83F59CB6865F43104007EE06F52406F680341102048A01BB048823082CBCB0B6AC48C313F3E
311
7CFEF8F2D1FDC3D6F6F9F9D9E98D9D7CAE5EADE2A6512FAD7AB526E17F600C85550DDE9ACFE9D97E694513103BC69F8A2813176032C890C1E9C49FC09C61670FF8705B1D7386260E7C8E7122C7F8208A55139E8C8D4763F7EBF5728DF9C34677364E3A3F9AEFDEC9CD95470788834F9FBEC512379890B38C94205B2557987C
311
4186DF5C0837608DF0F9F3CB87B7EF6E920475752A01460E556919B2B64296FB9FB70DD5F47232A0F77465BF140CD001F00ADCA175090E2665A14E6329B62660E02A1CB50C6025E3DA252A670B3F0FFAA5EAD94A509FE7036B159E0D1D9F2E76B7AE1FD5A606198D3A747AF450023CBDFD162278B9446688111009B4029B0F
311
2180AE20A542D40610C073B47FEFE1416B2B12200F3C991C2F54EC2491027A816B0A34A9D05C6F437AC23462385DADD75642EDDA738AF1600DBE07EE8437804D2D011A94DF71C2085EDD40266A407FFA1D1C00B0C03927E60338E3B9D8C47D1F8CAED578E06F7CFAA4BB63B175FA7C301B747CB377F45192003CB8FD34B120
311
09224543D8604494011A80C1903CE0518C986208E1C5FDDB8FDA161686873BBABABAE74FA637BEA894A44078C19696F326E057D7F95D061A6B0394A9D5F2DCAAFE4C2388D8A6E9AB7695CB0BDD0A332430F1A9333DA41D1FFB97FA09AE84E738C75C407C260408F8DBD5EDED7DE1570A7BE333C54F16963B46AB0C2B71208E
311
A3D16EF4EEDCD7005241166C005A73C03164792151205C007288AE337B4D7103741BDE7B7AC913350B348B2D767515674EC6F72A0402BBCB41C81305AFCF05F2758D3ECAC8D26AB97606DB9581A4B7A8FFB068CD5C0604E6849046B70C2B60FF0CDDF93C13822B4E82FA0479A68220E66D9FD775FB3C1A9CDBDB9829B6AF2F
311
77EC9E0678FB20ED8D1B1A1A39D10F9812E20D6281F5673121AACAA9C53424000DAC173F7E18C3052EEE3E78E7F1160F5AAEAFB70E0F7775CFCE4EF384DDEEBEB9C0889D5243BDF557559FEDE5F17AB21E118C4C31A3DF6A96B56AC62180293910ECD6B721047664BCFCC6B2DD3C65CA0F0C823DFEF84083C7ECCDF05898EE
311
F158F4FEF97EB9C123F1B9D1D1A3D9F9AEC5F5CEDA84A3C96C14A55584D62893D6A54D8D2028D05C8B1F124884543F3223B29D208B04910D3FC43F5C52196AEB5B5F5E58E8E82610F08C21BD443801233C0CE8BD1E40F84A1CA86001990048031ABBAB11EF83F9283EA89F181F2A0D9A9F62D94B7F625FD727E6A93F63F200
311
F614F7CF100D4511C07DB45FC5F0CB4CA359ABE4774631FDAE85E599EA0878A3C33D5AD6430CF4C055EE5FDB80629000D7855DED3F436F3B61B3DC7FFACEFD2B1BC6FB0696312CFA477CE87A87070C7998E04FBA78AE3F915A065E819FCF35B410321D9ABB308146A11AD5196CDDD7C477A171C8AFC74B45CBC6F641AB53C8
311
D4ADA5870C02379BC0470CF83DB55F073E29CF5CE5F7A3F8FD62EB7AEB1774C2C6780B9523F9287193FD23DDB79FBEA513B45200E2E0C1B51350163AC19043C600F2C1DBF7DEBA7BB9B5457BC0D840CF325EB0BBABBB786D301437000020004944415472B491ABCCEDAFC0591201CAC8EBFACBF367FE7B6E40E69F551BBBE7
311
123E3C00AC560CE20C62436E8C3C54CC225EE08C0D74CE26148877689EDD004FB2BFBFFFBB984035373A7954EC5EE8591FE531348654514DB1D1C56411DFA2A7C212BE5ED91278F2851A432244C6822C29C85A8B320ADCBDFDD63BF71FD32648E7D098CD018BC35D7FE89E250EF2AC75F96C15271602687965C844B8807C6E
311
7729D93F22E81D39ABD62A0820C1FE9F11CFA7208125D33E96FD69E83AF6052DD32D49FF0802CD9F9DFD39260389A950887A647CCC99BAB17132DFB5DED35138FB3A060F6295AA5E195BF0BB56495A5A4A8FA440026E46A047D40ED2520A441C302D240F201FB8F7E0EDDB0E12A04D8816215A0579E8FE1B1281E9F19C9900
311
DE79842E2A7CCD48E9876EB01C75DBA0E0C8D44AB5512947A00BE7CF5DE9E1A6A6BE43CF1A78783DFD5A404E4477336C1ED8B18908B2A847B2AFE9839E891137A6673BBB96FBBA2A4B8E9373B001F08369BA11BE8ABC4302FD2345FD6014A127068427D007BE28B41D9B0D40FFB7EE531FA673C8870A69135B1CEEE8D009C0
311
8042A5B4EDA314920B635BF941E7487E45256439DFE9D276295F87E698389CD49FB394FE19720412DEDDC40E9CE9C6DD605E0B719FADC416CB15AB3A61F9B5B9B9426E54F81D8B03DD950946D432B40CEDAB7BB5AF11213CBA73C9BCCCDAFBCF06127C7980FE6D1DC9B4DF14832D6568FEAEEBA76FBF438300B541064ED33F
311
3AC0B0D10505306FD370AED02859234402F6C3FED006766DDED2034D90D119057225EEE3DAF787EBF30EC51ACB4F551678BD6728E1944730C095F13E4D81A4DFFBF67C5BEE37E62A85FCCEC6CC6C7BC77A5B477E22223ECA4FCC0F87E2A5E3EB782BDB25B8CFC6736A044DE5A7CDA604526361D650484FE283B77EFBD65D52
311
C1C73C4F48E7D0D81ACF572F2E2280F98FB230508FA906B42DE240ED651B301CEC83DE1790C9FD96B6CBF986BECF3BD332C18EF627A0B6EECD5B152E02088D03D828AFFAD26B05BF671B4F9A09A8CE0CD2707F67F2A4B3BB75B9ADA331C1305BBAC182FB4A79820B7EEAF73199B8404C0B81231CDCBB871B80FC41FF5860E8
311
E108222A1A076C29E6E03B6F3FBD4F1F295DC457573C7ADED636D6B7B8C88413DDF3B327E1046AA51040B40CB50C7E3F1D2E44DAD34CFA604029BFFBE714DF0C069908027EB275F1F366C132E1A7450B04011CF82B2B647CE754F650FF6E25BF37AAF65B7BDA16CAA791F1D09F6CAB989EC5AB7809BE145FA459E8D3E4B0FB
311
47DAEF093B946FED585B80FE1A0305FD5330FEDB4FDF79FBF6BDE81D8300CF6815E5F9896552412A03F31FCDCC7CB5E32365550CD9365FDCCEC8752E943161D78047336F8AF6539840A1F2E764FDA2970999F205CD2BD1F5CF496571F76EAEFA0E1CF8FD2A55FD06391F9EEF8B9DC9994E72BEBEE1FC928E2F223EBA0FBFBF
311
B4F2DF137BC894B8087643D64ADE6EDED67F7680FAC9060239E845FC94AE93D880F994FBF71FBCF5F66F9F32C292EA900F9C1E6F1105E81C5B5F58A067A448143842008D7275EA3BBA3D2516FDF02FF79260020D6B3C714711F3CFB61BFF56A826E627E82256F7400FB387FEF23C1C1E77FD6A21EBB1B2B35F2F95E7760BE1
311
FA3ABB3A981423477517EEE36FF96F122B942F6FB64D9502BD1B9089162532A2FEFED255028FE653C9F46FA321E0B588B7DE79FBED07C44106CC85133CA65190543004D01D02D8181DDDA5A9C91A7110805B7875B689FC3902200FB192E7DFD936B37B57D9C338BD49E99E181F4E5FCAB2ABC1CA7AAB382CBC7D515457CFAB
311
E6FBC63D525E5CDF74B16378B9AD6774A58531912D232DF01BAA913DFB7D3AAFF912984302B84D0500077800D26C60A4742101DE420C610C2E92FA93056022EFBCFD5BB6B38651470CD33BD87630C05831BA864C85997B8754B05167F0706499DC442FCD22592AEC2ABF3FF13F950039BF159FA9B36ABDB2778EFF83F70972
311
B83BFD3F4899E64DD8346AA495CB155A7499F2CE39B0AAE755125EB84FD8CF8D8E4F4E9FB4B72E8F1DBCCB98B31BC4607C2CFF21C8145FB48EA0F2159F86A3098415609554DEFA7B27EF1301033DD06D274BAF6821D220DEF96FA4CBB60B3CA241C021D38E1AA76B4406B4767576166766A6C7F77273F5F395291BBA19F64F
311
2E3095C14F3E60371827741CB27E89543857D6D96BF9A47C6A9A26057840332EB843717AAD171880217B71FCCC0355AED3D4819911F79D0EA8AD6DA31A83E36C5DC2D470295C011302387069158F6C9966022367ECF1D00BA9BB95C389AE7B6105A1FB640689033A7FCCFFEDB762189103A61C3A4FEFE0D6A6B5A19EC5755A
311
443AE78BC5E9235B047890A65919A0D2F96AA3C01CEE913BB3ED239C3E0CD8DDAB99E4348BF3F8B977B6C43DEBEFBD7721A839A63B94C06A10DB87FCBFA3C2932F8C26F88B6D6BB30C3C4E09AFE40FAB52EFAA1EC0316920E031A46D65A0FFE45A673432E907FBCF86717AC04F2CD0EF512D665FF53F05BFCDC43489F15089
311
0C60A8E0314E70A06F619D30D841189CA15D3417F3CD50191AE4396543F0C42BCFD696C58DF163F5B46D708BD5FDDA5E5E5FDF9401BC4F7E00E8A17520833D1CBFF495B5D1CE037C664123EEE74737268B5D1D3DBFDA6AAD8C08DF2C0BC7A737E10AAB2A7B958990CEBF556CDBEE823CB09FB344143463C630CFFF585D330C
311
F0320E921744A7918280FEEF981161008E9FBC78C830217A07B7D6985E83F9A79884ABB5AB383B4D7D788F9FB3D867A2112A43F19042B33A108690CF6F472F8661CFAC971478757F6E6F2F7AEB82FEA85E5715941778B278281F28C268AB24BDB470EF3303E09C359E9DF1CF990D8A096106E6A66C8620DDE7D281DF0B2831
311
F20439A30D68386CE13E002F7EDA8D7806162B205D6A19AA1FABFD6B1B400EC2BFFDD66FDF7E8755B4883C043F43046C1326136680404F1F934EBDDFDD39CB58A98DF1BD7880E0532E671FA1435E9D6EA5E9071000BE8F262E7C4044FD95D5FD526EB40A05A634775F32205C3D779FDC168CD5E56BF982508BF572BDA4F6F5
311
7D3304BE9EB18149461B12F760D7485891CA47CFC44909136FBF4931716A2E100123FC6CCAA6A644F25EDF4AC980B14039009BECE8B798BF69A05DC5B6885CD23F8E13A46FF0C0A986D617F001C52241801E87C2974C31411DA3A5D7B6175472763D637D3E57C33B908F867F4A59CFCA7923375E5F027A983E18BD7BD4E6FD
311
DBB2250C1529F4202EFAAF979DFFB1F2612E87EBEFEC58581EDB9AA95AD1D7C1905F7305BF8182D5BBB524D47C4E3B81CD843220DE1E6536497C0962C225F75A2D6A998303B23FC501F0B3F736EE1FF01200FC8C99F5515207C9C40081DF304C0A17D06E26CCBC5B3C47459308178301FA8057C2C0AE9D99B05F038828B084
311
00F2E3251254DD7EB8BC4853B101F99AB48E387457C96951E5DB670648BAB70A7B04FE93EEC5F5B183F9739C98952C6845C380D401B8FC86E70A20744EC720E09D35955D96A9041720196D183AC2CFE6AEA816652D0234883D788BEC8F5DF2615261DB031C2381092401B48D8D2D870FECEA9C3D99DDB036C8A051058030E3
311
2190976718C89F031DFBFF2EEA3D88606A8A19BD0AE305BDFD12BA4FF46F1A0002B07137989C748936E9DB2C91F43B07E4E4D16C3779CF5A4FFE8CC981F07C29E34B7C012AF0054FAEA4A6A3D49D3A16D2B3CF220A029003366663053C89B3FB1827080DEC2780076FBFFD8E39810CB0593CC68B5D9009F2D400418028B0BC
311
6CC74067E7C9CC0C2690FBB084AA5254A12AF63543B35EB40D17B693F7E3464D5094C00AA9E04E0E0524F5C35C5EC6BA94B21AAF2440725E2A9FF94FE7A8F0E769EB83FDEB039B631B18BF396F5C13CF89ACC02C387DA56DC3B1CD84B96CFAAA37B55FE723B611062258257D331F186AC93D8AD600B4FEF4AD777E4BF68F21
311
68FF08C081A37AC13446C859964803961928476D78F68419390D830C1935B5C2A0A22A3AB17D3D6428BF12DC373B8D464E04C0A496BB3B3B75639DCC2500E0F0B15FB6F47B5A7ED0183A87CAE8D535F2EDBD4B3B7FC762DFE65A07C30B2851DB890082ADC07131EEEFA3DB7DD5CD32C0860CA83CD4B7993A175F422A8149B1
311
C1D94C1145059D9C78A8A572A90B7C8B1E3392FF77A80C50220880FF3669004E90F101740D2B808181455A044904674E7482CC3EC85C4BCE339404C0B0BF6A5611E4F9B8157BAB6DE327EC9BFBA1B4557ECB609C1F45326499EFB90EE78F18227F09E563C9E63D847EDB3B68EB9C39E95AC4F7ADCF7D87F6752BB691204028
311
1E4A0D8A8314E80D60470999B8A51FB1488A66A9F3F81FFA61C83F4FA6969E472288FADFD61B005E0EA4284822E018911828E868614DA0C36E11F3A051070BF2F0840E35F200E2C0C80A776CC9E7E6841C0503D0EDF15ED9AFE527E798D23BEE5F0604E58DFB7099D739BF0BA5D332EF29F1535995BDBD0DE681C4F71DFE6A
311
7AC5A13554AE6910963E9ABC9A0DB5B202225545F5CFACC942B5B93C207352B6E5310BF349AF200175D7DFDF78F6D683B7C87E087FA9B35812C4F8F13452CED610A2207541E6D659A739441F3833CD0C9C3C3DC2B0712F62333C4FA9327C9CA1124904B4FDE0FE21C119776CB0C212AAFBA5CAF80EB43772ADFE77CD9FA8A4
311
144C54C2FB2304C65F62FC3678E4F6C68F30FEE1BE8383CE7DB86F58B1AE0C51F0F055E188D02F00911DDB0991832228B3172B3E623E513FF1734FF414A611A603163F401BEA790FC9FF7FC3FD3DB02DC00184145B850D01D120424DC03C00FCEB7880EEEE939399F1F18DBD4AA54C939899304D913CC2D5CFBC55E50C7FBE
311
4C0E14AEEF53D6843DFF56BE2D554637EA047D3C210E2C61077875FB5B40E19F43AB7470CAFE1C0D3ED3B3B4778D1DF6D4F837C08747180FE8394F2CA1E0A46B6DA62CE2B2DABEDE0B1924098580FC16B369730E9E90541D3730D47FDE16EE1FFAD3419CDA05ED1F2715C607F2E81893AFC5936303F40EB776F1D808BDE393
311
A3FA401E1C706E154C892860AD74A2949C409E28A8FB3349C764D13E4D1D3468952B7B1B35001BF41142CAD58D6011C8B78961EACAB66E9AFBC627673B61FFDA4167950A274145BF11EA17BA9AA60815C2C43AE1F648E3772E53C94E6364AF826019E723069A8AA353A3BF7FB5359281700061FF64C28C10B9AF0B70B0B0D3
311
0A31CD1CFD22F68C76DA1E44558869257892363C091D313EFA46B57C3BEB252E9C6BF5B4799EC58F1910F469E25AA17B343799DB3E33CF410061F96C6D63FA91B1000CEBB7D2971BDD39A2A76361E000F5DBC1688D47CB812DD60F8001AF25B328D173A9E4BAC18CE9F1F628704330741B2649B92E9714447C68559C6CD2F6
311
81919367E4811100750058809D0230C087A89FF3C80C23C4C60882E481F48D531764BABD5CCECA308DE2F63D3BB50373D630796126803C2D1FBAC148F7592881B395ED7D26B7DD38D7096AF98841CB37592561D9C6565317AFBE9FC4AF7371E060736C7635E0CBA1809FC80F544DBAA1F2F9393D970D44C0615A0C6930E758
311
B9E63AE690F73045F0C8C0731DE9CD80F718E94652383458799E02C06D328010011C7090D8C5E5336A83D4059953877EA1E1D66FBE994F04608C4C991917230FB61F9AEE183A40AB9108D032449FD1A7283DD25ED15360EF7EA9303EDDC0043403531EDEAB10DFF87F5E2FD56DF0F1B701A9F614DB17FA0E0EDF6FD0B1622A
311
81FA3D1DE5A33F551930335C353A87F9AB05C60455193448246944A232C5D07636D864CDD7A50D0B4440CDCC465D1C418321F50E1648D500294065D869559EF3C40C8FCC6C323E989AD0F0C73142480B200842802C061008B480A9954AF282052B3AF67350FD0DD30D1F4075AC303A5D490250F5400ACF479656861E4C77AF
311
F327F3EBECA4B57B6B6C8FF62602BF150744656A87DABD7BC6BED50527B2120C001A0B3718C74F0C65CD34F275164D7968148DDF259AB8AD6CA81CDA4E8819509B996A7F642D987A401A2B04018C01E6C169A8700F9DE3B489DB2BC49C9B7B858A4F50D22AE15428FCA4A1EDB20C83492690CFE361CC7F8C8066FFD0D77AEE
311
797977F468A36E0B0DFC87F90EE6348BC748F7CB73B5B9DD5C6EE7AB19ADBF6DF359F1DC2A0F9E44F213F8041F64274C0859A2AB7C37440FEDDD2F95BE44065F22067E3EA0CC3BD8C0D8194EAB291CCEE20B9CD8E02950AD806080047A279F19024C837C848816719AC4A34DF8F0706CED904E8185753A458A27E4C1E37B5F
311
30A104932BE140E0BF4E400160F320B054A8705042FFC47B4940810173F9C9E97240C7FCC3F3813EA239B745DE9F1B1F3FC2F9330374DBD1A7B475923F9A2ED81716D18D1B577DAAB9D1A0458655AD3CA7E211867AE7C702DCACCD291E0F798013DC01BC326087775C0833E04EA3778FBCB8DA4687A0255CA0AD210C15661E
311
4E92001A4449031D1DD27D327334BE830B64DAD90CBF537A45FBD4E94A7A88888E715B7E74FCD040E818BDC1BF5AC609CCCC015DED23877080FCDC47BD8EF3A7B783A17D33F3ADEB6D6BC7AD75EA7C7852C5B6FDADA6AFEFC2D181C03F8C40DD8A4AB5024F0B72E34B57BC1182472DC80946789AFB711DB7F1193C03C893B0
311
345F420246114D3EA71D04FBA731C0DAB0D3CD311B218F0D5A15ECC105D02F3AC32F13600084731A83220040019B03180634B5923D438300B05BAC80881F061095FED5D572A3323ABD83F1D37A2301A8C930AB3F66ADF7CBEFED30BAAD7D78A06DEB6A87F15491F5AB7E25842B6B34BEFC12C8A159F187C64B3CBD2356DE5F
311
BAB98BBE9583F0E3280C0076DA15BF34C15238145742B07080B1EFB83382F9FEF2239D003541041083C5AF9EF3C8944DC2030BC3ADEDDD9D27475800693049E05413BFB3FEB4308731512F13400D06F813368A0101D8D863EB3E75FCCADED124F532AD3F123F131AB46A93DF1ECE7F96CE9EB6C365C6D6A07EEC461FC919FE
311
288AF7AE1A7D012D291EB073735FF26BBB1C99FB706E972192819B7A34BF22424BEA1CC7958AC2E04BFC8E02DB90A4A1DD04811ACDBC181037864672C78F6C0EC3073A40CC49D5E813593B7002763BC6A909D31AC86F3F6E335C9E1C309BC58F16418642E2AF6B290A34FEDC0CFEE08FCA0F56700699CB73B9C99302AA17BD
311
516D7F1FD755A2B32B3FBE7134D3BEC813195BD355020A7DBB541539CD2C06E45F46FC0EE08293E6C0E1972176D9B678340AA1A4823404EF79B1E2347E47C35D0A2260730E0B513025DC0BD1C07E3366E9B9D17F767405FB531070700035618606F0B40C73C974CFD321B0C174A80C0F3AA54945FFEF348F5488895713E89B
311
5C98DA501E06D8D24FF04FF0CD7ECD7BAA755A854EC6A180AD13BE094E8D5D63BFD6DFA5F5D3E4DB1BA18FD8473DC6E17FFC9832B71A2A94D96E808BB53F9192955D62C82E282B05168AA0927D54AB20A20A74800B7CC9655C8B15F62377CA4C91641F9F4D0478F4FEFDCE273A002CC0A725EC165CE3A149F0333E8E9600B2
311
C05A7D15FD831F0938DBE5D0FF13E3C0F0765965A0961C3FA86DEEB0E28304747BFBA5FCDEE44C23544F7BB7BF7A132DDE34F99E44EC3FEEAE92F667A10F7E90B0E8C6442DF5A5318B0F816311DB2E6DC6F172C363FC800EE09186BB9EC82A24C0117700CD884AA42023B81EA6E0CF8B3056411110D78606EBC5AD5417B45B
311
CC8E61EA01C4006AC233933E35D860BC1B6CB9C9CCCE7840D2E0C1C1FFC11CCE54D59300F2B47D66A10F09D8E24B71B9BDDF98FB62A3B897C53EC88D16D1FFE8C649B17BB8E760EB20B784F52F992544753F2CBF642CD3C9C70D8722C197142C567E74FB431EE248A8F3FC00377F5142144A82FFC28AC2970A780C85A7EE91
311
46FA4B2981F3C93BCB0F3FBCB6DD3DE69C72B6073B99140DE28B8E919D9D9E7C2F5FA99FC1FFD07E9AC0965CDAEA0A945FADE52C791EA989E8E7A21A355FB37E44405D171B98A6E946DB26AE71DBD01FEF07FD378F5B4B518724481820890E7486E3FCE61A60E096D577701890EE07CA5D7F2B086040749FCEF3F81972E510
311
A86359C9BB579883035887542090614E5C4461705D7CA1CF84DB564838606CF1597E8119790D021080C935A908324EDE9F60A04B7830A33F0670CB08605B8D01BF9A3D435693FAB4FD84EF6754930640C1F9D74B052A7ABBA9F502B39DA3BF6BC7514EA4BEC71D752BFDC198EDA8DFE8F32B3EF811E4576B0A2074B99B070A
311
069F60173E7427BDF285024E35A4418B7A412914F2800F1965C4F1120A2D5D2C64400563D5942044807BE7C738EBF3034C4A6F4D70C04ED1F97673C039FABC4CFF18866E08200BB66BDC9CCDCC3FFD1E43BEFC52C317F0F5E64900FBFCDA4DEE68768FFF46350E0EDADB7B34DBBEDE3776BC55599AF84E312229F931E700D0
311
4478D66A0D88D09B2276141AF0F8811C5F8067DC04C0F90929F7F1AC9CCD368488AFB965C97B855A3E2E93AE5B4866502E55991B82D4388614F2C36B8484A5FA06E3EFFA984A6AF17D5C2073299D9F12FD63826F67FC460E54030981684E9FBFC22009A3006962285FDF4FC84B699FB5BEF3736C6072F6844C15EDF2588303
311
7DE6BB7AFAD6AE164B367812FA8CFCA6FA25725D99AEC5C6EDEEC64ADDA2BE0056002032E1D7A20A54CF444E360D520A5B69816C0A953CE0434A8A898BF18E2B704588C01BDB2133342F5404FEE698957C200EF54E31BE6DF4E888C9C67F5F3F1B41F922777E7FA6332677C20098C59F762F5DFE4A23F9801A3BB6F8A4F66E
311
0D40EC867E92DEFCE84C714FC7CE8DD3DD3BDBF9C781B1C3B549FAD2C89D711808CAB100E09700BB85240374A7209212F320CA577222A7020E7824500179FC7096C714884BDFD9499E027ABEB3CB0226CD293CAE6E0C41A6788F396606A073E28CBE5CC67D584D36CA39D37974FE1023253E3FFB007A26F657FFC901D85113
311
0DDC2BF54884F20D5D40A0B7E5C7BCC7CC87B84F2ED820192CCE1AABA1FF24ADBE1D03635B5B3B53D4A5F84120125FADC36A0E792D3AD7E255792CD5241A4C84171F1104090017DA493D0A7790A7BDE6DF326180398E4B0DEADA5C2763825E43E05C388E184678C88CE6422606C017F030366981353DF03A753DBF6370879F
311
79889DD0BF75408724DB53C5B0063AB6568D02DC47AE4627B58D7E367A6000267E7840C23A0940B992DB98ED1C4731B4FB4DCFB6D3EAFB6CAC7646F0335C5031888CD74E2103380260AD47176D703960230370FBBF28813524C17FFFBD6288BB28E4F905ADB4A788B40B4A6201C1878BED224DE9906C4C79EF32EE679B9F5D
311
3B5DFA137327320643909A823F62106CB8F9BFE4BFEAFF0FC7A6393EC7F64A698EFF8ACE31BA05ECE6DAB6DF124118D1D13F892F3D3530602E3F3ED3D59DFB821ECFA3D9AE85B1ADAB9E328DE738BF55D5DFD039445AE76D0194180F57B15BEE5F09C07F952F9A10372BC894CF7DA12CF6507E2A8916E0DF430C519485C55D
311
61EFE209912D8C32866214E121611E22A0B1238DB18E86636A3BFAFD5B4EE02FF1E505F902BDF424D0516907BFC95EF3A76B6B3872769D67E25B548F0DA46E2B93DFDFD5F2B9E9EEE1EE1DCC7FBE6380DFBF38A165CAC73DF912AD76A4690D2B766A3EB4AFA2D05BE543EA20B095FB17AE3F1928D84482049B659E671A4763
311
CFA567C08824913D37F2F92F841FC244085C1681225C04AD6DE1684831682CE0D6096B56101C0D4FB3A1BD3F11FC1105AECF5660BD3FEEDF162B0D9DEC6DB55AF27FC98050BDDEDFF63ED14B01336053A19DE9AEF5F5D9E9D9F9E19ECDADCD497BCC57681922F327EB41FF681E17C1921B04FBAE371AC69E53F98183E91B84
311
897A5DB164158BD1D12FF6F6BEF0E02847727BF2628F9FD48B6FB11DF6928C868B29590A0606F92140D0C08850DAA7DD8A5FE8A50389F61288AEB743E9C801BB67DBE0A7F64F63BC87770FDF57AA73FE1F5A84F8DD3AADDFC32087FBC0A7D645C327B97D65E7A8BBA76DFD9BCEE1B1CDE3F5F7CE4E6DF4013ECD7CB60BD123
311
9E8A4E9A5722AD9C4FAC8F7FF17B214AF8801950430639A08E3ABD05A0D94E253BD5951C885B0CE750309070555FF21F2EF83FF53F4E15038B8D8A244740A5C9CBC120043DA0B323FB1DA0A4EDA268C05A304619505000BE10415DE898809DB6B66896E60AE347ED3D6DC707CB7D5B5BC374A158EDC343D0EA61C217D4878C
311
BBDC1D85686782C3CF4272E7DCFB5E9EF628F5A95AC1AC0C6848F5771329EF8DF2BB79EFEDEC8DBEC72EB7F245287FD4B31008AB38EA4D52F2BF57167159E3004CD8950E217DDD6F699FC763E9D1A0AECC701F7BD4430A3E030374066938F883C01DE40E7DAFD609345E33570F4CE6BE467FBD7F793B5AF2A9D331D86DBA7B
311
F98067918F9FCDD609A0384B523F4413B574B818C6889FAEFC5E7B8F90CEFD62BC2C85B2478D54DD076635BE434FCADE68B3ECF1C8708E27863DBEC352D87BCC7A92A8E135700CDE65BC114026DE5DB68275E656D2C0D4087293D43BB4C9C14EA83C0D806783B40DD7CD4F19EE9F33801F55A3F1FD600017A6CD5DE607783D
311
5F74E34680E7DAB98D99F6E5B5ABC7F7DF19D8278322F6A97FDB2FADE1539BD945DDF868EE2B8B70D9EDAA45D1BB0A5801198CF1DA891540474745BF0317F8A3703E02510AE94B084221F887FE950272D62D4232781054A87C58D015CD45EBF9B70E60820A2056E9D4D619E8494BBFA68B61EBDD8CF52CCBA124BACD4A4077
311
E8420A7F36FCDAF661E577B792A7E1B7E337C7CF1FDEBB3B49F501F3C7366C1730E793F51FA20A9C3D2E9F18E63DC277449054CEADA36DA0807467D45F8A744E1BDED725A033868703F1392BBE221158220588F30574A0B0893D0515B0B7C404AD0E7F40C11D504C49BD7DA39A85A19CD7357DFC966E5D92272FF06D59CA5A
311
6A1C8AE30E52F1247C1F1D78F81887F9F3E387075B170F9F5EEE4A7F5BFC69DF02FD8795FCFFAB472E7C88D563DA514861B85BD41594A75F5E866BE69471110A9F75C8609C7E6BF6C7C727431EE3E9E3773D2378C25226E82C08104A57ED273FE0921D6990E02B006BD038263BA360355E8DC446A380F0BA35FA9945A80CF6
311
0DFD54054202F91897C241C147D59F8E0FC67CD0F2BF377A3463F8BBBABCFBD6833C57E214AC3F5AE9C2FDE88852968F20337972C7E04EE5658223008AE82D93BC37D8DDD900BD6B16EF221F0D4149045D740A8A215D4FC186C658E01994B8CCD317465828704BB630DA2243B3B4ADD3EA554A97408454148C04A1A0CAAC2E
311
04033C04073851F54380E0BF2DFFA43FAD3D6B574F2E1E5EF6E5F4FEFBD1CA87C161FCBCF5C7AAE2F726F814027BAE10F79BC3D765D61D1803952210A9AA07F8C6BB2105B61145B324F96014EF223D4A9261080239F03FF6F4DD4975C183B887E081F7A467A25EAA0C94028FEB808637768B07400A8235D4EF331432531989
311
00E079E3FACB0C59B00F827A5785A6FFE2FCF0C0E6F1714F11CDE5140D931D707950631F3DE877F300002000494441540ADFB08704E252AADE1BD4E8DF55796A32B9B6F17737C67702E5C638682737286CB0E0A89B624D5BF28222432848C9AB8C07170C97B814FF492A61072407D638006F7C8400860444C01B1930A52278
311
8045633DFA9507267A3A42BA05925BAD705CDD3792FA23C1075C6EE768A673919EB6C3FCFE7629B7310AA794CC9C0D14A1FB88F95C845BF22543F57996E0B26C9E4C2ADF187F979F8A55F11B47BC26594C52588518D25E6C2B1CCED231EA1B748F093E5726A21A54C91EF95789041030C20FD5AD68613432E19A4D0DA2505B
311
6BD843516E10BB00AF9AC315EE9FDB39CC1F9EA59CD88F9CD071D470C86C4647FDEDDBB1CDAB81DA94034747A779F4CED497CFF817348F69F52E55490840E48840BA72DB71F3E84F6DA2F4717AA928F153DA6E4C7E8E00363CEC9A2E1C8E65F298FC4A52F087FCDEE5CBA38A80CBE11FF7BC2AFF249203FFAB77A128A001B1
311
987BD334AD9B901890A8C2005B6B248196AD09C0025ED841325B31845032E327C531C839E66DBAB39566B631C2FF0A1DA5A3CC47E665AD8751B47CFE33899DF047C9F3C365E3B11278D49DF939298E09002F6430F9958803309827A7C791048CA070061B7E9A64C557D235F83EE24822E5EAB805F9862F20FC58F483DC0EF0
311
2181F572930205107E00E523861895A2811309808F2B6C14B2AA579E893753C155D2F54302007E9FF36AC5FEDBCAD47E182D91A73920CFA5C18E01F8FFF4C3F1FF553BCAD0E58DEF85DD63B91BE38ECE1A9FFC4AD4A1FBA30D462C328C5A0340DFD393D3D3D3C0659195C96990F391EFF4175213BC74C020922D4830FE215E
311
76940962BC0713A3B82784C0CB6623DC40D6E1485BAD454F6892200B225096127FBD82D2B12006BAE2E329C771E25FEBC0DAB3B5395289D56D7A8A89081B34EE06F80F819EFE75C67DEEE95D227E283FE98A7B9F1C97D2D05B4D07A469153C3DA3048EA68FA667A6D90E291C7D7E2D063E4D044964D055F2DBF3E31BB851AE
311
9F78A0A7314F0AD24901F581D74A6929142039C65AF5830D1C809536CDC05E4BA51038F79D713DA930CF18BA3010E385351CF47F74D439BCBC793556A1F99814926AF12835E251C59BEA3C083EC2B2760FEBDF4304C9EB87B35769E1EB24B648542CFA4EBA9EF93CD42F03C08F249A2C98897D8E2225E90077823F4A52171A
311
61219998CED6FA050992B6B0A74A2220ED12123004FB977084208F8E2AFC80F456CB110BCA647A3A0F854085D84FE0052BE31FFE7F925610BAFEC06FC33F9931BF063F39DB3D1BB20EE357F594045F4226131578582CB055A59A073AE0413989D215019B6EB8A21CF154D71164E0D8F4E730C2CD382D098DA5261456A42564
311
3686BC8301710F2C50665881399156AA2B4C3191BC555728384800CE10040F746A3D8A80A5F0E500A93456FEC52833BBB45203DACCA37FE1D3EE4B9BF0EC27ED47D89B8266F11EA2DB8B5A8BB93EAEDF0C06B7AD0402B9EAC6E787365535AF19F15158308A9D9785C1BC1C01377F8C6B4D07B50DAD25649764A91DC9812C7B
311
34CA98184084F7C01055466B48058CD44085AF26648520C85C41C67805462D8425680425559F4440F3ABBE1F3F81B1EC72708767DDC8FFB6465796C8FE310FEABE0C9B242A74137EC3E0427091967023299BE5D6D4D0C6D15747DC2AEA4ECC57C72856E827D33CBD319D70FF854369EB841282F84B7CA4881447ACFCB257E2
311
52E00FBB3272120A75B99119840858486615636E0E0334031AAA8C08A62E080053A0AAA4158431EC727A084021D41CF5D630C94184F6FE7432E8F5F9A4FCDF3EA7CF136FC2988093F98ED622E38E4976E1BF0CF49D2889E6DF3566719FE1F9B47A2D3BF89C69155DCF24F88C609EE551160F0415900B4C48FB013D8900A919
311
2A700748002924771A3686A0A580FE4009E00ACC090253E280B90AC15048E047020483A038A60ED232831F2CC90498648690D960C48E439F18F4DDBEB0B6F5AC7B7B89F6230243B4FA160A7B9327F3AD5D937C8BFFE5FF8B3A5E64283BEF8EAB9F71159514CFED62DBC880614AA1F7994CCFAE7D8C87057F451733699B8DF8
311
7056E1F0654B5021E38097E4E23221B810DE20559AD183A61C2C88A648DB096081E9801CA00BC1DA0124E08DAAC15FD2936905CA8DA1C40E42B13F1764E0C4015EAD7F8BFEC99A310B1B7C0BCC7746D3C0702759C89EAD57122092122D1F857067684A578F1DAB7EAC400841F493A468113282FFE42316CC74C756B1C880FE
311
78795C692813CF4644480EE9B02991BCA257A71861F00666D9410288487618D120D0E80D7773E2B7DD180E100EC98B221C94BFC4FF531A09B986230F1CD08378A8E4D0FDD7D9B1BC75F5C12EAD7FF83F3ED19EB018620303C217A6A35D826E72ABF2D8E2BB1B783F6E48D2E3F360806E1D192085D022103473A10375B63853
311
EC54F500B5B064DBC20945B88160DCF7E4F83A0200BF6FAEAC88E9F54D22D898E43F378D20B51B5D6B1457000922202800DD401A9266483029C0D6D57ED80D42A0E6E08835F0F3AC73D7FAE6D56185F04FC44472B854EB7D9CBF7134DF3DDC35A9F6B38417DD6F508B37C1A718B0D054124176F7222F62DFB327F34D451799
311
D56216880193254FF782D7DDE26C271BF38C6E422E271CE4AB8823C9510F021126A7A944E00DB4031D013C88EA0746C96D4574069BD5439C4110403B40020C30B07A604F1E41D19C21A93FD9002DFC35F23B1E7B98E95E38387E3603FE7393680410D702FF9ED5A3C5E5CE68B5827D721FA78F3A9A0C08A79722D9C9B418F4
311
6C0057BB1640C70AA4A03D29CECF33987596D53CFB27B32C3BE304C540E14BF8464E080918268D254838C91A01F0FFB99154FD8A9C0495EAA6534A6C464440B4A71E16100E7405088122A35F7A511DC003D002E6C8E7E15F6D1D2FD09014139EC11FDC89394621F77B9F88EB5A583C41E2FEDBC8F82334494C0BFA97FF3C3A
311
34ADE60385B60E5A30CF036E5E75370BE3B83AE73B3B7DC0BB337DA0045299ED0C66681E4AE223D01B1BC3BD4C921E2005FEB5114739040758189BA8A320067B62A3995E4720055065AC2B4A8006BF8CFCC907C0063EACE41813C5F017065AD46CFDC6FF1BFEE052932CA3478C8E5A6F25DC8503D40F61FC1B047E4DFFE8E8
311
4407C81F1AC7B5C79DA358551CD0D13785A9AEB38D6EB68A0A8087FC6543E7471082873CDCE5CBEA1EFC5CC0579469E225428E9A43D6A6000B4219DE52E8DF00A55F4BF5035960661C2DB88AC1F67C2890A93FC420193C8326409E7B595FBBBA9AE1D1511B3F6D65B09AC10A71C2317201A603E88C56CC68C91279E83F5C14
311
7787EFE6C675F00941D23EF092920330982DF38C65EDFCA89DA98E8ADDECCD77CB86D85118F3DD9884820B1128010D02F1060F582871CC8FF42024C02239273A1CC3BF71E770DFB7E96081682803188118B50310BD620234F230B12711B063E0F0490FCDA9248B580D3D3DE944A30CFCF2A1E0F6E59E8FBEA289CCCC943785
311
BB8880ADA9C2FD70F6A13F5418444E3A669273C006C4B4EEEC067827539FFBEA9CFF04D84E7F170480037005AAC8829084329899F90B5E013927F8E646514B4824B01D11F72C012CEACD163B6358A4454A4221D06E68A71062520649BF9E9127D0772D6E5EADED52FF216BC2FC513C7D3C5CC4C8AF009811826AE20203B076
311
A2AA66D8D32E317DEE0EFC000FCE16D9E0BEB17C74AB009256C5D8AD1CBABBDA61402612C675FBD72D07E633B1A42F2421208CE01397560811204306617A5141706105C9F4984C459F2D0F6C392FA05BED808512B0B9A8A9FC6CED89640EA347D31F0DF76D3D9E61E800FE9F7601BE4C9614A1C58E6C839F13A12D0EB426DE
311
6386B82369A9E6A7F1F9146EB578A2EF4289AA109B4F6CEFEC0463E0072A05CC9DEDEDFE08407B173B8AA65399C80B2911252E6290C82CC1B8909140C11B7AE161B42B93905045D017E00CED6D27AAA15F2C2179F1E83D411A7020B9408D202381E7E5DEE5A9E7E5CDE3B186433F488AC81554BEC09BC579018ADD1DCB3D9D
311
70F02B14BF9159A4DA376225FE43DA224FED327941705DA582B2FD1BB5DC0540667B650BECDD1D5DDFB0C7F36DEE2B94F6EE2EE4E426F20A1174C31DF153321A24114C4FFF25E505475F6906D4149B21F1BD9D9DF7B059F8E0FD83323CB97991FE80EE131A9003B81C491B218B1D42C0C0D593D9D548003839DC29A740298B
311
0C23F0CE14BB167BD61989AEF0B985C8FAC8F923A73F31953989F0F6C96CA6C4D0A9A88184BEDBBBDA3BBADE77CD8E2FFEDEEF46184A86671D7DDC51417477BE9F04804F305AC82C2D018A21EA903866A0F959FBD4139916D036635EE03DDB7408BCF0627A03027AD314C09B0A27F0A79490D53839D0DAF1416995CAB24101
311
FA63F75029D57A4CBBA9FB4D120ADB17FB5A999FC9420DFE04FA670430B90FE7F589F7FE8D50A4B5F004CE5F07EB4EA007F8AEAE8E8EF7DB3BE2F81F42166C7246FA9E62D02C8209BA1024414C483498B50229FD923F2414040B2081390AAC353B5283EADA12A30B1080866D746B9ABF5BC107F33C2A015B275480759334B8
311
3AB02175EFD0DEC785DFC505E0064F4EBA5A97073A74C5C9FEC97BD25D819E28AEE661FD2732B8BBFB1BF13441B3C1F45E8AC1752BBF80C113DE960E0AC7D9D02C58C80505A19BA0E84B14402601A590A4AE00A825E98C3212342302EE10FC5100681F86834A2804BC409D70270A2091DCE874B16BE0706C974EB3D26EFEDF
311
FCA6C4579AA4DB781708469F055532A7046C6BEB0CF39F3ED2EC4FBCA3D00EA91CA68FD2B87B5C191E0EB2C300F00A1C9881F263571C6CFD83D079D09F176FAD839340CF030F70458F81F09AEE1329505150CA0A00576B56C06D58070B23086F685E44232D9D53DE3FC3731044F286D19F459351863F749F1104198D6E14BB
311
C68E17CAE70D7AFD958E350BEBBC70C9C4DFBA075240DA27D40AD7DB063A097DD3F041EDB3E4B682A7A12A548F3393DB01945547175879989302521EEB1431B08759B632B174E0F700E774FCA1BB83F95029ED1A084288C8893520E49415E00DA080AE8027C34206D35491D050A4C6B080F6A20889A2FF82379AB6234F6710
311
C05F9080ADF002B9C9F9C583AB220F45D618D7E7F7547FB27CED8A8B7A7D24EDA4988B0C1C2A1AFB53FDC61BF3DE50D63C560F0120B0372F0839DDDAF13E583B868717C1CB8CC71D1D7F440CC82184803144196EFD58BBE00B7EE77DE8C015942357FB06FC906A5E2B8882CCF9FFE184B0035A5CF186A962A63F84B3AAEE3D
311
5A2C830008807568B6A9F424086D2095A3E262DBF124350082C4B5DF4704A9D2C93553DE47BD6766B69349610716999FA25854F759CA9792599D3837ACF6247CE8597B0F960FA3EC45B61715050260C5844FCCFEC9666BC71F875B17E3BCB4CB151405D7D08F846B4CB952248B4603CC402B609E90F0044A007FA800EC46D0
311
7A51232B00E5683C55D5096E1374DA4FCBBDE2C25A5B8D26008227CA7758033D7D70DF12CAF7F247939F93F1CC63047D63ADA0B7CC8771B234D8095FCDB577B586D1834062035670E204B245EC093FCBE15626C10D210CB38A13F50E10A0D5C0814B0C4B30AA9858516001669002229618F100767AA3D6D2528595FE7A398C
311
2D2300ED0013A0AE60B91644A057327BD3C36BEBF48C91279B45F8BD145494674AFB211A91977CB838DF35DCB3D6D6AA2FB2784B591ED785DFD7DB77747DAC9D2F7674810EFC2895F9ED8007EC7885101679C06F21E4B1C8A6120956F80518D1DAF1717BEBFB5803E20C6F2A11B2E48AFF4AD2810A70054623E341B3D1ACD9
311
2DA91150DE631EEB2C28882D092049C0DD38E262A7BD6F98549930C9D44B7C37028AEA9F8C5628A2BEF5704C0DCB2B428181B1BE766F43014498D2E57791E4C8DA6BD2ABF5003F0C40202E2E32EDFB02852D16C30B7F646B98FDF86C7891690043128B0A0DE6B4EA27F08C30CA34C9D0AA0852A5997F8D11A6EE84E040B204
311
72020256F4AFEBBB74E6705A12083B249089218E6452C8E5A69717E904A3F5EF3D5D08EC1F4D4E85086B238CFFC11AB9AE972CB775616C6D1DE04DDF073B4DE3747C41FBAE6072901CAD0237100670C5A00C2C3CE063610ED824826C1F6650700E88C00B62468903A0D71D3A390255AD7040048348C56C4647413C2C256121
311
6E0C469203EF06A5B101AD40D0E207F78B124747DB5B4BBB4E88B1C373C114E0470B345156EDDBCE1B4DBDF81DBC400746B0B54E05F693707B89A5E430982C2AC7D10DFF11D5B102B9505034B35D07E8E5F585757F088B390F2D4C85CF7218E8418BB4F25B885053D07D5A908326809F31D6CC6B77CC948413B28664484439
311
D118DBAC27DB5AC40C1AD166F25E6A2F0AE82100C0BF220405323E1FF80DFC518CACA8DE1003F3C9FAE9C7B2D60703A0004F8EAEAD2DE0F5485452D15B77B4B67F4C2403B8D8F9C533558ADE058A9E177A1698F75DC0EB4C800F74C0270178C8579C1FACD025F0560844502D2BBC01E620030CB93636C1041636A693949CD8
311
0139FD15BE107F905590A292840F8860706D07E2970A2F15E5B13B87C3143CB2930374CC46A6F9B9D7A5CCCC14E11B9E879A49FBE27ADBD6DA82410FBB94FAA8487D61B51F4BE0A03FD08743C31020D6628ED20305A22C2C2FAFA7ED1E7881C438AA5B9035F20759E243C51F34D0D5F02F11403B9E204CC1686C0B6C900047
311
0561519CBE1B0E4FBEAB37A39EE4B84C05F023858779341991F36D9D9F351E7BB3B5ADF00148D9D05784F9AD8B037D48C01BFA83D4247F03BB768BEEF973A14E610090D4B96B1EEC5C5E66928F28EBEB6CF578B067DD83086081579848E60DFC7684044D8174993C39F886043481F6A2B743B18749E52447CD4D230513032D
311
20D20206E536E15BCF7B7D211634F98FF9986287F33F9A94615A5A0A7CACF8DF5DCC1AC6EF9AF1945EB78E0A2FED1DA2ACC00EF983F9A012260BD722EF61C9DBCDD8719703ECF839029010CA0B9F100B1D2842153E01A1A3837AB579516A31982FD2908A09100DAE591016CBCD4B011A2F4DE299E1338CE065DC4841BF9895
311
D8C81714800CD08F5AD39601BC929B55D291F6CDCEF2AB40DD5D98F4E6F107C47AEE4A09A079C05316F479DAF4C2BAB83221BCC0CE23FE3D3D4C7BC9AB673D89A3677D6020F6E182332028012FA0FBE0B2668FB85485902A8E7FA0BA2105C213E20BC2169211A4BABA7D693C3F1DA961F203694853137073AD5CD25F1C017D
311
E0477626D7BA55B88F83B5EE513C41D814639FD1BF759171F4577D3CAB0C3DFF68B2D3B1F8478C18F67BEBB2598FA76A4545E9E961BACF657E0791D2373030E0EC9FAEDD17BEA7703A738185D08236C407448A4CB504CBF01FF43859D3115488EA01B55078000DF085911805790DE1B41B6F8CB2889C3834FE02AFE07D8514
311
3C6C008438A944EA63E047023A7EF37E13B0903AFEA7BBAB9579330FAFDAACD540022980B65A75FBA17D388F1E6576405CCE7032D95BDA420E7DC0EFA320879E5F8B3B04C1D2D9C1114210C19FCC49DC6A855E12010184DB8968109ED016E4683CD552A36B3AFA13BFC2114068935A7E774CD2C7225642B73325938052D863
311
4ABC18DC9442BF9E0402E85B42F9F3273672DA8E8F1070405D1DC3248487574CD98092B8B956E6AFE1566530B78FAE05B4A0DE51FBAF85DD075C7E11939F80E015A58D1F87E400CFFD2306C4D1D3C634380A201545A92BE01F445800BE12302AB477BD6F62600D211232EB061448A0D2B877BB940D63D059C37E0569A83DE9
311
3E214F4BD86209FF6F479C640AFF8AF6D1BFD987D029A94DB7C329B4184D4BB013BF912FB88FEEF913071A8D82B651BC10DB067A7EC52FE1B421883144C00F64FA23A11CF708BF16CA59F18D4C04B8085964B2D8DA4A855187000BE440BC816FFB13374640B0EB1D0998AF38A1AEF503F14302E2811081FC12EA6CD38A63B3
311
3035125F40F170C0B0AA45E9FCA38FC6D688D48563B5C4B4B7C359D3C7AE0EFB16ACD5E2FAA47EF8307044B4EBE1C71E84E742D81431FB06B90B600B9C239E277A57C94C427EE10E7826980C0136600D916A06058CBE8604DB4D314FBC014EDAACD0820F14BF75449B70339490FE5A0491221BF95F949DF1235380E969AABD
311
BE2D32EB4403D3FDF17F42F9A0A7C28ED75BE86BDB7C7EC80C76F86B8800F77B305EB88F00A4352E0F8089EF811EA02A3DF08F7DA008F803BE4B4EF5F41E56087099E920708C3D720916444440FDFA013D4E1201414123A09290F5BD7AB729298209C4306D007BB0829FD4EC3A6D7E4F00B67DF38CA0764F832F0448E58439
311
B952CB4F70DF964AFA74CCFDBABBDF273E2FF4F56D3DBFF2A78D42FFF2755DF307066497F44062AADFC0CC546F6DCCFECECFA232E14F408F05477D311B683A35BC245FCF8A5CD2AF20022C21022266905A5BCC8B20235D6FF04019CC04058AC80023662E25F342063165956320BE50370F2A657BACC817DDA3DDD3EFE04028
311
645780A768FE38DBA88BF2EF3ADADFC7FEACA952E5A77568ECF0C971DF32BF1D24F8486B22A649EC81B1B60315CBEFC026091CA45F858D7D04C1B437079431E63E38F880758842E780A9E03791C0FAAFE10012588C3C592FE35461A6047802BA18686887023A422A49599399893103942CF6DA53A8E387825FA0678B261F13
311
9F801E2B17C901D0F5217E07AC2401A87D0480F753FBED44FE949C93A1D042B879FCE499B3D861AEB23F9C1F372F0C24D0B7D6E70FE1AAF60F84BAE642D82F0A9F53E22783915518494FDBC0AFAE7DA282E5050B703570E06319A015E00D693A6BEFFAE493941C3B08C13B96BD20D0115A9565701DC58568A3009DA13E9657
311
65C03091F0FF339F7309D44F6E61F837F1B1FF920450EB8FC48F9B40158BE89C81A597CFB0DAF5F5755D3886DC13D4479599B583758CBF35663AA234F133F91D3BCCFCE0A794367F385C59B19431780F1C099131384056616E15A1563B50021D369C593FB292685A68A8B2A50A0A2085CF05434617E05FC24A6B077B990014
311
421A68401AC4D65788EE25F737EB780D08A6E38F060F2ABD889E1B889C44852C2FF368C1E3E710D73B6589EA83F7417B341ADA1F639A23D15298F087AD0326410E116C3A1B325218433C71AE62C07C1480F1C045629724A076A4BB8D622D24690486727F56108D07046DAB065000678E04C4F8C342DE27F4AC102D854F2D08
311
D59B4ED0E4F697B0FF62F113646BC5B7F3131D4EA8BF8B265EA3F2026E7061B96F6DF3D993276B2180B8E57067587428579460551049049B074CF8B1066C7E14C705F0B39298C0997C17F701097023BAC31081390196801FB0C2A12380042927503D5A01CA127F9841B460310639C674BC8CDF1A320501448E0068905B07F6
311
E5602F8C1F07786253438CEC51AE61FDB25FF71B09893AC026A9EAE3F30F369F5D5EAEA5801FBAD3C98B38C13EE017B054F81A56F05259DBDA64FE270B1FC4C77200FE276FE814B916E222575ED717A62A92956504605268408CFE13FD61F84252228376060206802B9550F00B9D47E6AF1022538A752CF4FFF1F5931384A9
311
FF8700EDD4FFA2B93FCBFABB3EA6C607FF714B0B8B04EBBE83B52B246092AB018C0D0002FC490849F1E214AE6FC42009D6D86616C835B65DB9862EFC4480C14137603C3089D0A5588FA27E693DD184131BA4E88C35045ACEF1CDE1A82323C20B842F2419604821196EE8185BC834AD44F8E9B7549A32900196E9ECBBE20FFB
311
4706861AACADBBFD9B56A23FFD3AB8BFACC18B1B5AC0ECD7B6AE2E2E9CCD2BE8AF1B1BC3A813B94107E82DE67A42E7CC7D4A6116700B5B2EE3C338A09B840F07C40A64800D7C605AC42B72227C4C7020AB1F20056E26F542717F56534261DE3766AC10A6ED2D006DD03BA9DBA507AE0510A8B385C92363B9154167F1230C40
311
D76AF6F3BE0CA08F8BA2FFBBCEFB09D0986550E0F0EAE2F2780CDF850CB0F88CFC2815FE87BD83909F474F45DD47F1C821DB2107A8817FD45384F57891B65F2543D0C1E20A89B4A8DF806862AC27C60F6A054627FD344250718AC0FA21CDC4E28DBF2650D1B39D8B8A420C348A4F846E2BE824BF8C45E1DB8EEB52F576F47A
311
75FF95F90FCE0FD3A7A08D48D5B9AFBE3EA658E1676FE3372FB57F0AD8D70ED4AEBA3D4C2BE0AAF1C3AD63A6004D12900CFC481A47430C9EACB390038642C8C41B13303166614210592736B8603AD4FAB17189DBB32F3915F0C380795A089A15228460BDE8E52203527D41B5470901B088D84FF8B3FE2BA7F4FD30ACAB3DE0
311
B7E2FF95807AB0010FFDE3A048F7360F9F3FB9380EE537F16F8673131325D3351A3F664022020811A0FE8C019CA17370725CBFF64132025DA1BE2555102212E80A907FB43ED80A991A8AAC183932C19AE17524B06590B6AD286EB99BAD18FF4BD64BAB519202F992A963648ED30E7521F909F090C0213E367A77D8836BEB6F
311
34D92EDA624183070248351F1A079E5D3E7A9EE81F2CE6678F92E299EE312B6C0572C0A7B5EEE07853612403813152C7125E2022A20C18F855DBAFA399817FC97FB6E1CDCA31D348434ACD0012F0D32A5456B4007E6E92D72B1A4E9971223A42C1042819E4049C0C5801300C0013FA48F8944FBAE71DAFC27F1826FA2304EC
311
DF3F6C10FF47D5C7E49748DDD687DE8E91C09394EE0682A4F84CFD6067EEDF43E67EA46CB2F4070160439245F00343D03BF25D7E2F26FC400A896DBF19FB8D4D0A66DA669C3D608F9CD048A0533621B25690EE19D5D15248E390F042B12C682511B02BFE3E5700E4C9A9B2107A8F45248FA48234FD23005ED1F4EFE80D1320
311
836F04003BF42856D478D1DCA3ABEEE3C68F9F30C3A16E5C238EA5DE3FF37DACC2F8B7980033F47FAC34421EF0418A045394802CE032D61C70023D788136788613887C0011A4EA316E005718AE191F8D0D841B9C679CD2FC478442D005429166F5A24403B1E6ACF3298F388B6D0BA933D92339D48969A5C11F09B4FF017A99
311
00A4F887010C474717E10F36468032FF33F4AD610517777104CD920C3CD15FC5F3B3A0C75BBCA3B00F2724863C10BCD4A0E00736C7981F2F72E4B001438B99714FCFAF713A2603BC710376A1715FC602022202E06FDEBBC680A3DF1C4C095A12C50B554FE7623B50374FB2129DDEA4C392C9188077658C87F55FF92FFA507F
311
F03FC8DFD3F31BDAB46DD51AEB03F7E1B38B8B87CFF47EA1479C3EBAD5C6B382C221C0F1B358B39D76D9D3142C4A20935F541E492E0EF081BA41B3620A8E172B584EA1485632E22A8221CEDAC6110AFA4B6D43E2B76A18AB240BB24337721C9321D2C033B2D3E2641A55A400A28403C12D1DADE39AD23FC5FC08C47A64DC3F
311
F6DFF76B5235124022D7E6D6D5F3CB870F9F31C96FE477FAFE54100068A3A87FA5908A2C08011CF31309C10025B089FEF9C510522B8DC07C30AA469841723A10C08E27F00F7FBC181C083F2809EC3B2B328E294AEAD5A071B3A95C81D2DE3F930372D022C9C793535B92FDAD5426E90490C3C81D000017C6494441544698C4
311
16520C1C40C71FC204B22448FD9303782FBA67089A1A7D4CE38E89050FEF5F1E078A4DCCFADA058032C34C1CBC2E1202B1F8962B1A8024F0EB7A11F209E96FB369D4B64202FE7BA230AD24C46413536EAE955B341B726C593B5D4630C0BE822480908522B0D85430230352618DCD4F7BA6D568BF4343801480006658EA3EDC
311
BFFA9702B4FDE9022163C43F9B72B58001A23FCE6F0B3FF0E4E1DDFB9801A6FC42FD0132CC1F2224F89933107AD30B6C9131A53818AE944BE25A70810821C38F098411980E46D108F483DC63F49B91B852351604091D60546702F58A3872A1716411B642C7629C267E64E77719F46B0548FD6BFFFC86A38DBFADFCDF700228
311
C124C8664FAA02BFB1F92B09800876FCE4F2D1C3FB4FD0A44E0106A8DB8079751CBF0BD9340066C3D52BC64706467C05B5A54401BE4A1B0132A55EAC1CCCB10D378A3DFEB9812022327745EF2102886A9142C812A1A2C9708027BB55B7006357459F9C2080E0BC34489FC629510F3017B62D5073E2A2C64048A0A42580E413
311
BA9E08274091A398EA80B5BF31C87BF5ECF8F1C5DDFB4F22AAC181F070AAFDDAE5650C4000516440D8806786D874215149E69ABEC43FF0EFC820FEA112B0522003C84BE03FB76623513B6D840820358B084119B0CEC8C00AE888826339A54091F5FCA513AFE147975BB1A86FC50618D9D74502F0C7C8815AA306602FEE3A5E
311
79E0D7DED1B221001118B73182CD439A092FF801105D1AA14E1918EC282F6260869D55108065988BD67F68E5581720A708051F7C8070F582389C682BE53F2AFD85853F2A013D21564028E06E79B7A71E43212180A81541EBC88F451E02385100491AB0C4A3BC5309A95911E66D04C0B448366988ECD204C2FC930F8CEE8FA4
311
10EE4C25B58DD1B6EBAD83F6196670F7DE635282C0A56A851AB035831725F0471A10FE52097089C80495804100318405F0DFC2136004B4C40705EC9154315129205EC357930035688F61AC02188250CFA9A980233925F16A117A48CA54DAB6400221976B75D863330942E20EE3B00B08FBB71AA813B0E502FD2B023DF70114
311
E0D7DF2E2EEEDE7B789504200112075478F2FBD6897835C91F0C20782401E801A2F9142700B74805703426023A81CC0BE88B537D0003E0C5181D29EB8D83050964DD2580910A1E7A8138F76253DC01DC2F3824391AD748276C0B0CDF12366625D038603D0003E0266CB42704C8CE7FA7F11B4D59C0BF454A78F8FCF1E50513
311
715D469607031272358F04E0003C90107223A581218F10008B10247CD20D860FF0BF48801040B361808148714764028EAC137E871501EFDD97C89B52107FF1235B0928C562530082573CE137840EFEF82A0BDC602736C595912FBEC69E6A3A26903B3A300C5A098A9E3F1810CDFFBA019D97B4E7A7A075850F2E92569BD960
311
CA7B8304995FD006FC4213BB1448A6F4BFBB3A9F9FC4962D0A1369129B10073771FEDA38B1737B663A71C088D8848027FC3008DAC4E4397A6F76271DFFFCF77D6BD7F1F67DA51E0E08875A6BAFBD6BD7AE52CC04A0B4A2206F650EC412841A48258258E8662C3838FBE21E25172C2A15A4F78D82DCF68A005DCF07047C183E
311
1CE47731BBCCB5469D9169E0D588945BEB637E87802A03D88FB82486210D28FB3B858D13DC7CE75F5E6F3B03C1744D30CC58C7C7A256146853A05243060B850072A7010CA47CFBF9A1E24F414037B8781E8E9F219A774B36481CB43E48A79819D638C8760D672FAC19FB9D3FC5EA9158DBD0159C27860409682E8FF2595652
311
FE189D2CC2D7C023E944158355806FC320087CC74116030CC376C559C098B93A041C5DDA48AF33827D2327DC761D19C17CC62780D82A170E6CE7415A5E7FE825E053048F88D2AC2A561CA4D4C60098DA28EF1A01382772484698F60C8DD24BF396EA76260542810A625978C03580A9CAB91D10249BE579B0377A3DD15749A4
311
5F24C4D81FF3D7D7996F6A1690288008C0FF6CC186DA9D5FC95BB09B1301004B016E707FDFED306A1BE8FA208828F00BF342186839839F1F6FA338DC5A0200FF383DE92614C03A4508DA18F4D85F9354F7E867AA77A42FF49BBE6757A1A7454448D0BFC3C220714FE43A3D8F1547BE10F0BC5A05985AC3C28829A06FE24CD0
311
62700601F4AF12AF99099B08E7071DC4626A97C920C3FF96E190C9D1FD7CB6163E800D79E5F3F10A9306C02B799E80F1AB380E0571A584C0370A220C3125000B500900D96FEA40409F980E2083E4EDF4D8D2480AE5667222E020BCDAD4EF19682120818FE18EC7FD6AAD67C03F7DF1955E697456F517AC4F24700C30171C67
311
E9168B109A4F60AFA60F98BE30941BF776DBC7C70792A2FBE98AAA97224F8BEA39B47BFD14A8CD03320DA2B676E3AA397E652E30A42CE2987B7DA1EF7F75242413800A04C0270C62A13372400B435ACD84B8B5009208F5AC73EB149FFF3508E21C2201E0338BE07E50EB47E7FF6D97724A601028C5519073E7978EC8883441
311
0450E074DD58AD13A4900103A6444A9CB99103229F0EF8C0C78161EBC68137240734CDCFC349807851E0EB46CE864D2E405ED341B71A390CF2DE20CF5193189E1901E866D0230409684B193D17E2928534D04240937D3C84477494FC5E0FE0B448E35AFC19007926C1C6A6E622FDB8A12E30993C6710E070397C4B26304C0A
311
E38218D19F01FFB15BAE1C0E7E74DF75F2406E373C414E848FF8E500EFAF3C1029C9C0ADAB2313A7426CA9B2C1B9E30032C84EF31A09A88A386F136E8C2F1D582EA0459207015F10F1F001F0B1B7DF7222011EA2001F00BFD36BAEE0850928B08C077030FE3806C880EAA74BCE0863A952812E6008B3A89199C1EE918AF96A
311
F583F1A073B0A355B9D861AF1460DCFB3BFC6B7EFDC834B09700CBED3510E48DC7129041C991F06BA5006CA6B5B34EE21501374E8DFC910042036111EC9C7CFA1C05D48A7270F7F835BF04A4194DA4CF76CEC66718C84CD020D04C412AC848F03E3C61A1C8D50D0EA6838A00376054D3DF61A0E393E1F8B058A6C994093476
311
D601A4A06F0CFD3C0A6BFA910E75CC10400A80FDA93AC9B5EA4303F6C0D188B559086091CC5910137772E14F2376D03181B5CFE74C0EA38440D0AC256D6C4D104CE05302FCC00B60B9CD4D71E08BD40C144A025E60D4C1F45FE846A2105D717EEA84808A5DD90A168E133640311CF05DD870768683F5D2F1800F485AEBE5CA
311
BD8FFA3C0BEB33702493AEB551B1EB035EF5C8E5757FA7832141F88E8578A363802B560007AF93D7D470B478C4D00B412D634C9140C4F9275C00DCE8DFE3C7F8C0AFBC5B2CE82E3C3BDF393D4375D50C43CD1C17E3777CD2C170725B7B42B41DF15BFC344DAD089C1E9118522B4A2C60B794E4E8F33081BB7C8CFCEEA0B201
311
5E49D586429C6C78646180B7710E06018A3082243C275F077FBE412C17DE80D3E6B9462C5204C5D980D1DF84A864401C483CD01B143F4A4868087A0F780F37230200A4FBF6AED325114C367C22512750A5C7C3E32D545CE20A0904183BA10015DCAD89864B3E1EE97EBAE8B204266A48E010511838E2FE413FB116E60880C2
311
D8440AC3880DDA6DF6618C138CF1CB2A09637E18D00F80CB0DC05322E31EADB8081C29410903F06BFCDF5AB46024E4A75828056440503C707856EF0C037623DD4922A400E8A6BD75E4D2800905F18450A00CEE88860C8964C7B3F90F56528BA18F71CFBBBCD2D05797E168FC37DB26DBE0DD2EAEF39686C18440820013C144
311
4055402A541400DD362A0A402F1FE51246404E098249FEE30708C10CA0B54601053159480C00BAA9B1223A773234FE72FD5C3BD81804D8D196FE3D5315A0C981D88D04FA01DFC185CA93F9120E1F480B08063364A0A318F08DF95056E4C91F1150D31B011200383502E079EE43CC18603AE2F88FD139C802A739F208E88D06
311
DC78267C448C27C4113C19B0F51B0E9C1C021CF8F9167C6B1F2E10E461002910105D1042792D1CA303F469714C018C23D72179E165049C40E801CB96CF334562E5807291D1E0C70FE6CAD91656715F0E5C5E70F8D7F83290549B1BAA6F781D25180EBCA93EC84E72A74081CE3020789B3790E1A9E478E658C099BECFF01E53
311
0E80EC5FE31204ACFF70AF8177A03059240CD074978A002A878BF883FEEC81DD684E406CA630ACFDE87292822A11953710F000885D6F68A67ED40CD772B0828359B753F7CE23D9479AB9845771B389D6A77130F8C134EFC83947392029B10E4425440A84AF0E54825228FC1634D369874739C837A9DDC83C20D320C3604261
311
0ECDFA750303710224D01202488012CA847424F8D53F78AB6BECE9B3B35A7F32396AC6B7444566327DBB4DF06FD9616744F4D3A397EB3B0A3FBA8D763702883ED742FE5CD24146D8E353ACCF811C806AE09914D8446E93840FF4D6C963FF32BFB6AB015D1D3B0C9A0968776F021F21404B6260CF84A14F35180CE20B5E85BD
311
A2EC91FD5A7DBA7E5705F4F0F97AF26CE18E3BA078138202400A62930FA6CC7882F911A92F33E547E64990B0F27323D73B6222863F86425153FA8009361C675554C25382CE148420C8DCC47A20122806CA178A0918C14CBD33440289078A00EC6070184CA9907FD0A1270478E0B325B67C2193694EDB7DD0F3C238447C8A11
311
485562FB4902134E6AC952FD5320A4F7C780882DA9684285CD81D278C0E8FF8DEC9F45D22DC3C2CA99C2728110888799575B6834BF22B0F01EDE72D7F21B672C40F0A972999E2200B7C91403F9BB3D09C01990819238CBAE5E7510D7D57450507E3DB04AAA0A3C280064E0775380C8C16EEA4834346A04BF0CE847B4B3AF76
311
0D06D24BBB267C32E2C9257DE5EB748AD101AF1FD33265E2B674EED8C01A0AC901392211011AC810560F77778E85B13BAFE3E25C95B70919A4862C15928BD8989664AD8638101D009A80F00BDC41AF27602A4BDA0C077E550048E7F1011410F01405045E1C140B4D0E70E0F6E034171C3D6FD12004FCC1FA30431251891035
311
6628A4A326EC9ADF5DFFD1B2C0399503F14B4F8E3E0E4E39A06ABCB56A8014687E86E462BDDE5124615ECDB412B7314F62E6E0C76ADEC0F717B360E741960104CF1706CFA18E0605004B01AE007869B095ED92144A807841EFF2811C047889A04901C809062057192688C92346F97F279449F89B113500BAD282D1DA80A55C
311
27EFFE02C8D4F395003F285B617BBF0831F49B055342DDDD414378E8888E92C16789F269A27C9A221FAA4A0DFDDB9F935B2ECC04DC51481558A69301E0460B02665AC4DD30C03D480866C3409400051811876014C0F294C542821AB045011A3E3F09001FF304E3A0BED05CC11A811B865001769507FC01ADC611F400CF68C7
311
B093606E30F3C7E0F00C1D10C31951C1E2D7252181DA00345842A19130715C736EC9ECE686A712FDB31E4D3E50AB336E5666D7B212C0113C4A4406029709B43D0228F3FBAF49921B19CA0C82A2D5BC4A2079809240F37D3E10F9637607C3983F0458508A98B8B4EFC92AC13530180CF55359500080061DF59B98BB3FEACEE8
311
81DC8127F182A885A86FB12B43C590A4380504E32305E3148BBEEB2D2782029765428092545BA5C2C681FC5F8E869C0EE1034A822FF09A12C94084505AA868080303473F8161F7AA0A6610745E280BE4427FB770106F8800EADABA19F453210435BDB2348471B13B65F2FCB554827632C4C44467333E4127095D22092ED492
311
009930413251B5408345065065E415266E20279A40B3F520370BE2050C8360E6BB4601C1673B9BFE007EF5200B6483CD195400A783E6DEA0653515B0FCE8E86D1618FC1EFC15C2E727F24F2A2DAB57326D8D0877D4E298894E7A0C3C7D9CE8A0E2D17AA2020FA1097D6372F2A9F955060FDD467AD0426368C24A8340FD0D66
311
87A76316DEF5179ED9042005A2BF02A5DD810A4DEFA4A8F700EFC50FF4FB8C06410F0303C106ADF8852ACC6A2CA9046E9ED070739339857222CC009E206479886EA26227BF7A341A15C351A8404A6C10080A2140FA4B4E8D9B9A11645899332363FD69887F436A660566964250FD752E787B64BCF8E6C8190DF8EA0C854C06
311
2D8A5A1346F810414313E606ECA0AC3A01D6928544029D5F42E202C0CB386F880F7842A31287061F32F3CBE09F2950783394F2F2B23D85386C6F51943E99DD10C8A0000BA9569A14805693274BD0E4F4DC3F28E331EEA91C4F33ABE057889BFB92819187840A08E57A276A8BFCB75B0342668C70C565C8059996D209C28009
311
41A21FB82B2F520BC2E6FE6F1A8827043DE17000DACC8193E78BBB8DF1467978C06F6AFE986123E3A95272CAC122046F4C65C4B88FED2F1CD1D918F7CDBF8903BF1A90057D42F4DC133AF804ACBB58446A0DB78806FC053FA1E45D0AF1112613CC0DD976C5E70AD3282F42725C0D02AC8588DE451B1C01ABF063E7748A3882
311
F0DD484BB78D037F9812240EB88B6034C0AD53E5116D4C6D920C6A89F084E6D0598AD7EB6930CC7B293E27A666E5CDFE9A3FA52FEB3C97976FDAAE9A60008FCA6B33099CF9880D35D419FC687D424378E3099441E110C5B3C6DC311E6653514A67A530D863326C4D8430E0C28024803B5B069B0E60C10EDB6DF087034171DF
311
01F1F3404B27B1056D8C0E56E7CA6056E7798147BE4C2F01CED5987E413AC6A724876DE3F599E0601CE7B9CEF3BEB3671E12DCE8AF9631B8031D3F360B6955DC2342B2A0E4632A00264C0DA002220CFEC3E10D9BADC8904D88DC51928593AA16C91DF6FFF82B3234404C7214D0F8608E0052283EFB2B0563F1D072936C4017
311
706010BCF1B16CDE0C1FA9C777E44E1F5259B0C9BBC8794A82A6C182A3AF56B16921405351FDDC91B5BAAA617860E8D76C97C377FE701A4EB4378FA97C2C8E3CC8950886C6FD93AF70A1F5F676B7ED16CBC56AF5D09110EEB8607CC08A795882358280DDB98AFFE7087C6EB593D62F041CDB4018935238E73F1098100D0C87
311
69818F777057F64C703C6530E142FDF5C837AE1CF66C94C4887D3A3726AB990DEA248F73B5D32C8E04F6714B1E67C53FC52040252E605B322407CBF8C7F05453462A295ABF4D95592DDD76AC23512E9A2DF964715C80DD752CA8E263AC36F02C3C28A133EB22AC8D099BDEFDE28C3E8FFEE3815D5D00C17C00511058354D62
311
443C1A546280E43572A9C661A34FA5891F8E7570608C8DF21DF51DF9D2A84D4501F41B8CD4F4C9DEB2F901E810C0E4CEB6EC08DFB06341C864CF8D0EEE779A606545E1E64AAF30A4324C20FDD3BD558BD966BA994FA915CD162B1978642AD01694E533EC190368A68234657085B5F88E27A0805E04B8BB6A00A51646EE3C10
311
A50FF007FF410F1963CA69BE2002F0F902E701AEC995FD41F83A3F0C3809A3288A083003A6CC2A20E6D703EE48E3777AC07ADD51EB6101603A9FCF17B3D5928F6D742EE7E4CF38AE2B03C5FB39C81D7B2978FAFE85AF3D2710B0582C970F0FEB0E4D1103B8BE2B4D560CA10002FC8F334C891C07B44FE06B2E3ACE5E1E2D1F
311
C32203110ABF9CA0E8381F68EC3C06701328E5A38278A5FCD944CEA5283DA933DF2A2448BD23F1C5D8BE04CC2DC3B43B3EEC29F8B5FF926D11D3E97EBF7FA1BD1E5E5F5FE6D3D972F548547783146ECD84873F377C5820F7F9FCE5E07378D6CBCB7E036DF7F7104079A05B77C6942D1BA95D47424BFC3DB6411009A42E2078
311
71B7EE9B06614BBD20F22F7523FB985F3F7068E37600273A3ED0C1CCC380F6EC4AF01CC1CF95E4848B7BF950AD14C44F10460221E02D21D01DAE800F323704C00035DFE97CB37F797D3D1C0E4FBF35EE1E5E9E0E879FBF3DF6F474780A01FB3DAF01FE0C0798218007C2090A3008BA7682A338F4A8804A06CBFE6A80CEC766
311
F49853F15B2F45FCEA3F8250012841315016E75E797EFEEC4ACA6C79F515CF1738F7C36E2406071051043817C9E8C5888D49D0332E800062FF54FA562BF7446CC0BFDFBF8603D1FEFCC9F7FFB5A7F000430755C2D3F72F2D02A022820897ABDD44594475BDCCA4A10AF34C06B08B4AB58BBFAE30999DC66C7CE903A83CF8EB
311
006EEEAA063430F84B05F0ECF644825F5E95073870E72A0771AB89B080022A0C5A9FAF34C89286257FB7BEA000EC65B59750C68E0815B0D9834B15606328F80709DE09018AC2A7817F83F96DB3D562C10A0A31300230CD4200B87F85808BAF64D04600254047F9C14DE93464009E7F5AABB4FDD6D55142A2C0BF1541FCE19C
311
20C899BF4F76AB54B84CB97F88F48ECC029FD253F0C70DF4816B9AC94BCBD653B1A283C4001A0337955E4AFED3FB790B6B1F5EA0B5514074103A38D84280EE0F5F9BE974EAB2D16AB1EA969684B6E4166CA28264B300474C7308D20013B204A65F82970718D05678B3315D442E1C0A327E2F56556040C005D2FAB1326A68A0
311
7507C9E46A3648555A7080F5F50219A00E6222E3E0862CE95B5680930530742F1D041805E69B788161F015944D041182B861A2C17F3AF01CF5BFDF6C343F9171F5B004BF59C016719164B888EA206A02AD05E8464D06B48E4381A0E9345FD171625AC22198F57C003BEA5510F81FF78D31C9B033D0030000000049454E44AE
311
426082504B03041400060808004AA2835AF3CB91853C7D0000377D00007800000044463138454537352D434541432D343243362D423333452D4244324641413238323835392F5265736F75726365732F37433133423038362D313844462D343332422D384146322D4532453035464243383836375F506F7374323031352F74
311
68756D626E61696C2F302F745F507269736D2D3235365F706E6701377DC88289504E470D0A1A0A0000000D49484452000001000000010008030000006BAC58540000000467414D410000B18F0BFC6105000000017352474200AECE1CE9000001B0504C54458181815E5E5E6464646868686060607878787474748383838585
311
856262626A6A6A3636367070706E6E6E7676767C7C7C3A3A3A3232327272725C5C5C3434347A7A7A3030306666663838383C3C3C2C2C2C3E3E3E6C6C6CFBFBFB2E2E2E5A5A5A7E7E7E4040408787874242422828282A2A2A4646464E4E4E5858584848488B8B8B8F8F8F545454565656505050444444525252262626898989
311
4C4C4C8D8D8D4A4A4A222222242424F9F9F99393932020201A1A1A1414149191919797971E1E1E1C1C1CFDFDFD181818959595F7F7F79999999B9B9B9F9F9FF5F5F5A1A1A19D9D9D121212EFEFEFF1F1F1A3A3A3ABABABDFDFDF161616A5A5A5E9E9E9EBEBEBB3B3B3EDEDEDE3E3E3E5E5E5A7A7A7101010F3F3F3F3F5F3CB
311
CBCBBDBDBDADADADD9D9D9DDDDDDD7D7D7B9B9B9C9C9C7CDCDCDC5C5C5CFCFCFB7B7B7B1B1B1D1D1D1C1C1C1A9A9A9C3C3C3D3D3D3DBDBDBBBBBBBD5D5D50E0E0E727472767876E7E7E7B5B5B5747674E1E1E1787A78C7C7C77A7C7A7072706E706EBFBFBF686A68666866AFAFAF8587853A3C3A6A6C6A8789875C5E5C8183
311
816264627E817E606260FFFFFF8385837C7C7A898B8950504E1FB2DE6300002000494441547801ECBD895B9BC7B5F8AF7DDF90D08664B48116D086163060961A0B0C310663B3C5C5D8F8DA607CBD25013B24A525E92F4B9FF4F9FECBBFCF995762B149E2DCB6B7ED7D3A80F4EA95D0CC3973F6397346A7FB4FFB0F06FE8381
311
FF60E03F18F80761C0FA0FFADEFF7CED7F30F03FC4C07F48F27F88B8FFFCDB7F30F01F0CFCBD3160B55A6DD6B4CDC633177FEF6FFF17FE3E013BDD181C1D9D91D66AB526791A9D181848838B7FE171FFED43FB5E674DD7062746275B3393ADD9C999C949017D8667796CF13731D8A8A5FF6F22C16AB33506B5F99E9C19A54D
311
4C0CAAD6680C0E361A13720B9AE06F6272B4F17F0D07565B6342D1FA24F009D88D06339DB621004404C82FAF6A030303838313E062667470E0FF8E54B0D61AA3103CB0037CA3019440ADD379BDC1A0D96CB1585C1697CB6C3107CDC1A057A7B3A56B4213131048EDFF020EACE9C624620ED29E60D6076A48B96432E8F1C7DD
311
8EB0DD6E3099F4F944406F3299EC7A83C1688CBBFC962FBDD0434D6861B0960653FFCECD9A9E9844D869338F74B37ABD1E8BDFFD47BBC99E48E48BB45CAE9ACBE5CA651EAAD56A1E6C98C246A3DFE3F1823A7865E2DF180556DBC028925D11BEA8385DD2EB71B91D4683291148E4F3F972B15A067A813DD7A4D573FC0A32AA
311
A57CC260F49B45670C4C346AFF9E5460B54DB4506FB032848F82D725837E77DC68B0EB4DFA80DE1EC807F279F050AE968B32FF65A184B2C246818B6AB5943019E31EAFCE36D010E4FDDBB5DAE0646B1255A7A43D4A2D68B6F85D0E87D1E188FFC1E17259E2EE70D8610807F48952A2542A31E9E56A911F4183D0443D57AE57
311
F3FA303848A6070607FECDF4A26D10E247EC0DD45076569D37E9B198FD664BD0EBB5597F1A1C9D196C8C4EA479CF6A765BDC06C802AA300512C8059AE0031CD49BB97AB55CD21BFCE6A46D60F0DFC93CB24E884D87692BF05B75562F723FA8B36105CDCE6F6E9E1CEE3D78B0F7FAD9E1E1EAD2D25C6BA6A1D3792C8886B021
311
6C32180CA803BD3E8F802C0919D04AA5B0C3924C37067E331FFC93A8C6DA98999C51B68EB274C4CA690C4C4CCE6D6EEFED1DBF38DADA7FF3F2E1C39DFD573B3B2F77B79EBEDE3BD96C8DA6AD492F1681DBE576C51D6E87E0017A28158B504233572E05FEE8F7A61BB57F1244BF45FE58AD696C7A8C3D249748FEB495A799D9
311
F9EDBD075BFB0F1FBE5A5EDF38B8475B5BBB4BDB585F7EF8F2E8786F7B69614693F549AFD78CA2041560C1AECF97441EA0218B7A8325981EF8D7E703F4FEE4A8987B9873B6F4603ADD6A2D2C1D3E78BEF5E6D53B40BF756B71F1A66AF7EFDF5F5CBCB576EF6063F9E13E38589A6F4135D08C55281D2BD1ECF1BB8D067D005D
311
2972118168F058FFD589C03628062F161F08C0921B1D6CCD6FAE3EDF7AF96A7DE3DEADFB007E8376B5DDB8BC7F1324DC3B58DED9DDDA3BF9EFDB0BA3480E111D69D19B7085D9120F1B028962B12AAAA16477981BFFCA6E927500BD3F3A383820F6FE6063A235BFF4ECF1D1CBE58DBB6B8B376FDCBC7AF5CAB9A661E1C68D9B
311
F76FDD3AD878B7B3FFE2F5E1F6E60266A36637F21DE934DAD3E372840379D4234450D59B5CE9C17F5907C106F58B8B3BD098C08A6FB556965E1F3D79B871F716D003EE39E0CF2EB97F0356585BDB78B4F3E4F9E393A5B9D905CC27B020AE930812EC278B3B6C12B3B95C2E964C0E5DE39F26087E51065BD3687E71F670ED07
311
274757B6B75F6FEDBF3A60EEAFDED000FEDD95DFC92F8DD7F2274D08E1E6CDFB8B6B07EBAFF6778F0F9F2DAD2C2C8004694A978A210C19184D188E688544516F6EFC2B5A4542FE62F6E1C94E88CA5B3DDE7DB871B0785F585E41AA203F7B104CA8FB0A07379105F70EDEED6C3DDD5BDD5EB93D3737374B5B989D1537729029
311
F742057AF4620903DAEE4E377EB349F05B34D9FFE4B30313B333CADD6D8CCEB416560E5FECBEDA5843EA9D12FE19E8E7AE343A10364014DCBF750F22387A70B8B4B4727B1E1C48831AC4A2449F7A2D71A3DD644AE8030153DC0A6BFC2B356B63B6A5057A26662617FEFBD983AD9D8D3566FF97C13FA3812B576E283E401FBC
311
7CF27CEFD9E6EDDB50C1BC6A828399994181184FD210B61B0C7A531C41F02F8400EB20DC2FF33F3888C9B304F1BFBB8BB6EFC83D181F9EFFB976460510C1BD83F59DDD235107B757E66E2FCCCF8309D0805C44BAA475412CA4380E253FFF580C88B4FB45897701FBD6092C5FC5FE13930BB79F6DBD5C3E80FA4F795F817F1E
311
01E7AE79AF2D09141F2859B8FCF2BF9E1F6EAF6CCECF09F8AA090A44C2220B9266B3D9E172C7DDD64B68E0E3C77C0180BFED85B8FD62FAD1665A2B27C7BBCB503FB32F0D29A74D7F1B4C0156A841BDBCA00C44148A20C02C5A7FB4BFF5E0F06409265800FCF995151EB84616886940AC14138910A26DF05F4312DA4661FF06
311
66DF606B6EFB706B67594CBE9FD5FB6DC1AFF0707AAD5D80304C43310C1FED1E3DD83B595A59410A0A15ACD040818455E9668075858106B1B5F42534F0B74DE665FFFD6B5445D08BF91FAC0DCE2C6C32FD8FD6C5E86BCFFE7B10FEE24BF917A1819B6060E3D1CBDDE72883CD59A840835FF402D27052560F6616900B73A3B8
311
1A1F6B12FD1A109701FE91F7D2ACF10C0E60FB8D2E6CEE3DDF5D3E10B34F214041F4F10FCA1C1004DCC42C148BE0F9DE09604AEBD080F0C4ECEC646B617E6975759B488260E023C7F98FFA98583F0D4CFFDAE8ECE6DED6CEFA419BFCB5E9D41EC5FFD11ABE9038829D973CB79DA3CE1D791727716D6DFDDD9BAD177BDB803C
311
37CBDFBCE20231905AA0601E07EBF5F1F1EB931508EF9F2B07D233023F08185DD87EBDBBB3BE76EB227C0A30CCA1DF4B5B5C5CC4EA3F6DF71771886902B46AEA4AFBC4DABD8D573B4F1F3CDB44FC2FB41616840C4410A0186184F9CDA5C3E3AD274F9E1E2FB506FEA936619AB897387EB87D18FE62F7038F36AB4C35BFC027
311
40DF52EDDE9A0442EEDDBBBBD6BEE05A7B478204EDD6FE28418257BB47C7AB2B2B9800B3A0605E1881A66CA3951310B0F3EAE1FED355F8EF9F4703C43E80BFD69858B87DF87A77199F77F1DC7C0211D008C40707071BEBD296B5F6EAD1F2BB77CBEF36D6373636788FC0907C6AADD3E4057EC1A347FB2F1E2FADCCE1198A5B
311
805D280898BB3D37BFB97272F27AEBCDF2BBE59DFDC3D63F6F1DD54AF4A2511B80FC6F1FBE78F388F95FFCBD226A54990AF4BC7AF972FFC993275B5BBBBBBB4FB68EB8D83A3A3AE2716BEBC9D6FEFE9B3784C81E3E0429EF96D7099449538F1B0760E6DDF2AB37FFF56275E9B62CADB0ACBA00EB83032517E7892E1EBF59E6
311
73EBAF9ECF7CAC2AF87BCB41EB288BD8B5F4C0E8E4CAEAF37D8C3F10206DED60E3E1D6F367B75B0D8BC568300488FEBB3D56B4D7ECDCE6CAE6D2CAE6E6F6F6C9EAE1A104485F1CBDD87AB2BBBBFF7267E7D5231AB810DA587EC7D5C3576F9E1C3D5E5D9A9F01D1A36414C0078202D10A4BDBF0C02B892D1EBC7A3A33F84F51
311
05D64162FB04AF465B2BCF047E6167D15F2F9F9FB474F662B350C8642A954AB690E531938965327583C193B4A575123399C466C6C403138F1F3F7FFE00343C79296D476BAF765EEEECBED9DD3A3A3ED99C93200BAB082454C008220EE7E757964E90B9EF0EA4CF83E7AD8F8F92FD0F0C829FF9172B310FC027E3E1F6E1D397
311
8F087722B997774F66CD89722693C996AB0193DD6E37C6E37147985560533E574FA552D172DE648A13FBF65B3CD8B2B88E732B4B4BCF2087D7C74F8F5EBC80597677B776C187B4A3A3E3C32502851262C7CD9C9C0405A212D08A9B8F5FEC3EC2E810EFE118BBF0EF4DDFBFFA7D0DECBF1AF26F669EF97FF5EEE060FDE1D6E1
311
8CAB9A65A6AB010077592C660F2BFEACF913DFF57888F91BED81623D15CBE48A89BC296030381C661DB90013B3B32BB0C5EADEB3C3D70F1E3C78FEF4E9D1D3A74F5F483B7EFC6C7BA585A6958CA2C1D14945055802B7E79656D103E272DFFCFDE2C6D2C4C0F7BF3AE28FFFC0C760334DE817BF6470667EE939CEEFFAA39DBD
311
DB3A13549F4BD81D7E0B1E1BB90EF2C783A0C0CB0FC9106FFD0E7BA25E4965322C7694F38180C161B10493B6C6E8E802ACBD7972B2BA473B7CFCF801BF7BAF0F57F1081660725B4D87B8257584B525A8001278F6FA6807A71BB57363F1E1D2C4FFB218B001BF30406B76FB0131EF9D27ABA3E652B6504E18E27E8F000CB45F
311
0465DA2D7E9AC5E2F18013F586D9E2FA5322978AA6B29942BD9E2BB1FC69F407BD58B5032D8209C885A5936D10F1ECE4E4E4D9C9365ED0EC64C346E2885527E933A370C2ECECDCC23C62F0C9F2BD35426E376E2C6EE1187CFC0CFFED9F64ED0BAA1C68E0FF3C38DA7FF95F4B938666B652B4BB616CC0E4CF6371F9DD6EC79F
311
ECF600CBBF7A9106C6B8C5CF9BD004383054B3A9480A4AC836CBF544C0EE70F98341E89C6C0ACDF25DDADCC4F25BDABC3DD71A1D1D487B5929D19136220147C9299B9DBB7DF2FABF76D6EF29CFE3C6DAF1C4C0DF0ED6477F83756006FEAF8900DC7B7EF4F464D455CE34AB76B7CCFD9740FFD6E5321AFF12C8D70B954A2AEA
311
43264652BE4AA1502D050C6E3F82E1AF41B3FF4FC5AC2FEA8B81844AA6582FEAC361B79FF5D31A933C3143381451C74423FAC4DB94A028AC94B47E031588438851B0F4ECC193E5BBB7EE2B87E360E97FD329B04E12A40401A3B7B71F1F9FB43C896C361F067CF397CCBEE5EBB8D1942F6701AD920F90F4E3329B09E038ECA5
311
6A3D1AAB348BFA3FBA3FFF5292A38C898ACFE9F4F97CD14C214B3E8429EC7079CC1EB24230AE713224610E4CA36EADC9BF0A3759A00288401305ADDBDB785FEFB4D0D3D59B0F3F4A177E8C78FB753AB011FE63D17F60746EE9193ADF54CFB6671FA0BE7618EDA56626962A9B1C165D5A568775447074F2ABF3F81D816AB692
311
C9E98D163342D1E2C857223E670414602B14726402388C2E3F6F911D444A847899B25A08F9B35C1A77BB11AEC207039247373BB774F8FCE5FADDC51BB2EA70F5E6D164EDD786FE5BC097CFFECCE7B10058AB4003CC6E6E6E4E58729966C0C1C844D7F9E3F6402116AB940D9E9FE0910FB25E253FCC62C8A5BEAD140D710F82
311
D2122EC722916E67C4190507D9267A41E8C0EF4926755EABEE1BB208052A726BFC6E924BE2FECF2D220A500883A338857B5B0FF1BFB5E0E3DAF6C4A572F067A0F835649DBD7FEE0BB4CB0161005BAD41F47FE17B53B61920A34B81EF8A1B4A99683467306B71BBB3EFB8789534878BA9682EE0401A98FD8666B4CBD915E98E
311
4453A96CB68E6EB41BDC6E8FCB92F498C9AB20B302912AA9552450A8243A73322954303AB8C0B2EB1B0940A9E0FBD557F3FF3BEB45E9D119529ED22401CC4E58F295A65E0813C90EF8F94CC457B5584905BC08B1BCBA78CB6B096753F580E30B73D0E3C8A7BABB9DCE4824224AA1D0AC622B223ADCCA5A447DFA5DA4D5614E
311
A249581230BABF0631C809965E450ABC22FEAE91C0FDA3D15326B8D8DB87A3F91BEED80880D66CB6F4C4EC44CD9DCB548D7E8B58387E37B3DF152D7910601F50FEA5DD25FDC566CEEE82E1FDF642C4D9D5E5A4C13E953A4972284E72445C244DBADC9251E970848D6172294D7683D1818D893E600AF0C29E620D620AA868E3
311
DDCDC17F20E01D200626914AB4D1D1B421570820CD44EF7F6D0C149CCE9C65B035FA7163B0D60607BEB7040AA530FADFE3C8C5404137BF91281612C98224D0C10A86B8D1118FFF600C3B54DE909EC541F2EB8C71B7070CD8D233B39BAF9F3CBA770B12100CDCDC99FCC733416D664652176A8D74D2D46C06E216541FC2DD5E
311
8FF5561CE9D9F9858F3349AD0324C15A6D4937B9A10E30E80A54221040B7331489C4A229C9132C2512624141F9E24AA904B2443E51CC274C263119CCDE1F31476E3F7BFA661D312824F0BB2BB79EFDC38D01EBCC0CC1683820ED0D6473069724387BFCC64033E44C784789D67C1411A2E889A39324AEF35A12CDBADEEFFDD2
311
62AF6313080974397DB10C5653595090205F8C34E2809ECC4A019F4CC2622981751187F374C9C1C995BD2DD621D422DCEF7E7775A7F51BECC18F23D50EE5B79F6B300069FFB69A39512893BE07F55BFCE152ACABE01E98255CD3BA5413BDF7253A6C1922793FA114CDFEB8A99E29C6F92263392528E8EEEE8A44C4786C9217
311
55CC17217A7E491C4C544B65AD714FBC4D17C9C48D859317BBEB1A0FB0F6786BF51FEC17DB589221DF396DF5E70B450386FF97E4F0D8EBDDBD65EF041EDAFCC2C760D53A2039449202E4C51492D049AC60B4783DF162260A1F743BBB23988710411346A8E6CBA4049034588259AAF572B349C21419D57850B85D49DDC4ED55
311
484056E2E0014860F43790C0FBF3F211AFF18148DA4DA7CD8966298CD96AFEC2EFD017424EBD75066F766E6EF223104022C544DB4822E9C194CFC6107C8580FF2BB3BB948DF922DDDDDD21EC22672A93CD1648972535084AC84956390983A44E2220AA456564BB2DDE81C1CD076F36C4211004FCEEE6E147F1E047807AE947
311
6AA83EDBF7E42DE99B25B17EBEF460CC66FA5371E4B1C4AA664FF5F0A5FFAEDD1C981CAD614849EAF4E76E43318BB7E4C30428B982C178A2908A46C1002DE2139558A0A92C417900FE260EB438D1E40A054C3F602B24D393DB5BAFEEDD57C61024B07E660BBC3F868F989CF7FFE5F4B5F6BF44811B62D707FFD22C0AFC9E2F
311
FCC67CAA3FEBC62894D5DB85990FFBF8E00E49B42A779CCC790B966353C07746BA53CD1C1870E3406678ADAC029F8F101A28A8D7015B72E99B856C335B28549A4D0CC61CFB0AECF8DFC9D1DB2F840494290009BC7E4F117C308053A02EBBF8E54F0FB420009DD763A8970DB8785F9AFD8E52AC2FE36A68F33FF7112218E52D
311
9164D939F0A5C7114E6453103DCDE70CA50AE2369ACA8558D4A72C02142228C8D20A0581B9522F34B3A96C456E64A10B88C06E70986D33272FCEA4C09577AD8F53C49781FF2BF74405A2B882E11C061CD63FF45F8AF665DDAC8A4BA4F2520278EF2B31DFF024C91EFF5EE77D1B47FEC562315F342A28883ABBB36EB3D9AD2F
311
D6B3510481F807E22803315400D008C542364580A18270E055BD2E06A3C11DB4CE1FEEAEAF9D4A81D5F748E0BD21FCE2CBCB09A073572420087054EB81B8047EFCF192AFBFE0694CAA40EDDCECAF3BE4D84F346DEF84C76D4F3433D1181CF0AD3802DD91EE50C5680EBA4CC55C050F91862010C3508BAEA7809C80AB6A5921
311
0C9404182002E919FC6F0C62A50A118357F75B7F03067E093DAC83D448D2712572E2FE04BFF4BB03BEE1ECDB4115A956B95CBF6A03C86630E65F76CE981D86443DC3FCD3801503C08901907278C140295788FAC42090BB600049C0CA0218484130990C18A1551005A883843EECD7CDAC1E2DDFD312D23007B727FE31AB85B5
311
591660BC7E5333E140009A3DEE44AA2FF387066B5634C9E723EBFF971BC18DF6FC073DF84E04C863D1A84F222260007801B812F79ADD76E249E806318A0818C108299FA84A899E81019E042760002D89DF640FFBD3737B2FD7D7C42380046E6CB15ED9A1DA5F1ED06F7A170950B326715B3403C0E3B2577ABADD03A380AEC0
311
9F9CF935E163955D706C1894D4D7B82151CE123B50EC0F9CA2F842BDB4AC1BD7C81E28175229A1091C240844E983A8821D09092AD40D118E6229E9DD66DBCAF18E4446C416B8B23CD960A8BF09B88FF9707A61229DF4C64B44BF084F9A5D867A6FAF498202AAB1FBF9572D1042791880D87F508F017D974A7DEB63F61100CC
311
7E6FA82B14EA09F5440A2ECC4343A0D8CC40025D1A06A2CE682C02BBC4840784268410628A0810040993C33BB1FD0263409CC2DF5D59DC5B820B3E06A6CB3F7339EEAC33B89A220054F8CB627114BBFA033F0AFC92D32BC9CDBFC20156B5794CF8DFEC37EA4B10B9D0BFB07EB7C01E62FE7B8406BAAA16AFC240415C83EE2E
311
610327C6820F0A806084636019A8403080BD8C3280067E5C387C8226504EE1D537CF7656FFEEA9333536B5782D867A5E2C20B3C51188F4D6BDD0FF29FCBF1207B0B2BA89FC478B785C7FD21773CC3FE4CFAFD0BEB49EDEDEFE9EBE91FE5E67C212F44303554503BC8D684050FA2238492A6E04D928C9F0AD928E5804C57CD8
311
52FB6F9880D890C405EE6D1F1C2CFD2C062E9BE0CBEE5D240F54C080D50C031808DA8ABD8200C40068CFBE64F85FC60167DFCB52B2EC8295E8A6C38EAA97E5021C5F67A8172AA7F5F5007DCFD0D050FF506FC68E8AC548AA1662E8021529C23B22762CF32F8A41E90DE487A61F709CAB09986069EBD1BDFB5A60E4C5FEFDF5
311
DB1F2C159D8DE6226CBFFE8AFF4CCF8EFEE4C54C0BC4819FD4F57AA8CB4E7E544B950190CCFE5F1181ACE7B0E78BF446C81FC0E06E26BC7F6868786A64ACAFAF6F841FD546FAC6467A2A0842360C25908431251D850B98F65004139108325C2166025C0127C8DA52AEA88FDB661F630EA9D8D0D587DB8B371EB62E8F0E7D14
311
1A4E3F747A318892B3184B250981600115BBFAF24805D548DF90BDB1BF600458D32CF6C89EB7AF5C0E532ED605C053C36353E3E363D3E3E3D7AF8FDF191B1F1F9F9A1E1EEB1B1B032543BE9285C53387D2869188462232F39003E6A1884CC50A5082A202092517C396C6DC8397078446E081B5ED57376E6EFD2C137C38E5A7
311
706A6F5D78A9BD6086BDFE44D144080C196EF24D652D9442000502BE6CF399F8F05B4FEF20FF64237CD018C8A5BAFA87FBBABA4251BCBC622115E982F57BA6A740C6F83550313E3C32363DD697D19BD964EB30E5ABF8CA60A03B24AA020C083FA0192103694205621D602457F50EEBE8D2D1A37B8B1221BEFFF4F5FDAB8B7B
311
A762E90240A7C32252FD736FB43F73F6366E90CEF2A7624249406C81A12E3B5B03057AE65EDACF39A1F215B6095289D26653C6D7DBD3D353740FB4C8749A9D48BAEC752C3E5FB407ED373432323C761D14F0333D16CA3ACC5F7CCE0EF33C56B1227905BD528B104148AC2685048D060824D78B26B76DE17077195DC832D1AB
311
D99D1B57D737953D7406C539D02FBBFC850F5A475B69AF2BC1EAAF38C1F18073A49EA4FCC9284D80170CFCFC7FE3FF4EA4BDA64C6F7F6F4F71746F6BFFC9D3BDFF9EF098CA159F0FAD27C28F3632D4070E86A7C7EF5CBF7E6DDC57F27FE5F93A1EB617F18EC51A9016EA0E299581D650AF05059A7AC433C8250CDEC6FCF397
311
1BB7244B7563E1F0E0EAD5E5D1BF973D6423D86D311603AC5D7ADE5AC29521A7BBA1C05708207F6562F49C19781117C03FA833547A7B53C167FBEF3696B7F66AAE72C1D7DDDBDBD7DFDFDFD7C7AF346880C7A1A191E1A9F13BD7C69B091103D88B2554019A005341E63FE40C75F5082E140E3451281681D04020EE9D582571
311
0A26B8B2B63AF1F4FE959BCF2F15CD17C7F7FE92CD65B4A11B586878DD0191004200D5101210D035E825E38976FAADA717DA37C1FFBA70BDDB177CFDF060EDE0D1D3196336D4D3D3CFBC431080D18B050438DCEBE1565F8F2061787ABAAF6CC4DD76C5118415C2036D5B8199EF8610BA7B2102510F9080D20698445956561D
311
B6993D980063E0FE51637EFDC6955B271DA7E0C2A82EBC3803F8E76F5B27276D1E632960440578FCF6D470CC8359A3285F014F02D399E579F16BD28303EE5C77CCF6F4EEE2DAFAD67F5BEA4E3841ECBDAE6E5FAAA27646E754C4876860971883200725313256095042020C9848A889623128A21744F1CFDAFC87C44AC42ED0
311
2CE32C0BAB26FFE0DC839D0DD9A5F672E2A7D55B5788919EA3CC33507FEB557A61D0EBD797340270977AFA4C69F4BA3405BFD43BF9997E6C8D6429164B1FDDBBBFF870F5AF555FA8BFA737D4ED8B656501D01066F94F9A5B1A390545FC633110B010FABACA7F345BDEFA4935D02C427116841314B908C9F42A4FA9AD0B7C7C
311
65A11C307A174E0810FEFEC68D770BD6C64B28E14187047E2BCC173E3F389BF61813893F21013C1E436638EB11F8015EC21BDA3EC1CBAD00AB355C883576D76E2EBE5B3544985EA6DE97ADEA59E1943439CB17E43C90F8E02183E82D976C1B3704881276C110BDCD8074874D6C52BA105F111928902BC7014C4044CA4F109B
311
2812157AAAEADDB6D683FD771803F796ACAE93B52B570E16CE68F3024CBFE505168FCEAF470290FCE57197FAFBF53FC9EE287C5B698284C6452BE0940B5C856C639FFCF18DE7EE18C40DF49972224C3C1F902D1E970B316F3084590535B2E2C992A7E0C21FD7170BD807CEA2C9E387098CE8C2148481F80368E19E5E5805C1
311
A198428C020401DA2006068A0E2FC6C0C3BBB76E2C3EAF193DFB37AFDCD89ABC7C6E7E0501A720C8E7D2AD89AFE2127DF37BBEB0FC0909E01798819C040E69F2F4E1F7E1F6E833A6A7B76EDCB8F7C25F604EBB2299FA7761D2A8A4888CE34FFA523557CAE6545003F22D63CDE98DC6AF050D2E87BE9C71168A6E3E4A722108
311
49B1748AFC176F51A1401E95225034D09684191255FCBA85C72C94DCBFFFA4E1AAB636AE5CB9B5F4B733C140ABF67938AF67551A922CF50E25AC0AE80EF8922D77D97A80A7EE6BBDBB79636D6B30DFCBE4470A7903A91FA4CD19ED65C29B02B32941CD0803CBFE806E372512B92ABE2DA25630142827F42407586002CC2115
311
2665FE455BF0A010002F40058A04400134502994ED1EDBD2D1CBF5C59B8F16742513AAF0CAABFF19099C9FD10938C09437B93F6738E1CA70242EA14DC03E6D2C749EFFBC76EDA8E45FAF5DBDB1BC92EBEAEF0D4533E24630B96E53512DFD920DE4274B542A6CC85223FBE5759ECF5D06638205415269E5930EBB2C19C204FA
311
92C4066002091A080E047E4D1A6ABA90C5349A2F952DEBE33A98E0D5BD9BEF566CA69C67FDCA95FB8F3F700B3F1CEC0777CEB3807572D06C4CE88D10AFC515E81D2A92AFF85E3B17866DFF67321C33EEDFBCBA78E48F32D40829536EE6352E09C33953C96ED649692DF2FF541D31927EF849830EF6C77AFCA66A91200FC4E2
311
B6ABB5E7B82190434BA2FE015A21000CF02B02513511033462E860C03231FF7A77E3FEC152CDD3FCEE3524F070F66754D40750FFCC8DDA42DA629711C101F1DC70C8410E8824C9F12BA5CF688D3333A8FD1DE6406AF6DDD5AB6B2709AC1D672C8706258894278487AEB2E8D85FB8B030F9419D30EAA95140AB66F51860FBBC
311
C11FB4BBA49A067E610963000C84B083C454E8E14114C2A939A41010F15552B984D13CB1F9FCE1AD83BDB4AE9AB3BEBB7265F1F072BFF867C0FDF0F6E064D215D04B0AEC171E6364AC105460B7815748F820081BCC97B7EF5DBDB9BE9983F9A3CD046CED72999AF56CC9E4D791F7D75A986B75CCF436C99CA3399060B584C9
311
0D70C4098D2005208162DB22164B083BB25F90D01183C20648027E61825CC06D9D5DDDBFB7F6B8E10D14128F85047EB335746E3058CA33A3664720404E067391EF1FD2931CA16A03090D083190307911C55673A9B47BF3C6FDFD64A6A7D719238D00594E7E72255848000020004944415460336FF74B392088BFF501CD9C47
311
3CEB67048FB08CEC76093F111C61A9A0420489A68C45719F440AF05A41AF3D8824240FD3E069AC1C6FDC3DAE59ED95A675F9541168507560EB3C9FEFF7F26B5BABF6D640523772C963CC0E77BB191CECDAFE930B1070E15F83D530CEE8DA0B03438C648B61BFC5652F559A7593DBEC4DA765FE5B172A405C3616ABB596F61A
311
AA7A968A60022A0714F18B951314C27B840484086001CD1A92F957D15330805B989C5CDDB9B735982CDA3379A4C08D9D7332EAC2487FFE851A93263B6A2DABCBCE0294880053D770998C6681DFA650C0234C3038703E09CE53343CB971E3602947943B92D5633E8573ACEF258C1E3399C008BFF90BCB979781AF06662584F2
311
3640085E4981623D16C5F8151210044003E8164D082000840444234662A41799DCE9B9DD83DD516B96CD0B5EA4C0DA6FB205DE1FD0C44C30AE4704B0FDC15FEAEB3721AD6DFF1F694282079A5080B665A7FD8FDEBC61EBE68D83051CE0EE588E450497BD90CD15F1A4C8686173C4E4DC87D6E9FB7DB667C6D61870FFD14321
311
199102241F8B35441367127741D3841A0F280C4004444E33A46E7826F6D6F75BB65C2E9F0908091CFD52C0EE22197C389409946080AA6EB0403C3BE6B4FCA46A606AD06B8F8280D3FF4BEA735B8B37EE2DD57B91FE124376E7095A92D1E2F204C90D9A6019E9E34D336B3A68200BCF63F903067193CC6A3C0210A02228A20C
311
DA424091805087F8C8D1662EE0B76E3EDC9AB50542FA4A36B9417CE417C5E0E9D82FA2A2FDCA3A93F61B48E777E3ADD843E3393319123F499A14C077A8E0DCA6AD64B8BC75FFC6DA52BD2B14C9140DA4CD1733F542D164777D4D7A271B4C5A0B9798CD177B3E3FA0A49D344229A8646727928A0F32F102BBD203C80040563A
311
50A264284952CC48DC3758669FECCFDADC63F55CCABE75F3CAE2B38F47FAD958B471A41101263D08409107FA87F23F8200F2BB80FD1B8D0F30E3CEEDDB73941F2CDE58DBCBF5877CA92A89DFF666D657A9E6C3C20010C0E82FC27F99DB12376862D06862B7515433062566205200A358893EC18012028A047CD966C2553BDE
311
5F497B8662FF2F969BBB77F5EA9B5FD43A6730ABF0D0F909D0E96AA3C9B83EF08332CCCA63BD0E29012D0460B57DF34D8706CE84ACA5B4BA7673ED4115F11F2B875DEE04191015D49FCAE8B2D5100033E77BBB2C1C7531526B351B10025F1218B0977299A8C445245CA05020B1050D03D8C14A0A8852703AC529322F3D5DB2
311
7A7B7B49DC773FBC71F560FE54519D82777AA14624AFD49D8BB775BAC109B351FF5D38FE35965C6A3863D1D908268301C505204278E11401DEC4CABD1BB75EE47B7B23B1DC0F6E378E6C2A5BC8EB71763F170260EFE305B3F4FDCE2E2247BD4AEA5D6C434111600CB1C9064B100EE81F9268A208813304080F28B5E08C5672
311
79E3E683CDB4D5399E29F8CA27F7AFDE7F7DCE21F8D95E2F7D63A2E11119E8C69809F44CE575BAEFBFFF5E012FF6BB34EB37B5D390B0C1FBEEFEADE781DE9EEE14CAC8952FB0F647529F010622B7170DB03078098C97DF6A8FC6EA0ACB062C4C01160B594E24260205482455E80012101920AE904602621938A3CDAA71F2F9
311
4ACD9AF9A4379729E8DE1122638DE012F8CEDD92F7CFBDEC0CCA3A5343069AB0033FF717FB464C49F531C507C0AFA1A0D661304BE2F9E2E26E98D86DB41288BB03F58C8FF84F3EE088BBDE06D9EA32337B39039CF5DBB96A3FF3040F482E3ED6A03D91CB2A6B30040D00FF109680AC2C6AF0CBA22132102D41BE75A69EF8EB
311
E15C5A57F8F43A6BD0A607F7E1815F95BDC202AADFCE20140EAC334A068A16741746BA8CEC5F101660FAE54F5040DE685BC47AF3B3078BCB696257D166DEE166E38C33E6ACE7123F4872B797F4E8D9F7F3082F74A5F5D7C17CE7D91A34918ECF1EAB7898AC09E513125804018A0434292804C0D22134A078A01BEFAB69D96E
311
A5D3856B7762595F76F2E0EAADD573E6FA87604A6F678339BB221A34EA759BF4B080EB6B476C3AE667CB8B204A6BDF48657C9481C602C9B0EBE1E2BDA5688F33CA2E82B83E1323F12B96CB7F07FF7CC126A0C1D159F9E019A99DEFA703EF25CF7637084008A007582581D391020A7C650B290A90F5112DBB503040C2792567
311
58994D5BAB9F5DF39523BE3FEFDCBCBFD5D6D55AA71FD935A3494F041D684110E03285C69AEC56E1661B031A15B08147A3004BF5C1BD5B5B7AFA4FE5EC717D3D9BE9210816C8B3779CDC7608605208E07400E7C7A0AE2F8AFF534C58DD8E2F41802C1797EA24130320A6406FFF904841718864A958E50F20064447D09CBEAC
311
BE01C4894F3EED6329BABA7AEBE6AB4B9288CF0FA1D35FE71ECFEAB2810C3411BD218A9B1F19C97F05020405BAEF59F29338865845696400E9A3F9C6F2AD4769676F249A0DC4EDB94C069D152DEA89A49054AE6C8056E7DB3BBD9D3EFF0CF0F2BED562625389D842612D2ED2250BAA6A3D0904F428212804A02840430EC1D7
311
4AC9C66A7CE0DAB56BE4D4146636EEBF9BBCD416BA38A2F62B9E4EEF37063C463D14F087AFDDF5A95038C82E26ED5D8D0914116832201C3FBEBB719BC42961004795644E6CF35CF92FE13F92009AC40B9859185500C9C36F69C980E52B48E073C284DA4AA1284264A0F208A10771007CBE6F25D94E0901518E9168C1CB080D
311
D73FFDA437E5F4195FFEFE605B6A919D01F6FE084E213E7D43BBD3485BC2820036EE64A77C46AF9792A78A064E0501C250B480A77C7BF9DE8B00C84F35F5E1522523A97E3176491205171D7826023FECEAB4CFF317DAC7E491B8901721408C90CC3ABE1516D0A4A0F080F8C3AC0D916E05069425A054432463648761FCCEA7
311
9FF6C79CDD89D7B76E1D0F9CDA42E7BB39BD56FDBD3736703861450BAACDF0C6E8982FCE2E70618264FBDF1419E86C6264982C4F0E7692DDBD2CD154C37A76D01748ECCA16D923FF35FBA2F8CC44EBE336537446743616A3430AACAA8542524B9D84067189650DB10F5B10B5276BC49230232944D842BC2B8A28ECD2E9DCD7
311
3EFBF40EB1B44A6D63717FE29C1EA093B3EFEFF478EEF9141BD6419DCB1EF84EB480BD67AA405DE820FBF88404E05A3E258F9C9C60D59973F3AF9657523D2C7B41004556EA3224BE67AB011428FBA55195330B4228A7CC7ED1EE970E55A7671F687F3D4F6EA3ECC46753A62191AB48EA188640BF2C26C3054201923D445352
311
40920DB110D97953329A6DE6A94F3FF9C4190DF9C2BBB75E2D748CC1D33168106BFD76FA57C3E8DC6273DE20690C94BB37BAE3899EE11C1A39A9F6326A1F6F7FEE271060D7BF58DEB21300CC544A6CA128149BACF3A59A0493FD6C96D67D334042D5792B58A1EF1CCA4F2FCFBDD1FE7AABDF640E7E253C6020BD8864FA6E01
311
51D6D6355B1060B5AC39D2AE889A4100A21F2375BD59179CFE5484407724F7F8607D452B5B7C0ADC6997EAE25CBFDA1BDAE758DC74B3FFDD148EC74B7DC3791C332101E1811FE563EDFF6A5883D5DAFE9B5604E1936A9AECA502DB5A30DC7D754AE4B3A28C1B509B989DD330AF7DF1CF0CA3330FEAA3ED6FB75AEC9EAF080D
311
B2A2220860A998908018C3E2108810400D0A052812102B4121A0BB50B4E8BC23D73EFB6C28D2D59D9D59DFD0A4A006DDA58FEF8D091AE5CE8037AECF07F43F381CE5E19E84078DEC451026933F9E7E3AA9FBBE6135EA9FBD3C32767591B253A6E8658E6AD0F801B1B25EDCC0A00E1D303AAB29C10F312DCC2000F3C78F7CEF
311
39F690FBC1120E21A9597884AC11F97C62EF31FB2203986A0C01EC0085019575281123320EBB6255C78FC9BECF3EFD740CC91031EF6C9C742C56E9EF520CB4EF5F78334D3C8C1D4AAC5E66C77B0CEC59E5D79BFC319954151D1419FCA81B489683CF7757307C62B1EC77A652A91828179B296796D53E165455518099858B0B
311
A86763B8D0DF3919A08D513042D218C9B9B23B310F63495C48C097A442F40042000A90D4594840A4A030083888D55D50C067D73EBDD3DB15F2995EBC7B40A59533F49FF5DAB952B87F0F31565DFAABB89C826032DA33E3BD6136319BBD5F6A72802DDD49FE746C6DAF99730B5B2FC21040CC573791069BC7716992E8CF1671
311
8C2074408D4D159A237836BB9D8ECFF529B7CEDD6E5F5AFFE246F8AAC820FE508C743199E5913E6C4158208437C4BAA0C24054D268440AF6F777C58A6E9D79EA93CF3EB9D64F9CA47CF2EA85541D3BF7ED67FD9EBB79EE521B8A2DE8D097D89F143644A6BBEC7E9607D9288D18504DA79142D26AB79C6CCDA77A9CE4B19713
311
79567D29855D60A18AA4224E06609BAFC4024FD70F3B709D8DA073C53B1F8C009A30E010620BB29ACEEA02A24E142129A5F000332DA6600701588398029274DADF13CD39749EE14F3EF9ECD32178A6527BB935CA62C38576495F9DFE3B23495A838EEFA865AC0FEB9DE3CE306B23442760024D0EC0088208AFA56E7BFDC018
311
1202C8B2B649911C7D807D2F993A3514B00293D47F99989550C8698FED8B33AAEBDCB830C0F6E7AD86EF3C8A02FE10D6CB46020C3EB53A04058821207A506D2648A53473983779C3D73482804F69C32CAB463C4F8F666A9A29A4F5753A96769767DCA16EF0B6106BD2CAAA1024AD370542D33ECAE3C003410FE077884064A2
311
B96458395E28F492D32D2BD485665956BA2BDF56AA94D5E003041029377566069D81AD75753694B3ABF6A8E4C9AA0BCBEA805A1E90548128C9444A0D4001B040AF040424959C26D421E92588C8DEEE4A5C6719430D7E360D5F74DB579FCFD9588EA38B4B7B39D7E185CBB4399EE0908B800104C43087DE7AB005A809D46952
311
1DC85F4E3E3B743943B2AD833C8D66339130E5136C072A49F9106FF27B590E996D5DF8DEF32F644C32286D6C4A29745EA88F59E3458C29850013DB088402088DABEC6289892867A08D00769E22044447F6479A0EAB67EC934F3FF9F4BA84899AF3C72BE2B569ADF3AC9041E7A7AFDB43697F4C5E798C790E81C9EBAB3D5319
311
227B7ECB5BF3975214496100471D04188BA38FE7723DDDE479B134E3A3360415B0F15CB37907316D55F1020474F6149EEB8B6EDAAF2EDE3CBDAFDDB6BAD95489EC9174199689D5FA880A8A891014432012F95636D26814802D2CF1A27E67C5A133DE81003EBD3642A4A832F978DEDAB1054FE1938B8B43387BA5AEAC6447E5
311
39FE261FA8F68D158C2E17769D940212B8E50F372D68CEDBE74E8211DCE0083A1917B88219C07E984836416631BE935A105B782F1A76DAF1B9C1D0A5D63F8F108276CD24B8EA5A6054E94132053AA9E69A10400DA07E350C2004A0005860A8AF3BE3B6BAAF7DF2E9679F7DD24F14C56739B9AD9C9673FD757A78EFB94D10F2
311
C40AA5279CA7AC7FB1541F9ACE12155035D0980D00D71A13D3B4CC2D890EF449B8B2B7BF3BCB56E702C534B2F93815A290818A0526DEB36F34E4D387D6DF29F0A78077460A02727FA44BB54458420FB2B756AC3D71873086351650085052106F40520D87BAB271ABE31A14F0C92723A4147699E6160047F5DAC16CA707F5DC
311
B9D9E1466E72AB91F63838EA85EDCBD9E1F12C951B2001BF59F68C8936104498CDF1A26E6E348BFF159151F5F784624D89DF763B0B01D95EA75100C1000568BB1BAD6BD5577B14E7DF387F2DE370E5C26A8D9474A1045B4DA000E50E89100401620B8B10D478002B092908024259B7D5308E08F8E4FA08FE5357A231CA426E
311
BBB7F39D9EEB4D9B0B05B9DCE56523FD369C67EB6E2E57191E6A86E58824C9EF43179C35BD7E60DEE3C30D70E2A30D0DF7F74572EC7E25340C02888549BD13898668F1C0B30168FD767AEF3CB7A951BDE4417EAD567FD620F5662CEE380B64D914C6B036C90A015A4444368FB0098768813204900EA182DF66F8F45308E0D3
311
915EFC874292A5BC9AFAFED3CE14909D07AD6BBAD3C6A83D356A66F6376741406A64AC40F93B07C99D92CD2738901F8695734FCC84BB43BE68574FDFF0C8C8506FB499652DBFA7BBA0F65779150BB4C34167F0BF77A5BA3BD7B55C76FE74EE8A09752229845040567693296740F480B0C029058001D183C21F4350C05B9B1E
311
02A05DEF8A74F5A6CCC1B40D43A0DDC97BFD9F7BA97DA0FD3110602CE1DC170ABEB1A9823DCC315992E329F07BCC6FC53236C7ABE6D17435D4050790EA3D3234D6D795C9FA48677466134692AB1509B0BD50538367DFDEE135EE7490AE8D427DA4438C8207AB3B1560573132C02DBB0DC5DC1143A08F908078C41A02140560
311
0888378010ECEB0D55CDB62AE1005030DCD3DDDD1331E9BC82804E6FAA5F6D3867FDCA4DED55FB716000255790CDCBBEB1B12CD9BD88010D03A0E00B4501E15272C21C632DC449C6FBF0F0D4D4B033C3D688A1DE6EC90DF260C389373C3A7B496D85765FA7C09EEFBB730D72ACC6548242652204C389FF271181884C720F1C
311
A0284045444ED58092908887EE84F79B8A8880CFAE8D1320A1C689DB6CD556474EBFFB14D6D391C89DCEDBC27DB5341450CF162A19E7D058C5CE39580E85012A042A59000BE8F5B65ABC1B25D8D53F32323236353DD4E58C8947D2954D846587911CB1559B991D957956DFDD06B8D369FB9ED6B5BCB878860C9F26E5F00F0A
311
01CA19C0161653504800354008949898D841942D3D3505E18E8829F97DB7500091E15E899616D967AE8252D2D3CFB7CE70E4592A189A1DA8B46C25E51C9E4EE9296314060324780B1B2846F0948C691B8B01BE48A86F646C6C6C6A78B84B52FA581F2F4876AD580D2080B24B1D42D7E057FD28D7F07C8FE7D07F3A44ABCD94
311
29499539C502556CE1484409FA7654B0230304011423C010102DD0E333EABC5D08005860BC5FFCA754C2A36B2FE376860284AAF7765FDAB5B88CEDBBB2EA158CE7290A9889768F8DC7A4889194F31273401AEAC06CA9BAAD3A44808F8D00ECF6981A1F1B61771BAF4211951E272490647D65F25C4C1CD2D27AB09EB7774E81
311
3F7D53CD0114A1C7B5B57CA18420CB63526142C585450D8A3F2CE536342D20142032404CC154DC6A19F9E41A14F0E9785F37FF512145EF3D875846710A6D07E36737B8AA35A86A21E5717DA1E1291FA1A1BF18FE24B59DDCB25AFC5624A1AB64B199B1027CCE1EA4D2F4D4F4C808DDF9BA7AA986A4D78ACCA9A0F064C71992
311
EA21D2D4ECF3DC4605506B57A7773A173A5B18930A27848262A20625302C925EDC61F17A2425A08D0029470102C453E86DBAAC8E29A0070520C0170AC5BE8BEB346780AECEF7D6E9570D4B46D176476400B501AF3B91CDA462911E1040E996006200730004F8592F460918F31EAF3BC662144A1019383E35D58F4620464D55
311
3932FE1112F8433A6A3E1113BDD893EAAF3DDBF4C59B1DC2D046A2214708B258C98370D686D84E209620A1CF360F882588ABE7135B382386804200CEC0506FD19C0E6309630B5E1BEF4371F6F8CA9CD0742A5F2EE94B46D09996CE1024289A2F205F223DD363CE3207812207C2620FF8450CC09876BD5767728200413BBB21
311
A7D8F9194965E5F4CCBCC982BBA00208249A6801910BC817103B53A190230F724386D219021F29674AD49E150A30E46101A933030F4002507AC70EE858424A0D9246D59D30DB4AD7A100F4E0B52110D0EFCCDA93C880B32F563D9CCD80F6527AD786A1BD262C1EA06045AABB7F6C3C42F11AA26354F2820BC41E2273CE1C30
311
04BD260AFF2097FA86D001635308E00C9B42C22CA730F7D41CC16D4A720C895A9B6B7F3D5FAE4DC1B9E174E6E4DC2D35069B997A9B6CD722DB16535842426C23135B0709D00E099DC900E52B8B3794B27F656B5EBB761D0EF8E47A0F05BAFA432936D60970A714AEBEFEEC81B7A46FDED65020AF519C7E3D6B3CA948FFD078
311
A85995739EF452EC8F9C074800EBA4E4400C20F1B04D64AFD3D8F0F450C85937B22C6336A277A0295652C0C3604BC504DB9DD08F9AE74EEFD271BB59B5C851FB0E9F4AFB0B9584ECB3E0C0524992C848DA34713F85004501C81C094488338025286B23FD3D38C3D6EC7554E0B54FAE5D1F520888E9BDE75840835675AAF5A5
311
0DA8732D6F70CDA28FFF2F4D024ECE9EE1F19094702A95582AD4CA1D5AA88969C1E3B3E470C96132D10228C221E291961AA702582D3A8EDC63C738B103A943DBA12E0D52A50154378A2A4E3B960B66407B2DEFDB8C6529DA080780802A5B49D131C839F1F8545C1CAF0304C002882AE483F286FA4375BF55D77DE79A1282D7
311
D9AD12EA0F45BF03011AE2CFBEFD5C47DC94A997BEDBEF73D1B079A89417CB387B47A6FBD9A44C0527168A9435805882BF4B2E73B80002F0C2A1802976FE0E8752A560EB646F89140D397D6D001A48EAA8C42CB44517DA979F76A2DD14484F150397EAEDF647D9676917B3CBC5E98B244DCB2E3A4DD381031515556B635A89
311
158205829D1E67DE620DF6B0095588605C64745FAF130A6843A6BA530F176E9CBE688F91A7019B399C03BDBE9E91F1BE4C1D0C50D90C06179F000EF05A4A6E8F218B3186E9A358607A6CA4379AB06C7202C6EAE4CC0207E5703A20FE80ADD152E911F2D567D0B511A2DDD0265EAEF990108810027FE17AC104BF515B929C69
311
D61CA92320304A380004848400544D11A505140242BD317BD016671FEE1DB664630A77FBBAFB7B227A8460FBEBD528A497D3A67AD55EA9EEE5817BB59AD951E6EB63C880A1A814FCA48ED9779489FE3308F078921E3D92294660525C90A1213860B82F1429DA96B676769E6F6E1E3EE020CD01A98B6D830734781450AA274D
311
24CB98DA73CD5DD5B93CC95DF56CD3370BA41C2303D52642B29E580284CD95332819D36487C202A82A31055592404FA8E9F07E535522E0DA9D3BD77BA080FEFED8FB5A80EF3FD7DA107746D01E4BAD168C57A3910CAEDEF870248B1420E82D751E9182C880A427F1B9D198E9A1F4956881E1E16141802F90DCDE5F5E7EF9FA
311
D98BADADE7875A4917CE211125AC3AD59EB54B05A8BAA1B02058577D6BEF8A66B6679A3815D4281757A0C9D61172E510F4D49B504B63A485B153824DF4802F76802409444A7E9181D7A7AFA309EF8C0B029817138690FADA8BDA5EDD12842B6C688FED39A1B02F9B868B52C6A77768FA3A1440F926110352DB546A695056C8
311
65B0677A35044094A0A0B73BA54F2E6DADAFEF1C9D1CED3CDAD95A9A49FFF823872DCF74148CEAA88D8BF6B5F44FD7F2DBC180361CABCD9DC8141DE27DC9C99BAC8E121475B2650801206600DEB0E60D56D0D6D4D7D1B224627AB335D935C57EFCEBD7EE7CA221A0DF67D26932E01CC1D149BB4FED49614161A93D201B8640
311
2216C9C4424353E3918C54359318A960803ACF5E9DD9C0AEFA0ADE966201DCC1919E7E672A1F5CD95AE7AC89BDA3E5838D574F97E4AC5CF4C0371DE8045CD595F6A4185321407BAD614210C0A7A8B3D82CB25B0111801D942B54520223B1478500952020ABC352694B2C4159220F75D78DC19FE2FD5293010AB836D5138102
311
FAA276ABA4CDB77B56F83DFF40AF6A7C0A7CA52DF8248640F2737D8A787F1773DB2D15BCA85B438D474E8F802DFF9AB4185C067D147B5C8925715061C94AD1DF7AF1EA2E278DC831201B3B8792A0644D4F34A473F5ADAA63D5A35CA92ED5AD8B0F9284A5B3C4AB293DFCF6B5ECA30B506D4FA2C2A273A44109B23AEC232CCE
311
16FA0C46A2C8806E5FC995B49AA6EE5097621C2D30455936D6537D06ABE60DCA18DA78388F6B358EF6F0E4898FF0D8B07AEC5932FF9C443B7AA50238E1A13A85D0492027F5C56A0EBB7E2849381CAE4408B02CDBD5EBCBE4E2837B3B1B7797B79EBE3AB875EFD583B919EA279125233B65046C5AE7493D6B0FA05B50D17E47
311
3E23AFFC2E94004118F658B34C5917BF84B0B8C6028A036471140AC06747414000E44B664C96A4B529F549A0813BD7A6245A31D4938AFFD48907B4FBE0E99C38683B02F29EF25B14B5E8289E136E4AF5A2FEE1E91E242DD5FCEA4DE2E47AFB9FDC1EAFCD6B74DB4DB2AD17C903598200F60964CA86E4CAFEFAC1FACBE3371C
311
83B2B1B5A4EAFDD626D8642E78D5E0541856A97602ABD205EABD36EEB5275BD0ECA888126823A05041D0416E98C2AAA1059533882B94CDF09ECA148AD439BAE32BDF34E53840C1B5F19150341AEAEB2FB8D39226A4F5CBD38526A3921BF2A869276D3228938D1AF0B149BF87221F51540DB5FC9A52C9CF64707B408F319E28
311
F9884CB737FF3334A7AF8C1FBC4269ABBB0F9FEEBEE318989D0794E1D248A0DD7D67AAA5CF7312A03D3AEED2BB1A40DAE2B553BE16E71302084B9E1C4B63420188006507817AF22354F54D90A06480335A72419BDDD3D3180294A3F884100D42BC37674913125360CA637B0204E8F64F1B0732266585A851A66B5E573ED6CD
311
AA07669E137B538880C23D09F286CC249191139E1719A02180E8442486F76E364F1CEEDC3D78B48528B8756FF9789373C56DB601AC4201AC0DFEE9B342BCE8487103046EF519C9C6B482E1324B6C6E45002A289E22675E091C5C61EC400907284398529B084185818CDDC2923DB538A6A6284C7307675022B638C85AD56F85
311
590D0FAA3BEDB28D724187FA53776588D40FD26748FEEA22DE17C2DF000308428E8909FBCDB59941B75F5F8D628C30F5521223C49695AA3D699D9CD9DE5A3E58DF7AF164FDDEADF527DB94A326BEA43617494F6D38A527ED872BC140BBA98F8809604D9B5D0556D981DF1597A2322A24AACC0005BF7080CA91420B342B6A75
311
10A3A80C07E88A63D7A7C7B103682320A0A7AF3BEF1D90859176370A0DED17724B085184AEDC97D1A8499097EC64B51748417712EF200B309589A10A72E53C21DF64BAB5E0F93A518C890CA0013F7540336547BAB53239BFF7726363FFF8F59B83B58D977B2DB6D5C8E61ACE0C9039567FAA23D0C22BF9557F0A1F322CF59A
311
04DC60205BB6FF41C9407652D629C186AE27EA87C8150290ED019222847E6266C410F07D9B0DB8BCBAA0E2005103E37786BA64D126624F5215BEDD95F4DD6E5ACF3CCAA8D4537B10DA0BEB000590EAC015E91F9EEA97D0132C802A2CB10FCA3CD05AB1F813D59406BF60C0F96D2C577235E6B73767575E3C7CF7F0985A8F07
311
20E0B6F44D9E801804C262AAA91EDAE073DD199B360C3523549ECF65D87187EFEDC60E2C5254555B1B45E74883F414078812C866E14F982056365A8256471F55AA342138DD43DA7E5F5FCCAE53DBFC3B40AA919C8E43EE76429472A98D47069AAE7DE92E4ADDFB9EA1E97E093D49E5262181B0313931BF64B1E8AB5976356B
311
ADDB194DE5AA96C6ED677B2BF3CF9E3C7CB5B5BDB78F4DF8606E420A32CB092AEAAB5577426574402292EA5C3023AFB829FDCAE75853703473FAB87802EEB83150A5A42AE110F1F83504C88E112D452A9BA9333269A46AE37E172945030308014CA305BBFBFB499838DBDEA6752C5DD28DF6A3FAE73C101985EABEF39986D7
311
9FF791FD11A2BC8D44FB9420A4869DDDE84FDF5E4D5B4CB92C3A000450DD094A8915AA61DBCADEF1E1ED9507BB2FB74E365FBDE1C9270000200049444154736AD8F315FA86C3389743AD4E09B7C9F7B721956B3521CA0754DDABB19187526233B05A9225221A60655436216846474F7F484A0AE10BCB5135A9A63081C44472
311
9C5AA44B46894E49812E2C219400F5CB7A732E96C745D77F2F004A6B77A946222390A610AF49046EF169B1052DA64C17481C199E26D68BCAA1C6A9E881B87974E9B0C191210582E0C08F4DCE60C88F35585B7B2F5E2FB5968E9F3C3D9C9FDFDB7AF2789E7810DF4EA50405AC02BF2D68641C6A28EA428D407B29C537C38542
311
C2E1FA5AB4A06C9CC3E141029020A29AA44543008800541342500EB092CC2C76E8B9FBA7A6418010C1B5617257427D4ECE7E1057A0DD571B03DA4B6EB7B1A1BA975772216299910E9025526047A6B3674A8C6A55D194428ED5BCDBDBD83E9EA3B218755F047E8682464A15CAFA606BF5E9F3EDD6E4D2EBA7AFE7D30BDBC727
311
4443D4423959FCDA976BA4A60C23D50FB7A533198AEA9E9B2C667BD976A997C538940025160BD8816C8D912C183040AE180440D959E26102B9D8C2D96C39EC675743694CE0BF8E25705D82E2442C7DA6A0ECECD03A50BD2898D59D0E524EC99FD1A9E1C8B37580D078D929960015CF7CDFCA2A548A43B2088B78274F8E37BD
311
0E76F5A28C64FE990CDE221CDE587AFD7A7B5237B3B4FA78DE66E6605A9BCE2F49E3220739354C2156F546372A6941012F83D1902E88201CF7953155495077851034E1B03C21F14ED00F1900FCA203B4FC2856EFB00431530B2C230693E6E894C6014202ECE1A1844FC58112687FBF90B8608297F22C975CF1AC38536D8452
311
9F90F7D812426034E0C39AEC22EADD8DC72D18C8D68B81787276F5E99ECE4D66BC8840A646F2F5E4C031876EFE646F750EE3677E69C662E4C021CB9F0D863FF8098C507CA0714EC9D28588FBCEC0643C827469BAA4CE522ED48D7F56CB5014D72B352B145AC2EC44DB08F80A7E44400C1785E308440F64B3450E3DF026ED2C
311
6310A1860C70067A7D506FA8CCBA9020802FD64057F0ABBE14D6D54D850705B57C4EFDF2D4D0790C94D08FA208A743A440D3638C9A3D542DA26ED30B9BA55AA0EE8F5A9F11B794C061226C6E700651CBF6D55F75B3836C3A32998CF95CCE24CC69B551724110DDEE41EB975E94BCD16ECBCCE8D8971134B0E7CCE8FA827818
311
22006D23D5F7E1006097221A204056C5A48250265B973AF4F50207D7C8F14555601F1E1F977A8DC840E68EC5E1B7D606473A68C06A58502FE486346DFAA5677E946652CF3241E974907A60CC7D68647A5816FE3804A452A806E2C189A5E3E3090F15B223C20330003639DEB2DE60F1DA66660674E6307592FD767DB55CE770
311
0C2AF1E03F620ED550880ACD426CDA284E51A2A6880124CDC960B0C8E60B89074B3080452196280501E41E00BD68007103442DC9315514E6916005D60967393959A5450A8A08C00C8AB15A9D320425494C034AA656F52BC0F327DCC83D6D38C21D42953212D560DBA02BEF430F600D8FF422E7450F343104BC03F3274F47CD
311
A62C99E19A0EC050CE964B264E914ADA1A358B43CF4110C0CFB100590A6197F5F84F88811ABBEDA41BBE5E1021DDC9B3A27D2E041932246F42AC6029A64448DC6D2A15D83628192034F43F4D7384914854D3E3FBA5D436128020BC7D6898E82414800818EF477C39BB72F1241A48A055806910F3D89901FA141C74C6229F94
311
81A9465E85C790EA727E1BE91B9BC6D845EC022735013EB74E6E3F58F0860BE5945282EA0DC225F849048B74560266012288F5BA54C417315DD43B3C49C1C080980558461AB4DA9804EB320A410D15B8835E43BD90A7EC004B70A204F51455C315C60A00FE76292D21007104997F8E20209187624584EABF2A0C0FE1B94003
311
38C4532203BB2284489427A050DD9E78E9101CA826571AB4EA4A0D45DE50AF1A36B3A3297970FD63D37D31FC3D390686923D0E2F62FE24E82A44B352F113CC701FD2906A091EB83869A1547CBD522D48CC325360A6AAFA387B993856B0A14E6A6877A0D0205DC908D4BD015D5017E744113DC1D0B7A0408241AC0ACAD630E6
311
5F4DBF18C1E2076A318A665DCA3321982D5F7ABD8E10E12B6800148C5F1F63237B249462FF88161307A64EB70A38F5A0665EA15F76C34A9347351972991E60F98B5D0712179BC2DA9553C1B08603C6E000C7A5263DF94C36254A502AE1737E62091BD19CE4BFD33AFF1F8BB932A40BCA9829821655B27DA0810136F5B5B3F7
311
55770AF64ECF9CB296260EC2511A100CEBCB620753552F47D49BA83F56A7227F25744400405D8AFAABC4A9D4C1555E923AF1DC8407A6B003C95FEBEE6E1A253D4466594DAAF01C7D0ADCDA696E8213F0AF868069AE9A764BFD438D9AD29206D40D0F7465440BD06DB964B00C2EAC3E9E30DBA9018D7042064AACA01C201E92
311
94250596C52CECA0C37E27C91F62E578886C3900978A45684B73D292B09C1A885CA88991500491500BA1D07251CA3690880402480F130E20188219A42140752842476AAC53649D050BEA35B114EBEE1D1E1A66A95EB4A02602BA235A7E8CEA43E8EC27FA1074A826F286D6061A9468BCCF0DC62682891201568BA32E3C807A
311
ED93F2CE84BDEACDBCDE6F6B2D3D9EF11AB1C3C5089259E658C9BC3DEE977D62D4DA4BDB2CA66A813305D9D30EB52A1969779B7F148388126C244BA859E15124B07407777C43F9694B395BCFB3264E76013250B6CD12EFD09420F0AB5DF3CA09120B10E14799FD2AEBB60E6C802FCDF91ED6E8B003A6D08277C6D8CAEF7356
311
08126208B79B824AE65F83916741BABC1088056E198F3C6A13C4218FE9A03F4FD23D7A60780C3C50E33A53A043A36EF0F6C982D7958BD531512147A6B85E2CD9FF2C056306382176B4A17319CA8568B497424FE24B23B0A82CF0055C40F6643A485D2134626760696B32692370EB35537AA090A00011CBCFD4AFF2BBC25499
311
8690D811A294805880F09C2A2BADD62A009FD50A501B0C7EF1754416A8A6C6245F8760086650E4DB5C5C4A182998382409EE54D00A06DA3FF2BA3D0C385740978957B71001F06CF2F370965DA1620BF543028445880A058C5FA4276E2F05BF48149AB8A9E291489D6B8ABD43010D4ED2656D7450F735BB1C24920D05B1B33F
311
5368C2A9C205E8028204130D6265690954A03721806F7418320E447A890551C9C7F604A5081B9100D67D648BBC7C11B9BF7242A30A518AF2E31CA23C514A32724828657F9FA2FF71B0303EDE8719144925701095D815C0805B835C9BF9360E144E344B40885111823C2BEAE0A5D95D240DC2D74B0A40375D33D7F52A758683
311
B5D6ACCE1B46C48B1BA0C2856881B84B95CC99996CB13A6C7D6B2FCBB67795CE968A56A06D83CB9344192025A8CB6733EB0626441CA01AE4080BAFDFC084560D5F832595904C615129352FCBE22841BE48E61F648A3922B119EDDCA500BAC7FC95F7ADDFD787BD36323CC44AF5344A90D1FA9A768F575C41015E4C0C7916A1
311
D3C6854281CA4B10FB44B02324A0FC77A102FE85D8B0D7628AF5767FDB3D34263EB132859A45BBDDA59B58C0D8AB660AEC96E0B444444095F3635D6FA5681887E32ECCB626D21E538EE3229839EA0A0AEA72794E46093206B4012890C29C52948E7051D0FCD6EA0988FE33B9F01E5956971C618E23420462052A2B48C280A2
311
72E127E49F2C54C9693324B07186277B8C03B24629097B24AB8C5F1FEE4130A5F252C44B11B4002DD02924F07C8605C18A002E44801A900F4000DA3DAE6B3A8FB1293CD08B3FC06A7106F38384114C3B0EA0347FA9CF60E88841C26C54F57A8783A09442C0DC1C6503D37E3B35219D622E6395C57025B188700E95778814A0
311
261B2579D87FEB72C9E113B94289634CC831968810C7915161938367D4A207F61606603B0C288B3475C43F27F0E9A5C681ECD1B5B82BA42BA2ADF105A6D083436CE68E66F57080E6090A980A090AF436F80A4E81B68302450D90A830A69449E1275D7B8B29208906435343A2F199482C6F5C951F0766BC41079E3A5ABE499D
311
CC2269544637061F270AC1021CC0324959EA1F08E688C380AE60E60AB207252E995F32CB40CAA933EC0B24259CADDAA420D8DDCA90C42350DBC621004241E819015FFB12997F6AAACB897479E0E7483EAA5EB3B3CAAFEFA754BF4A594509DC99EEEF8EB19D9F5381581795A6585B80D728414840A1449B6FA59510799D8FB6
311
FF43DD18085AC2997EF221413062107F10EA138D17B48EEA489754FC88B9CFC13F0662582040EA86B5E404B2050EA7081A2929119509E42C9D4C335B666B1DC751ABB453BFE70F926D014150ABA0CE39D446969C403AB634F9451E555555F243E52816BE41D99C5895B2522DEBB4814480C3AD593C8200CCAE68DF70DF3049
311
EBA20621801E2751EC00EC840ED0C00676015F01DE815ED0C06C032FA24171BD420177442B3216DEC51F705735121819EEC224610A9A90B2F16D7270D41C34C801605975F85389BD55168AC60C4E2220A10010C0F1F1498AF3B3AC234B77E23396393E511F9662AA7129A84B0C2399F4B025880D5A266350E905D491DCB4C4
311
0392184443030813417FCA0150F0CB998CC01FE0E45BF61672F44FFFD0F0D018810B757EC13849019514516273123DA340D466570840E1419B7F610502969A94507A12ED2C7320FFA410C0634D8A6A936DA44880351839DF845D9290806EC2627697318EB9213BEC20467CC1C1414E9F687108A11CC3D79A184C5B0C89228B
311
BBEC26138FA16AD7C7C338FA446FD4EE436ACD96F29C29C82A1846D420C77148F410CF962A629A0A90655F2DF2A8D9FF4D0AF142FEC00F0BA863BFCD6643773F12400981A991A9718E32C066CD132322B0A781AC685E03586659694285057961FD467B07A86519437D56AE396294479D3F5EEEEE7192143DCD5A1376593683
311
FB65E2B833C497599F8AC99E7178DB8E3A66ABEC424B205FB8BDB9C2418CB3B39C31A83393E4532A73649A1C9DC6462C6A0BB0E625A69E5B0F76C83EB2BB82498E341F15BDC01C2003FC46A2CE18C1908ED281EA5456E17FA94F4ABA12DC2F1C2067BF22409BACCF6B12605894E090ACD4E6EC96E0976A5A358815A52BD834
311
1A50A4A08C43795F3880791777404904E109759FFD2666973D457DE06E840C4BE0D83DD96CAE1C3039D81BF6B9399E4309621A04283E69B60DCECDAD6C6E2E2DF17B7B9B8BCD4D4EE36C51793269E1005D36D6728662918C3BBBDE6EB29BF47AE692A3E388674B56F5E8E40C06943A725B178C1309CB66B13C801F0CA8B01B
311
AB20ED4C1532D6FEF283C1C41E6D110016BB8F0C851195B40E1B5C9F660771269B707F810810280055185D41DC7600B8A1B18306A5802D7F223194BDA06E0BEF0852929CAE060910181A1B76923F9B2510A5B8C06141CC9AA89AC6B1D124115ABC54CD5B39D97BF0E0F5E3BD077B7B7B87877BCF4E4E4E96B6A1868559CEA3
311
E1E879CE9A9199D38E13C5A030917A4ED5A2D6FCFCFC02A2637206B3C066F37EC1B11C9218266EA0341100B23053C7FA9313592575D96894628558238E0C6913725685B4A9A93B6CDA887132ECE72047C06A832A4FAAA9D76D7C0021B06AB32D824F1A4F4A232894281C501C328614E8EE2155204A81886C25C79CB34EECF2
311
3BCCEE7AA690AB06124483289B3BBFF4F8F956BBBD787AFC94DFA3ADAD175B2F9E3E7FB0B7BD3033339886641D0ED22CC26E8406FB7938B58CB4BAA5CD15911993722AAF55F7B943E220B24B4863008980C8D21CEA0FF90FFC6A170FF923E6BFE233E6C983218158440086E0F8747F2F594D789F1EB370C0D964AB2BF51AB0
311
4083340117A52F1C204D5E2B8D9086F7418E50842DFD234E2A871B38253ECEBE18FC019225D06726A39F088809F5562EE98D7FF6EB06276F6F3FFEAFFD9DE557B41DAD3D7CF4E8D1BB77CBEFDEEDEC3C393ADE3BD99C9B10EB0FF31713B886BAB8BDB9B9B27AB2BA0ACBCC51769663E99266875E8EA064CD5B31000EB7841C
311
44D8C23F015214987E92F75D962FD8C10C03F4B36985ECB9A1694262D3E3C3E8C002C7CF90CBA5E057B026D5967F25DF0050C1AEA14220D4A69D0BAEC0853CF2C4F9C8EA0D6E7FE1860442241E93362ACB511C8128632157020CB873AC8B8A451EB40DCE1216DF7AB3BC717070A0FD6D1C6CDCBB776FED166DEDEEFAA39DFD
311
272F5E03EBD2D2DCE6CAF6E6EDCDEDD5BDBDC78F9F3F3F3EDE3B8453160667E08020E53B5810272542CE64120750AC28DC2DCC1F495865FF0ABBB85839347FF5D55754FD66130D3C000B8814B833DD178A65EBFA38049054907E2F13ADFD59935C75C007274201CCB2802B14C093029A578224ED1A5A6095305EE68C0FF282
311
87A622E2FA410350238108D94161CAA488FC1297B70DB656B65F6FED2C1FDCBB2720DF5AD4DAFDFBF76FDEBFBFF8FB5B6BF736D65FBDD9DFDA02DE070F1E1CBFDE7BFE5CE398A3A3E720601EA5D1B0617A99721C3289006C8B000800FA175DC3FE6CC95896BD1B2E2C48AFD7EFE6EC2374806CDC229563780A37A09B8A2E61
311
726C150108945AEB00DE7ED69E04F2F6C40B02BEE910832804E540CBBB699BCB15CE502DB6BB0763030DC3687048AAD540D8E12789A19881041C0E64C0C41CAB623BEF0EEE2E2EDEBFD96E37DAEDEA8D1BF76F2EAEDDBD7BF71DFCB1BBBFBFFFE6CD93FD370F696FF677B78EF75637E7319F6180300240854114FCF87F1800
311
443F495293CD3B3F846523671B7E345437EC2F56D0085BF74409F6847C95BA9E3D1B966447D2755070F69C64F905734B9C43A1730DCA9FB4AB34DA1FB2E71DD1218A2A6A1C325FEAEA8704FAFB5972ACA4D84F050950340403D86D71347D2C641883BA81C9B9DB7B8A02E458F01B72F04DBB710690B41B376EDE5C8419D636
311
D6373636D6D797D7D7E5F1E19B27470F56B76F2F8C52ED81F27179A200A200311F95FEC380625556C43FBB162000B57787946DAFF9F37046760A71501539E444C3A6AF8F911E5E21A864F663A774265D09002026F2D2BE145C8003E85C8128442FA06A929F7B4A040A6950E65844235BD83925060C806C8947883D5840FB4B
311
D13498809551360C7316F0C2D2E1D1CB871B07B73800AE8D003907EEAC7193EADBF71587DCBA857CB87770F0EED5FEEED1EBD5A5150E2FAC055D7AE057AB818AFF39915CF43FDE16D60FE20FFA579E84DAC5EC8F57BB54550D91006880E1A969F202B37593CB63F93AD8D1F90229A00AB8D210047229B7F855CCAF5480D0BA
311
A207F54A61031A202C063AD249B72B918209BA7A8670B5B3A8994C131F90908C5E1FB790559BCD1BDCE6F4E0ECE6EA8B270FDF2904C8A1D01F368D246E2214100B8B2062ED60FD9170C0C9FC1C39F65E77B82A3EA0C40165DD5956807036386213D341C11F57F42F7B53399A2D411E2089932201C6C688DB8D8FF477470B10
311
0031755965D44055D026352C7033A960D7E01760850C44EA0907689A50BB527691A21054B33F1E2F87FABBC88E1F1A23670A16402B73507A89536330072AD1A6E18F4A0FAE3ED87AF96A8383E1E5F02FAD7120A81C0A2AAD7D4798E3E60D918C8B8BF70E9677B68E5F3F5B5A594000702629C53844008A09200850F25F9C7F
311
B56947F6ACB85DE202FEF5AF1CFF9982FB87D84422221033607A8A8D83852A65DDCDFE2F65D38A60401EE409C8E587675502850BDE11807964F67916EE5736211E04808B04B0E960013091D6B14E9DA142079B56C646C428A36E1E62401944D451D693231576076DF0C0DED113F400A7402AF801BD03FC190A3471803C8017
311
D6EE6E2CBFD97A8E81B0305333BBC2FA1C8712CA42808A7FAA80B2281CB6EC08F9FF51D85F36EDA000CCFE708ABD236CA5965F6CC0E1E9EB237D5D294EC79590FA8F0A56019D0BD65CE5595D2BC0B9C54F12D0351C68730E0E344610E035735098001EA8A559A5C9477AE4ACA7FEA9904A1913EF06D704D9F4276424F55459
311
0EAFCDCC9F3CDEDA7F75770D21D021010DF236FC82119A928837EE2FDEBA77F06E67F7C5EB93A58551F8DF48A10089012804C8514ACCBF64E822FE7E60BBC69F95F893A8B1328173D4CD194103B28D4802A2C3D7878742D46F40025A5C64CC097C3CA8A69EB9D5468800AF21408480CC7F9B01D4D42B4920AE814604DC23CD
311
C94ABA564E0A38B1483DD2A5529421022D893C1FB738CA31299CC026A9DB87CF77DF2CCB59B01A0D5C20010D7AA512DA1AE160F9E1FED1F1E1C96D8EF6F4EBF36512C2C40254791702BF44DB987EC22D22FCB51DCC04900999B9CB44EB8787D101E208B228323EDD47091139D780A37CAC14BDD260D440E511884181D4B650
311
BFB2A709E085D8D5FC83022E04111DB8E55D6E2103B96333FF391E8851ACABBB373434E4AB14904DC4C2642705C7A3B85DE166AC69309AD3B5C9F967C7BB220544130A1B9C27009106DAFCA3136FDE4700BC7BF8726B6F758974322F1B44D91A9425A0AF857F38454945FFF289EF64033BF32F1B37D9B6283BF238B903FF14
311
FDD73F2CC130B6AC8C5D67D34694E30C3CD45E42050029200AB4EA4F9EB45772A5D3EEA989874E1406440C2896104C082EC41590268A806B97D1587692A8CF46B9A19148454BCD90E3E19B1C4A4F39F16C847362BCBA5A6BE9F5D1BE604054A190BBA040FDA9173C28FA170100FCAF64FE97E6466D7E5780831609B26A6170
311
E41F0B4A20B8BD5FCD21BB75FEF0B50A234914D8AFF741F87D803FC28A206B42D377A6FAFB39D4C7F13908F00321F30BA802B6D47FE20608510420375593002CF0F1D0E600C50A420F9A5920B681C802A10BAEBCB8F40592D488CFF68F84D8AA924A5141932DD6A8A93CC5B34C19B2658D9EA06D66E5F029C6C0DDB5FB60A0
311
A30A1422DA1C70038B48F1FFFABAD0FFEA36077BBAC2AC2867394F82D03F0A40D2113036D8AF87A72D9BD7A58685883F2500821CD69E41F441F7887F2C202C415683A8E14082B5C50C01B0618BC6D6CD5389AFAA6081037001F4EDDB6AF2751A069426541C00C480CDA53208A17FA01712303B8CA614182041BA6FAC8BC54F
311
5274E4B790E574037654EA2B6402182DC9C6C2E6E3A7CA1AE0B82D91F89D99D7269F1B6DF98F63B07B74FCEC366717B30C5A950DD2ED08803A440C0123EC4FB459497F7286D4A655EF5741B3EB2FD1118C3F20571E104ED0D8F5B1A15E5F9385F52FC82DC3E4D39A8E274501948293C2A89045FB4FBD84133A4D0221820A8D
311
FE957DA404C0F732FF18C5820797311E88F60B0DB0679E09C222A44101044AF3F1AF5D810C514FBB3BD9682DED1D6FED2F6FDCBD854F00155C6822FDEE2FE2182DBF7AB3F5626F6961C68A494FE010F809818B0120EB3F2C2360FDE1FCFC20ECCFFC4BD214F21F80CC9FDB6343235358FF6A3958D030767D8AEA1154EFC006
311
749334AD2A3EC983C80BF95153CE93DCD3E65FE803C61098938A07140278A5C8424C2369CC3EF4AF74A18D1273616CCF3E29EACB4A6C370BFFA90264E0AB44B3F81FD0802995AA9748221A985CD93E7CFA04B7680D7D48139A6F3765FEC0FD1B8F1E3E397A7D4246BDD963B01751FF6A03A8447F7C511F6815EF2F00F92BDF
311
4FC1AF568DC5000CA738B717A8550C44B300803F94E2680B4C2087EBC7A0600055A900161C48D3C097AA80AC3E29BC201398F44E13692048906705FBA9441444283A301B8D8666884A255D5DFDA272591681022A10432A55FECB1F5DEE00EBE704B8D951303BB774BCF572797DE30069280E71BB89F1B7B67680F67B29D26F
311
7E42F705C7CC1673920A26934F4286C48F912B049DDAA11F8E2554D38FFDFF95C00FFF8FB112CE5E3D80174A181B9F1EA68C0D479B78CCFE3F3834F0DBF08204D840E0550F6C6B172B4AD00147080290091D149C7BD6665E21443022E4001DE83C46A329264C20AE71AF4FEDD92383832851369BB33BE0824AB45224C911DF
311
7872E9D9F3ADFD87CBEBFF7F53E7FEDBC875DD71BEA498D45BD4922B892097D18B424889AA2C099668ACA045BC48D7482A3B4DEBFD214D0B244E6AB871631779AC1F1BC4300CFFD27FB99FCFF7526E46E27066381CDEF33EF7DC73CFFD9F5FFCFCDD5F00F7BBF83DEFFEFCDDF7DFFFD73FD11FFEF8CBDF7EF0CE5B6FFC9960
311
E904EE97FC46C0D5FEC02FFB3B63DDAE9F13B6D57EF67FD658C2BBB18DD9271B10EFDF1D87B7374FCF76A8A79A65C1BA9B15FA096C01F5095F0A2BC00E118500CF914A614115F1A4B07E011E50C3048AC1F7D210A90005C6C956EAADC163E76E8B01EAA891448CBB62B2F2DEEE51ADB7DC6B23C917D381136BDE7ECE14D28F
311
7F1D1C1023727BFFFD7FF913A2FFDF1FFEE693BFBEF7931FBDB1B6FCD5687A8EF173CA07CE2FFE8FE1AF433A7F8376A43F5D9FA83FB26648045AEC21FF74FB4C036018041CB076F3FDE515F58BA86166C99965320D0110C00999AF8105A8FDB0E9427A5DE48899B8C8B843F241E93C41F33943CC0562EE1A801FE5E0078FC8
311
7F9B6CA10618AB3F3017911AAA108F896B8C199D3338B6DC64D639A92BC4CD41C13BEFFDEC779FFCE6D7FF497CF0F7BFFAF7DFFFD3AFFEE3BF3EFCF02F1FFDF69FFFFA9C24FEC55EA33DFA5F823F509FF949E9FDE1FC14E7B7C1445DC49F2716F6D7FD79C5184075FB06EADF252394E23DD7372E5C7C75D6D99BB03AF21F99
311
67BB486E8160C22D101D1CC0006EE0819728A134A27572B95E29E650460007EE73203A80DFFEB4EFBEE5DFB7CF8946B3929E353CD084CC25A1E5DB745A4FCD5C6375B515169819AED383275A60D6DC9BCF9E7DF0BB4F3EF9E5971F7DF4F1C77FF9F297787DFF46BF87249A5EB73A60BC44EE77F823DA2FCE3FA13FA5DF9E7F
311
943FC60FF78F76D3FFF96A04FC2444B36AB56900E683DCCFEE9F5EED6C4F8D826D7EDD5A5C03FE39BC011CCE0103A22252111494433840A0D9308E8113AD202272ECCECC55F74FCA897B3AAC28C28D3352B61F3F261A090760B477899AC3C4BB870D263AB50643661C328849EE68CB5ADF94167DCE78E907EFFDECA7CF9F3D
311
83F46B0C0A351811C38D82F9E17C57944EBA11BD6C8799F0FD29DE0436F57D02FEC2DAAB572C617FD441E06F6FAF6FAEC9096711F34C0EB8BEDA5F3F6A30D4B8D8AB5382F0514A985092594E376E80E2A42A9B1820F5CA338EA8590D7A0096EDEFF6002890BCE6DB93BC3F91F645389E600BEBD563964FA6860EF1B83EEDCE
311
F08D6C30A4BA2C54EB355822CDE8316BA08DDB5D6C1321DA5714F5E2C71657A889D2184CECF6603E1DFD664BDFD73C4CA6E611F86F365F13F7B4E7A3FA83FA51DC8F966BC794F470360013226E59AB1B11202B96425E4BC7868117BF68F5163258C6EF29FD6CC02CEB780C0E44837F0A05A3F2109E135AC52D2202C87DE395
311
EDE13438705704E151BD566F1C327FD1692BFDEB3EB4A7A493315CB6CEE937AF8993D627BB68339040D88414CA71755425A0D160346C32188DA7D30B1280C190C91FE9F994D0B70B91324BDFC08F850A22FC81FF91DEDFC2A7F50B17E946FE670C825F8B0504E0E6FAF20C0FA8B5B9BAF945BDFB3DD0D0DF32A8822D4EA06D
311
E4A26B00001B0149444154BB47103FB4F7102C8000B585869271EAA20F48752CD00370BA4F9E7AC84BD3C0B6F0BADBFD666831233070B08FE15682D1054BBB1D7031B6DBD26B9C931F046D4D0D411CC8E97110F588E151743ED08330145FFCBE443E511B8EFB3AE41FDB17F83F2DDCAFDD262EDBDEBEBCD5E629FC4E8AB941
311
11CC5E5E5F9D6DED8D884C925455CF4A8D02AC2624302E9B53F023F0CA0A41C2C30EEC545417FC179D198FA18279D443E00F9CCC3B544F820050002ED00AABCD6677B40B069CC3DFBFEC673A07A930050FD6554678EB93E112551E101018434BC9A89A937B64168D87290319F865BE09F93CF811117E951FBCFFC0FC7F1480
311
470BAF56376BC7FBE47F02F6DDED3D7F6C1CCFEEA8E0D42116C310D566AB9E35C22D7425FD8B1000DD2AB800FA520CD00CCC00CD051296B80DEF3A26432CF3C70657B007D83953003E5BFA173200678BDD6E77447794724654B1DF278968DD4A624BB033FA7CFDA26105C256772C6B98DBBBCDEC1578815DDC3D3D1E3F1167
311
5CD5EF778459E17F18F5585E96FA8B9F491C1AB6D8AB6E9FBD08C0772FA8904179809BD92DB572F0073B14B627C90894F7286024F442B8B0BAA6E661CFF1DA2AC280CCFB5904C38B5EA858152B57BD20837011748073A8EF262AD8437991F0C0136BCBC4E727F48B908275B253CEFA80C334162BBB08D9DEB8AB06EB358E76
311
932395CBFA392248BACB2D4C7C5A6236027923C9F933EA6FD5BAA2FA58E1CAF64B7FA477B37EB2E12C08CA02647F337B3A7352C4EC8E599DFC184B3AA37718AF0750420582C93783008B1F4AF5EC7998E2E1530BBC72000196E80618E25110130CD05F006EB6E040C0BFE707C5606DB956AB0D9402F4C0B04F1D317248CCE3
311
E8C0F6D496A19E565D35D6AB912B08A8949AF0D3D01DC0F98BCAFC5BF483418F58BE79C8DFC5A811E9CFD210A5FFABE6F11913A1980E0802620200FD864A4137575707BB63E49F3A1B356AC0C3F9D802998037FE6182C00E423615837CC0BE909A9B2AFC0E377ABB685256C44FB823E8671A42D1A4658985B043760B3DD64D
311
1E0CA9E7C2B4E1F50EF359993F683257A132EBBD90C2AB2223D9EF584BEF7551809CA018CCF784F309AAD1E7C73018F24784437DA001FAD5CF0A914CA0BBE8C0F5D8BBD40598DDBDB8C7F7F3E4F6F2F2009DCBED9FF6EAF54D185D38C831C52300199BC029B5039C600552E1022F3C9DA30AF0F3F54D4CC82690F33DEE2B5F
311
4FCDBC7C27E8289E146C004BB87BB2DA629872B0C7AA2F1DD4F93AD3D99845D87185F064B5F63BEB17DF11C760FC788555951DE9F13674407C6782491848B23D8DF8A4CF37879E8962F47A0AF36BAD1737BB27FDCB9B7BC09DDDBC80EAE801AB43582E8F7ED0C1F614F85986836409017A04124248A01252A79D0017394902
311
A73B0436D8BC4DBEAF581E303D0DB0C0CD1C830ABEEC86D4F015C44B5C793F7F454B06079FF5A05AF570470CA0D42976EDEAE8220146B0C809DD5316288837DBAB574F8E0F99E1E606E8667A992D83DA73B43B3EFF3CE255C0FFB3CA0F415D6E8D77AFEF9176890FE48AFDEC8E3241F03F1181FE29D148C8DEAA13094B4385
311
42EA4B4751202EC123474186508443BC06462A844F9C9DC78B7225C2EF4AC1F383148E2BD8E029A2240FA2598E4BB3FFAAD66CB40FFB54B66299C561E7CA699DC0EFDC2EA637210E9D5DAAAB810232E22805D3188CF50400FD68CC402F23BD8C75E2F3E8F4CCFB3CB88CD24754CBA2CBADC9EE19BC7E03ED213EBC0F0266D4
311
8701FE7BB2C2E800915AEE5A4C8CCBA58128438745230A3C2B3CCFFE11FC8D2478013CB8E3255698D6B8E8F44CC69AE4558D2F2F0EF3E707CC5CE30EE5440ECA03E11CD90814B4D0DB8D6312545C6668C8A09121631070C082F1788ACCF0EAEF328F84954AF4E979E104B749EF157240C7DD57EDF556BEF882DF2B3F9166A9
311
A401EBDBC9FAFE3D1BC2EFDE1279948A0C0E5ECEC889DD386E53D18CE7BE666D589265246920C4F849313270B8223FCB17F9542A72E4B2C6626CA1A2C7A2AA026A599037C02700418B733938C9E7F2837CC20341BAC844C3B49A78B7475B18838D2572A776ACA68210F0628E6B9F622FEC97C8A2D62D888213C13D04F6EB7A
311
923C4278B16CBBD4C2364CEA13D96F5F6C31D6E1F4176741DE48FF1BF43EA880096E2E9F9E2D5D34BE0632D46CADB5F84ACEE5EB8A710497434E0A3E7832CFC6F1E15D1C8181553A4DDC0702CA46FBD2F9E8D53D571B67BF8C04CB9EB2858CB1483228ADE5372498CB7F20C1D531493A079DDD537262F719AC136EFE0F881D
311
A7D26F7FE968D0FCD6DCD015506B4DCAC261E0D5A780D6397568B34D6475AD95EE68AFA3B387B3030E6E64FA48FE4BF5DFCB17C481CE965CDB7775157FCBCA3EA1B0A45607C0F0BE3CE471451F84F2F297BC5F8481834AC06EF5C2889009E220B1BD95387222659923AE18979282051192516D011A98D504434F5404D4D93F
311
3F1F52B5C55A3716BAE01DF5803EE0D2F6497BDEC105A3A2F2F3489702E6BF2DB5A134593919EF6DD0D991F8D7AA7F459EEA80373356D0B256246180EBFDEDB1C57B1757EADD668FE256806EDAB56D8213181B93D47304785574841DBCC891BC160E68C5FA2A8AFCF3D68237A115EF6C5CE0AFD72B081009DC0400BEA23940
311
05132449DA3CEFA0081E0FCFA97541D4581D48A90B8B5D58F5284BC5B21AA735197BACC2270E9812096FC90AA8983015B54AE9CE76BF9BEEEEECEBF4F8BAA3148A320FDC54088CF29BE1FD5E5FF777295E8C065F697DFB2DC900C02C4762C356C957061B9B0B180760E5B202066A140C7C43EE15017981F24A0F6005107881
311
993FC0E70D0125FECB21A75EF134A939DCB52C93C81D4A33FB3A2B3291F3B9AE47403D83F1E13693DC815D29B0EC194241160F03D8F88C7B54E0A8519A939F2DDA67A5F579F80AD1C04C8C9864C30435A27CFCC1F8FAFC1A401070CFB231FEFD6176FBF4FA6CEB822C6978871F27F80885E11D68CF8E93B052082D6631EBC2
311
5BCE4192FCCF1FF3B314984A010DB0F973036876B451E81990EAD69393D7A5A26ABD55EBAAB7EBA834DF1497600E1E40154E87509B04AD6356895DA2E6172870956039A04FD8841C06321928FEBE74CA70379E5FB3D6F0B7FC1996686A332CB2C460279C6F77179D7FFF42777F761BCD5FCAE45A2D9848D0F5CEEEB4F9059A
311
842263947512904023A051823A757312437AB536E007471C46D6E6DF585CACE0410839CDA8D7E8E316D8315065EB32284D5DED2EF554717C4182E4F33F0252304680AC8B716B33B24B89E11D42E583C6E07C28E1BFDFA8860E0F308C031AAEBCDAA100EBEEE1E9F1DE31A58B190CEE30E06C96DB35820FE54B771FA71FD71F
311
C157F1512376F6F2E58C24A0CBAD43C98F10D19EE8BF800F68CB8A02ACAFE707CD851A5CA81FFC5335781D95CB8E230CC862456607052DC092D4BC041D706B356804F820408B0DF8E53C7B2EE7C6DC4CFCAA610270B5313905EC0ED5E59B2BE30BB8002320070030B14316084A61F82C95C490EE15E7E6361C3C4D6E03E0DF
311
31CAE16807A95E7A7ED17EF17B5F8003D95FEEBFDE5F3F617E22F0D066F2930552E5272320DD451A802F0A806B303D83A580CC05A066C75D4188DF040140E236871C50CA3F204171C98ECBE2CB3778D50BBE79CE3B1B4640CFA6C9286675304513ECF7B727A3DA62F57C9DD26F1D0BA092C202124863035E20F712D718D924
311
B18FEC065C7A4A5313EC71BA1B51CE3B43BE187B3400BA1FCA63FDB17D68C55BA6F10F475F01022A03A250D9160D8A2C000C265AC816A42D38E14D2C49F407250B82F468C48386D86F6C56107D1840AAB7DC09596006B266B35A18400917C4067E3B2BD1060B9EB6B9B95A6579AD01B3F7CC01C7C91BE1179E1D6C9D9230B4
311
50B7D4948A415D402E27C389A434C2EBDC416ACB65168D82A4AC17E01017111E227D06F9E8F7CDF0FEE07CDC00ED3E1270C7F0C7EDE5018177725319FD7A5D63293C218A030B9C9A13694A2041C8F917311A2BCEFD8E94970BBCD1AB1C6D2E57A2F5001CE0437B7774CEC00413B29892C56981591CE0C692E99FB79C35AAF4
311
6588EF8EC623169A62120B318DF694CA2DFB07EBA7AC11545939A110955E01D6E08A52986C3002E3FAFB04F2950D00BFA21CAB637C6CE87EE35CE17E4D5E71FA947E7A0384C2F71FA3FC6937C6B2DBD0BD2CEEEBE6CAAA8923E04280015BA73B00870100532529D0829CF7F8B6BD8200C9AFB283A3516673EE86CE3040017D
311
0E2B6F303B511B391E74C8F7101DEA8F98BF3CB587C3380713594647DBAC8CD92750BDCC7062FDE8F10E6CA02984F145052B477342769BFF6E057CE90FF85A3D24013320E06C98BF196AE146D7B7DDED41C6E5D735DA86214EBF854A4B24CEC445B3F69CAEA68C9149299CE07278CDBFF00A37F33DCEF8C712A303346D9101
311
740A4800EE6FE78CDE961784564400F0400E6083E5033A6774E988724F585F88798C14FE1890CDCC6A4B17DB90BDBF7E3CE9FDE0476F6E8EF6D62D008433D0017231808F840EC02E90E3757D7D80F2074434E03555E09ECE70FE5EBCA4FF771F1460121805BC25F239B1B212CD4635412B9C763980029F850FE8CEE116799C
311
5D3E1223F137B85A7A3780CD1178CA7DBDE58ACABC8E00440F4608B8A07E93F35508C87A688EFCCBFE6ECE5773CA9EB00E46933161FEA3A373D6A3383E6412C188F04E7B704E2DCBB3FEC6DE60798D89A10BE7A7591252E147FB1761C0EE810E1091694E7038AA5F50EF5F30D6A5CE4FE75FCD777373B5B3CB7C5D7B12F80E
311
34533F0CC795AC31BD533462F800C74CDA4B5C36896E37747E9AB7005E72CDF884FF0ABA2F16504D183E50F1B3097CA3D1FEAE30439420B63EE0536A5FD8DBCEDC53FE99F2050608FB5BD98FA4DE2938E01304017EDF20756CE1CD676FBDB15A3D6529029C2337981F55E84C3786F6A1BC437CF87F09F7610522FDF8C01845
311
1DC2A7675BC3295394EC48D6691A21066A4DEBBAC48B75084D6860093A3162C4DE0C3BAFE5141C7803C9AEF6C7FC908D03EE4309E203B003F80279D947090609D536739322F3C25F70A0EE1BC104EDF684C0060A704AB918129CA9704BFEE0F96460B803411832BF60BFBF753C5A6198F89D670BD573166C102D1A01EDA146
311
312A1023984D3708051047C0551BD89EEE2F1D4E6A8654805ABEC45B292C0BD7CEDD76F421D1B7F8F43AD9BC7454838CBCB518D45F71C88E1E8F807BD18E8E0800789C404540BF4743A8999703D034B17339E25C9E80F8409F0D3E77630A9FABB221034800F389A81AB18752C426F039150436A03903E88DEE0F7FFC937F7C
311
FE6396323DDF63540034600BC402B90E6E3728007D0087BEC1107E93DD01F29E768FDA35E885E8D3424860F014F70C3500FC20831DAE1C43316243279D5D7A35ECD271C16B15622E8649D2D5F5C8BB5A15C8AF0A04B73E4CCFAF60416B00E4351401A20FDE053A3B9D01A81F003501930953DFC66841162522C9D7A190ADDD
311
21EEBE931B07E323D668305EB27E7AD27CF5F63326D23D7FE7870B355486D9B08A447CC52B7B8E075B1BDB241D0E0F970ED219BE22ED6FECDAC7B4B7DEF557992A8DBF026D945C3A13286EBB2C3D24983B384C3745548819C106212088777A7C261B81083BFBEEE5143A43D9C87A10110F8A4046900D8A1E84253405EEBEA7
311
7D644139400B0CA6132A5910EE7355160A403338B0439707F1E0C3116B436C6FE11AEC53DEF0B8565B646EE1073F65CE1073A7FEE1C9EA66370F26E57CD0AD63736AA35D162BBAA24778D55FDA238800A5BEAE23F9ED06BA9519B7B826C6E1204DC8255B4034A0978BEDB2891036E85DBA39409FBE6C0F2C7100E8BDAE1F15
311
4E11018900C0087803AA82B2D103E2694A035880F3830D8F828262FF10739D40E0C712E0072005644D0DD759DA05D23E661ECD648428F0E914B6B706F93E792543B2D96B6B6FBDCD14C1B79861CA3CB13729B3F6068E6C7D74CAF40F95A275CA2959D5AC492DF51198CE6C01D533ADC049AF56C542AD4AB3E15B98574478E8
311
AEDB84A0109E1720016D0D4E902F3882153CF23A3C81151015B2BF57B8CBAF07070A83DA008C8373858086A0030A17B057C8E1812A7EE018A1870952D72B356F2CFEE9D25B0EF891E9DEE68E930B2A0998DC8E4B4C82D1F0FC747CC41A9548C9C9DE0923CBF4A3F088D08C07FDA5217390A8E3DEC5E4D7BED3E450B7848439
311
07D8A5055C0083A21179131B94FDB7AB6AAFB511CEC8299A113ACB0EBEE46FBA4FE18AE80D1409BD5A4262E10AF9401E2AF640090816843FCA00D8DDEC0D2087EC74FC4101A0610EB1856C9434C016923449B63BCBFBA0E198C3BC77CA640F50C03DAC61EA6C60CA23A314D20FA0678068EC5FED6016BDFB80F500F6A84683
311
BB49CB69053FF18D8696455E34BDBA1FEC144C94136D81482A6A7C58C9E53760015E2809FBB36E3E0758E838790684014C86C8471545022690F4252E904FE4886617F0ED71DB2712D5B001AE006F801E3650C9690ADA4CFF66930B4ECE8F98204D257CEA0D1FD0F9A1ABB3C1149EF323CB92AB10B098E313E6843A3AEE5859
311
BFC3080AE3C7E6863123394B99F06B0ABAD08E260C210C48AFF0B7AAECA4028E808DA9B29C4B9853AEB47DD106702DEDB6C56C604AC741D186848A0C60F94190E2694539005C4C4979533BB0450CA212F21C7D40E8AE029005A00464209341AEF00C1C40A509633DF4092EE65CF0780BB78F41ADDBAB2DAA8C50971B4D81B4
311
A013D4196002FFD1811250C205BD272D6C580B5C814D3EA683418E0D5E071FF2CB8376DD8648506334C0522CA2B02912D21E04483A6E100FEC3CF0A3F916E0F9484E68344180EE021CA17A40334408D404B28EB764C703EC0983702C71A84F43E91D00BA4E11C7104875D7767EF849910486CB4C29A6CAF3EC962CC66D72AA
311
A933409F4196C674664330F82249616A53C026710A8572021EE125F2499894EC0DED919DEFB05EE897B6D9BCC2E8C23A3F04765CFB22C07C2E2AC497F7CD1184D470943BBA3542624507C800184CB5A36E953202FFAB4BF9A22FB10BA385D7E439A9658B94014E804079801368FF1430F50A287ACE9208D8347BF5F79754B9
311
25ADF6823E031527C884940D7CE1469D9FC00C019BE238CC1A35019D8C1A6CAB13D346635900A653EC2582CC6ED3A07F80534FC1052A6B1AEA0E18819A3D0D663727A36830FBF881BC8A8032A07700D4107E2E08808F92C08CA80C608DA0801FE5E1B0BD4F04F2A20D6817B828BA008B001E98DD0C2F000ED5D4A888BD4E2D
311
CC7D66B41AD6BBB922CBD812BCA484EC994777C1F0B818416AC8BA7673D87CB847BE18972F183E4EAD304751E13347131176FF699D3414C45C40130A3AD0F24ECB04BB5CF0F3C2095CF17EB1106AFA5629B02307719B7037C305EA05810737AA06050369531C78067B1F955F895A403C685D9BD06EFA895A06D8413156CAAD
311
7A8BCFA773030E58067176778D57C420BA2954264A992B46B2258B223DA66AA1796316A1B34E03A8410F30670AA58121890A94A4D83D1A519CA130668C811FF0698CA4E2AAD61641708EF8D162F82D3E0114B4037E57C391215D641821A8E04D4D806320D8021F5CE02DF08BA081BFB0130F92DD7C92A80E4BF0EB72A97A4C
311
52291068F1298C7D78BEC722418F09095C5F33BAF10736A25C74F3EE8872262C82F9C7601C1831DE310193CD52DE24CDC205888225C334A63CD72D70418820830654E3B2075239347CC2BB9F8004DFB91C8C7064B3E7686A362AFAC5013DAE32B80019452F14F2A3240B2A4404FFB11F410496C516C08CDA4A9EEBEFF8787E
311
5F443406DF4431A0C02613F5994E22734DAEAE88FA13E8F9FBCDD8CF9D810F83E63B3BE4D9984C6189AE0B0A15904531E51F55A9ACF9741F0FF00625F35F4DEC46C6CFCFF329929E5B4491240FF89E280134B50849B559A19735DFEC28C43FF64041F02F08910B801DE52843808FB09FF0F33CC077EF9FECE5EF89187F13B2
311
8413D0E05A3E2246F496600567E1B344A1394EAC0F0D37C8102FE108B2BFE91CE20F5135D2B4538B86A23149A18AC644B3205AA080120A5219F8D907071A29AFE517A1BAE1AB726EDBA4391FD9226EE73AADF40836AE94D800B1A4C407E4007A1173E8610E2D822621BA12E1C04B1001D8E0E22A00AB680025802F0A408658
311
E6380708681C87E88411D68F4449B030DC35890437818110E3FF0C77BB2408C51F1004A2C85954196D2802F62C552006C821C51AA85EB4BBE85B640D5023EC9AA48026730419B4C24BF42024463E0BAA2492F2A06D0315956543488EF1210B610521365C928081DD04ED036A01C86322C041F84059E06AD1893C14E07D72A0
311
97170A2EECB8E1B7E92B65D3031A8FF10C3102145762266AC68C40844121FA028E229278867348F7C09903AE6AA02B8914E853C779F071FAA48A1A814AD100468A6C0876813D381121D1575CE403694F2BBD81A672A9B24CE0CC88519104FAC842FC106B93F0D9E696D253420FB28058C8500276B2C0CEE355AD4136F210CC
311
88065D7554671812458E89A49A8E21344248761EFFA6474CE7897FC794373AFB1DB20885DF9452FAD7D44EA6CC203E14D813036D6D2D61591502CE21DC0FE83E1E6324A78B0983D71C165EE0588510F350C0E604DC810F94E072500016124C94091CF95533E65825294BC011984A1150C756961EB49D5012C741291E89E645
311
14C8FD0D9C55D122E4F082E8A03DFEA63A217E339454B1011BBCE08413D6B077C33466DA20359C872C9C80CEB8C01D485E115230D5932EAC04D32304181AB85C88C1009888F47B405BD41252DDABF164B9CA89B8104FC28F0E4004D8081E13341419B082A133C366C23C970B3000F045378082202223E89106A374C2ABCF2D
311
E78BE5A022B0CB1FFE1AFB7069A3011B40C6C974C04C41BD46E3A9CEC2359CC21C34669F3029139F48E9379F0CEA1FD9DBC6122A01449D7990CF0209BE427F81062CFEE40449EC2EB007FBE17D9BA1F6B33179AB91245564803D8830844C8C79AE1259DB618E05080F2A6A092500BE1C60C4C52DD2A03A403FEAA2AA5BE47C
311
7180275D7E57D3137240A7F0ACAE02C5302770757A3DF41F4E2E74FE8F481EA45A1250933BCDBC512ED16BA2628D71053A11F12EA8A4A23DE44910DE170641E86530490B12FE9FFB698978F083420AEF8048B2089D213335E481E8424658348BE2C430243B4D2239C80A0248C02628035A0251A262E43FA6010CB8F163801A
311
048B0A24435C6B1FE4063C7939D2E6D1BB21CA21396105CCC3F484F1255CFF788F632A6BD20FB027A0FDA30F2DE51359A1EBF540739EC3D6AC0E8446A1CF93E7904B603E1574210554DEDDA57DCA2A8240B340002367217CF61EF92F2F30034C81885208E05A861631BA6808C503EADB95084EDC17370950358B20A344146A
311
94CF0B1A34C8851EB63CA64C4E501E4006234C060CEC1102EF603C1D30CFA2A8BD874F72372AC0AF4A529F2270BC048DB74838508B13055E42E793BCC90361CFD23B52382B8CA732662616187373E38C5DC1824709A3830E83A8CA04AA307C905D81BD7005F0C3139A4605229D07879CC446610019B0D62CE36E36CE0643B9
311
30333E33CA8DC26A2040A71FC6980F3AE84F1375A2DB0CD8C02EBC88B7DDC24181302A4DA728E4F673A9CEB9D0CED951FF4F754C63D20A8204A152F3FF00C79ED8398E2F0A8F0000000049454E44AE426082504B03041400060808004AA2835A28BB58AF800100009E0500003D00000044463138454537352D434541432D34
311
3243362D423333452D4244324641413238323835392F536368656D61732F436F6D6D6F6E536368656D612E786D6CBD544D4FC23018BEFB2B96DE15493C78601010A34B880709DEDFB52FD0D8B54BD70DF6EFED3AC0B12E6442E2716BFB3CEFF3D18E26FB440405EA8C2B1992E1C323095052C5B8DC842437EBFB673219DF8D
311
A659866649B798C078B48AE6410122242F2A4994AC7F93815DF85C049C8564CA0A901499DD886B2EB9B1E02448F358701A9235880C49A0119892A20C89D1B9FD768815CAD268CB5E0355B40B1E47F3E37A2020464BED06AA57CE8FCC20C3C3446D46761A2632A8C1283D07031EFF2AE7CCB1BFEEE916E406DFAC8E36FFD99A
311
9D60A6944090EEDC3B670C7DC13DE86B6B2C5C240D6E503BB85ACD579D513F1B9F9A69DC9CC22AFA80C426D40AF0B21EA168559156B6276F0F726A6BFF04DCD513A87A62CAD41FB24FCB2858B3952E3D852084DA25B9303C15687973CC8E8AAE11DF2836C38C6A9E765E8C1BA1BFB1DC29CDFE518C8B5A7655A4ED7E77291A
311
BEB80DBD82EC866ADE1B8D05AF9E35CF09D7A061F38A986D9EC412B8F0F65E5D81534D9B231D1E5A8FE577A241F3A5FD01504B03041400060808004AA2835A1004A04F380500005C1700003E00000044463138454537352D434541432D343243362D423333452D4244324641413238323835392F536368656D61732F47656E
311
65726963536368656D612E786D6CED585B6FDB36147EDFAF20F41EC7F69A2005E214768278069665709ABE0A3445D9DCA80B44CA89F7EB7B0E2FBAC4B2A32643D10E33505411A9C373BEF39D1B2F3F3D27926C79A144964E82D16018109EB22C12E97A12943A3EB9083E5DFD7239558AEB07B6E109BDBA7C5CDC902D959360
311
CE535E0866DF07A7579733AAB85D5AF234E2C51DD5B081CA7A87DEE56E47E2D6689E735AD0947194500A22A249308DB6F82682A3782C52A141BD80E4E54A0A3609622A150F48C16994A57237097451C2DF462738529D3AC5FCFFB5B401988BC78824973CE1A9A628D91CB968BDBAC335B9A4BB379C6ABF5D2474CD7B9F773F
311
7F78C349F055EF13FE2CF856F0A7379CE2BEBCCE6456F8E316A9E66B5E18E4AC77BF5812F5937FDEF0F5BFE3E3C785576D96659253EB54863A87AB5D98ADFEE24C3B8E38FE48BAE2C062631799EDC8BDDD833C6E88585B9287340B23AEA990CA49B1A473421E81F856D06D9125E45E6F001C4F7F85D6DECA8C6A835753A250
311
DA50DF92F743409CBC3BFA4C6EFCE2618D302A0CEDDB264D93950002937BC66489A18D0A345DD650415124BE376A745EA9F0E016108E328D14C979C1302CD6BC0A4191B2C2C49112FFC0DB51401288D6A44C26C1B87A160AB6A11E5BD862514BE8B3DB750607BABFF6F781D6A74EED6EA7AC28FB3BA68C87AC94B2138A99DB
311
41AE7147A71F56659287340123812054CAEC8965690A74E111C5BCA7260158B0963EC50C07E38FEDDFC5C5C70AB6A915F446D44E46C321E46087E23E221E2BC0DA6EB440EE6F44E80CE5AE2E2D2F31AD7AB71B8B139AF730773909401FE0D8DC3FCCFCC3D438DC1176062076C3CB4A9D953ACC72CA84867CDA0361E0910F4E
311
F3B109A07D332211C72556825745A215835F47678059E337068E3ACB0E2EA2B507175B0818FD1082EB4D26186F85BAD33464988F1420E1B9E43D522F8452A450106B04F01362BFF1B2BF5059B60F687C9F663A54396722163C7231012E7480FE916910E6572B6D8F4A54CBF92C5CD324A163C8508058D3F16A399B13B348C6
311
830FB5FD47257A1B8D2CF08253EE776B3A72D782D895363D96020B6C18D3C86359B3C6D45E728B4B9D716893D091E4D533045F495D2EFEF633FF5A660A520A5790765FE52E12F0AC82685E7FFA0398D65528850A132894DDE9F837B1DE48F8A74D487795A482C7122A6DAE377BDC5DC212A465ECD8B03E7E2E208EC88DD9DA
311
89456CFBC477FB798C74389668AB1A75C820AB7568FCBE0B5F94DC9AFF0D038D9F77E49D45B8278FC7177D0DDCE732FA0BCDDB42720FA90E87115FF76375C5696F368AF83103F6A5911FFF03561EE06AD10ABE933AA9DEC398588888137017449E09C377051FCAEED1E8BC3BFA9CB27DA2CFDBF533459F374FC0C4FDECCBF3
311
E06CDC6874E0710421EEAA6CEDBFEE60EB913607436C3F5BBF713F6F42253B9A4A0FD64C08416FA986EB02254B1846D82E7CE2584EBE31E340E9A8247483F07D5B84AE3A5AE0D4C5B202EE585468BA84105B1F5EC00C16FADB133FB7399F390FCF245CBF9027A137FD26D1D651058D44D9B331A93985CAC2046CB4ED9E0314
311
977128A42C13DB06879A273052525D16BE833B8706BD1269FA69F2B9B109BB55D30D37679986D85848B86F026CF21E74809100180B0D280C36F6015A7DFBD06AEB6F8D503BDCD7DD6DABBBEF54E1FF5EDF0E3AD53C03509B5B816FE9F51BC8026F44DAB82BA989F200C4220B24166C3037854094FD46C5648D9C42F8B07E53
311
687D824917FED3CE56F3FBA68BE3C6853FCD64F4A00BB85831B1243346654A134805AF5CF39A9DFE22C9906A6EAFE8303A5F4AC4FBE637489CB62EA59B9D529255F326CCC28ECB77F812A7D6E63DF957504B03041400060808004AA2835A8A56E75334020000A30600004200000044463138454537352D434541432D343243
311
362D423333452D4244324641413238323835392F536368656D61732F507269736D436F6D6D6F6E536368656D612E786D6CB5555D6FDA30147DDFAFB0FC3E5A5035ED8150015D11DA8AA6F4437B8B2ECE4DB0E6D8C8765AF8F773EC7C4009AC7B184FC6F63DE7DC734F92F1EDAE10E415B5E14A467438B8A604255329977944
311
4B9B7DFE4A6F279FC65363D03EB20D1630193F2FEFC82B8888FED4DC147355144A86337A3519CFC060387E7FB2941673D484A7110DF75F023125DB722D388B6806C220251A215552EC236A75E9FE7BB62F15FA210677789A2B9D142A4551DF720D0858A353F700D53108F2B4DF62553B5742057653EA0C182620D6982A4A40
311
08F5C69494C82CA650356B226A9C0922B0C7CE1B4FB06816B36631F58B9AD35378AE8DE20C7DABC76409AB5498ADA3AF15771B895436315B643CE398B68D04DDA1C475E1915F409401FE7CB977ADF363A52CE9C02B3FCE239978314B72280A18DDD4325DFF7593269E2D883F24A3C14DD76DAF26C12582AE31462DC68FB0ED
311
545C051993F1A3D5CEF03ECB4A2D6B80B6FE395E55C4F742813D2E91DC28ABD576FF81B146B4B367DA153AE03E31ED85E4BCA01833D4EE093A1E3D2BAD2A2D25D625D1651A77B6D46EFC7F8D5D44DB869705E43EC53DCA02FC0555C1E2239F649A25959CDAD826A4D5769EEF5ADAD5DD3D3D4DCAE1ED35B2DF05C866429DA1
311
B36FF3EF0FD3959FD3FBA81D02783A9FD52E628BC5AF6ABC6D36FA6D954A17E01EFCFF646B80BF60EB69FAB4B260DDABF443B3EDAC8A9BB2FEE435A8FF28A5CC37128DF99896C1E8FAF8371C76E3885583754E607D7E41E1616EDFC0B2CDC95BDF67C08FFDF073F307504B03041400060808004AA2835A705234CAB1010000
311
180400004100000044463138454537352D434541432D343243362D423333452D4244324641413238323835392F536368656D61732F507269736D4D6574616C536368656D612E786D6C9D534D6BE33010BDEFAF10BA6FBC1B0ADD839D92642104B6657149AF662A8F53813E8C24B7DB7FBF23C98E9B423FE84DD6F8BD7933EF
311
A9BCFAA7157B44E7A53515FFB9F8C1191A615B698E151F42F7FD17BF5A7D2BD7DE63B8150FA861551EF6BFD923A88AFF75D2EB6B0CA0728917AB72031E5F54B7566B6BE67278EEC7B286804E8282BE4770600446B8D4BD428D264020454CB615DF9F5DEDD0104C70D60FF74A8A8A77A03C72E6105A6BD473C5831BE83B09BC
311
86E08B596531821734746CB637018FE852972CF12E6FE273EC97916390094E3BC14E1A19557F0EFD5ADB2CF3B09F04DE064746A406CA0A5006348DF6C1E4E9CFF335448BA2D8D77CD18D2FF0ADCF2CDB5A65F30E75ECD374942150CA3E096B0C8A802DC4F4F88A7B1A46656F6A0A5B3269371D36D3619D0E0AEE91225663A7
311
88638AC7F6C14A81692153B346C4FEBE070A50767DBE688C0D8DEF51C84E62CBD9489A1567C8AACC9C77A0864CFC363C658AA61B696E6C603339ADF71D265FEF36CD11B486E5C52893E61F897CBDD9B15464CBC54534EA1D26250DBD97916379E2F893AF095B64F099DBA7650D8EE299E638210FF54D6C59BC7CE3FF01504B
311
03041400060808004AA2835AF702076DC3010000E60400004500000044463138454537352D434541432D343243362D423333452D4244324641413238323835392F536368656D61732F52656E6465724D6174657269616C536368656D612E786D6CA554CB4EC33010BCF31596EFF405481C9AA2A64851255E4A816BB438DBD4
311
926347B15BE0EFF1236982021512B925E39D9D9D59677EF3510A72C05A7325233A1D4D2841C954CE6511D1BDD99E5FD39BC5D97CA9359A0DDB61098BF9CBFA961C4044344599637D0F066B0E22C074BC98C7A0319C58A9B254B2435ED23BC2F388AECB4A6089D280B18D139496815152EDDF046711DD82D048498D902B293E
311
236AEABD7DF74D5D839F69EE1D9F48E1F3BF448FC9E6BF144F351E38BEFF9D662D0D16587B77825FAF2195BF515C395B563BC5197A0AE68DCF363BA831CF7C7C8D7F0DA23D42898037B451BA833673DA92BC82D87F636ACFFB0CEC96F4EA30EF9A0FEAB85D91CAED89348D80E9B178DDC3ACFC71D06F2528A182138DD8672E
311
4DC6DC57CF91467432BA985E4DBE3DB399079353607C0A5CDA0B70D4E65A122FA41BAEEF6C272908D315B076451BD55EB0FF9E092E11ACF8C6B5306028F9D5F15EB95426D31532BEE5D6EC700FBA0C1E94211D7ADC8341143D429D2671564059C2EC72108B4EE3847890CC4697DDF8A708DB01FD7AD8209A41EFC2DCFD7063
311
A504821C7869545188D6C16DF801342CCE6B276363DC8EFA4AFD0E86ED0677C3B77747C7FD3FD617504B03041400060808004AA2835A5EC0EA5276000000BA0000004700000044463138454537352D434541432D343243362D423333452D4244324641413238323835392F4173736574446174612F41737365745461626C65
311
4F66436F6E74656E74732E62696E53616060307736347632B030D335B47071D335313672D2B5707433D27535723530757372B6B030331702AACB4D2C492DCA4CCC492C28484D2C4ACC4B4E050A82012F90744FCD03CA26072767A4E626EA02058831363E20BFB8C4C8C0D014BBF94C40635880580088038A328B737D534B12
311
7320560000504B03041400060808004AA2835AC55C663656000000680000004100000044463138454537352D434541432D343243362D423333452D4244324641413238323835392F4173736574446174612F53747265616D56657273696F6E5461626C655D8CBD0A80300C06F73E4B29FE6CDD8A2E82A083B8B7F209014925
311
C9FBA3AEAEC7DD2555D896CB85E51C2A1BD834F6A1F56EC4494C4695278364ABB24ABD2146F88CCEBB89D5321FF8F3F43D672A3B44DF3CB6A1710F504B03041400060808004AA2835A96D76F58340100009E0400003600000044463138454537352D434541432D343243362D423333452D4244324641413238323835392F41
311
73736574446174612F636E782E786D6CCD94314FC3301085FF4A648931B11340AA2AC71582A51348540C6C57E7D25A75ECC8BE20F8F7D86D0650115387AEA7EFEE9E9FFC4EAE3E075B7C6088C6BB96D59560053AED3BE3762D9BA82F17AC582919BCA71F182B1C0CD8B25C664AEE829FC6B9D4610F93CD556BDC612E3EC488
311
B481ADC5E7FED13B42479115DA428C2D8B7A8F03543091EF301EAA0E08AABA0A18FD1434A64964069C27E98040D831D588E6BE1477A5B8DD3462592F968D78973C934A6EBDB7336FD2B2E0C79B46E8D35EA684E41950720A66A6F26B98FA4B65B5354EF2442A19292457E60EFA1A53078CA3351A2899C7BD26A432410883E4
311
2758499E5DF8E5C513F6C699DCB24ED2807C7849023190C12BF4E43FB597F766ED2281D378CD8E9C6BBCBC0FAFC75FF4768AE53137D79796738D17C8093F9E92149B7C59D437504B03041400060808004AA2835A2AAE9720E6000000600100006700000044463138454537352D434541432D343243362D423333452D424432
311
4641413238323835392F5265736F75726365732F37433133423038362D313844462D343332422D384146322D4532453035464243383836372F7468756D626E61696C2F302F636E782E786D6C4D90C16EC4200C447F2542EA3181A4ADB45A11F627F6D44BE5126F8A966004A66AFFBED072D8D358E327CB33FAF27DF8E10B53
311
761456314F4A0C182C6D2EECAB287C1B4F62B8189D88F8011343800357D16C61F49EA8C46E6D7883E29BEB5DB87773C780C9D9F7187631580F39AF22DB4F3C6082C2B461BE4F1B304CF39430534916EB017607F6033621306EC22C6A791DD5CBA89EAF8B3ACFA7F3A2DEB46CA4D11F44BEF32E30268A4F8BB254C750FF515A
311
36C0E8925CA75A08611E9ED3B22E8DCE9C6AFE0EF14FAC10C4E89D05AE3549B28C3C5608E1D0F21F365AB6BC55FECAA8DABA31BF504B03041400060808004AA2835AA233C2345D000000800000006500000044463138454537352D434541432D343243362D423333452D4244324641413238323835392F5265736F75726365
311
732F37433133423038362D313844462D343332422D384146322D4532453035464243383836372F7468756D626E61696C2F636E782E786D6C4D8B490E80201004BF42E6EE76F3C0F216234B883063108CCF170C074F95AE5473F5C4C06E932E4F28601967600677D21E9D8092EDB002539227A2FCCB80E1168D80A6417297A8
311
9C5D6963B7129A0D1E8F2EE73AA7B62BBEB8B27DE50B504B03041400060808004AA2835ABE89762363000000880000005B00000044463138454537352D434541432D343243362D423333452D4244324641413238323835392F5265736F75726365732F37433133423038362D313844462D343332422D384146322D45324530
311
35464243383836372F636E782E786D6C4DCC3B0E80201004D0AB90EDFD75167CCE820A4A845D83603CBE602CAC26799919AEEEE0D965E2E908050C6D0FCCE04C8BC355404EB6198129C92351FAD580A10E464065907C8D948F8F166375F655BDC3FDC3B4E530A176BE7057BDC43B2A593FE403504B03041400060808004AA2
311
835A16F9AEE2EC000000680100007000000044463138454537352D434541432D343243362D423333452D4244324641413238323835392F5265736F75726365732F37433133423038362D313844462D343332422D384146322D4532453035464243383836375F506F7374323031352F7468756D626E61696C2F302F636E782E
311
786D6C5DD0C14EC4201006E05769483CB65074CD6643D957D883272F1BA4B3956C61080C46DF5E500EC6D3903F5F26C3AFCE9F7E1F3E2065876161F324D800C1E2EAC2B6B042B7F1C886B3560991FE303604E361612D665A6D094BECD10A3753F696EE2EDC7B48D74B72D98FF2F07C8D616383DD4DCE0BCBF61DBC994C215C
311
21DFA7D59099E62941C6922CD425E43CF425368121589996421E46F1348AC717294EF3F124C5ABE24D6AF586B877EF0241C2F82085C5FA0CF526A178035A95E4BA6A1F61FADF818A57A055A6547BE890BE628526C6DD5943B52E8E9680C68AC078C57FB156BCFDBB8E9F52EA6C1DE96F504B03041400060808004AA2835AA2
311
33C2345D000000800000006E00000044463138454537352D434541432D343243362D423333452D4244324641413238323835392F5265736F75726365732F37433133423038362D313844462D343332422D384146322D4532453035464243383836375F506F7374323031352F7468756D626E61696C2F636E782E786D6C4D8B
311
490E80201004BF42E6EE76F3C0F216234B883063108CCF170C074F95AE5473F5C4C06E932E4F28601967600677D21E9D8092EDB002539227A2FCCB80E1168D80A6417297A89C5D6963B7129A0D1E8F2EE73AA7B62BBEB8B27DE50B504B03041400060808004AA2835ABE897623630000008800000064000000444631384545
311
37352D434541432D343243362D423333452D4244324641413238323835392F5265736F75726365732F37433133423038362D313844462D343332422D384146322D4532453035464243383836375F506F7374323031352F636E782E786D6C4DCC3B0E80201004D0AB90EDFD75167CCE820A4A845D83603CBE602CAC26799919
311
AEEEE0D965E2E908050C6D0FCCE04C8BC355404EB6198129C92351FAD580A10E464065907C8D948F8F166375F655BDC3FDC3B4E530A176BE7057BDC43B2A593FE403504B03041400060808004AA2835A790084488D000000E50000003600000044463138454537352D434541432D343243362D423333452D42443246414132
311
38323835392F5265736F75726365732F636E782E786D6C958ED10E822018465F85FDF724602A17820BD3EBDEA0B944C752680AADC74F9A5BDD767BF69DB3AFAC5EF3849E7A598DB302E88100D2F6E67A634701C10F9803AA64B938E77F66806C376B0111832CC7C585C78E7A3D74618A7432F6BEC3A2A6A9223CC7949F5B7C
311
4C99C2FCD432DCB08664ADAA39CF8BCD48A2F2B778BDB8D53342B36F21F93CDA82F1A07C03504B03041400060808004AA2835AEEA20AC7250100004D0500003400000044463138454537352D434541432D343243362D423333452D4244324641413238323835392F536368656D61732F636E782E786D6CCD94B14EC3301445
311
7F25B2C498C409205595E30E0C4C951030B119E7B5B56AFB45CF0E82BFC70E1952C146876CF6D39175CFB56CB1FB74B6F8000A067DC79A8AB302BCC6DEF863C7C6782837ACD84941887181B1C22B071DCB6326C591701CE6510F0735DA3CB5C69FE7E1033A87FE459FC0295668AB42E85898B6951A23F610CE55AFA2AA9A8A
311
20E0481AD209D138984FD0042A42CF64CBDBFB92DF95FCF6B5E5DB66B36DF99BA83329C53BA29D79E323100E372DD798963E05E2A2CE8014239999CA164C2ED355A90F5127428A1029B53093F16B48A41A066BB48AA9AC7A027F1829EA2C7BA1FC081EC8E8B53A5FC4BB9AF41399E09675AEEFB27F45BCAEFC1EA2B26BBDF4
311
C97D91F06AEACFE07BA07D7AA164D6ABFF57CAFF55504F3F5F7AFEF92394DF504B03041400060808004AA2835AE3603EBE7A000000C20000002C00000044463138454537352D434541432D343243362D423333452D4244324641413238323835392F636E782E786D6C6DCD410EC2201085E1AB90D9DBEACE05D09878023D01
311
A1D34A8419C380F1F82DA68B9AB8FDFEC93C3D7C52546FCC12980C9CBA232824CF63A0D9402DD3E10C6AB03A3397DD192872090D3406ABE7CCF5B5D18893ABB1690CF4DCF02282E5EA8A5BB96FFE536F285CB347F95BEFFE81C9ED5AFF9D5B1FB575BB00504B03041400060808004AA2835A3311BA307F000000A300000007
311
000000636E782E786D6C4D8CD10E822018465F85FDF75462166D8043C4F770898E85D0485A8F1F342FBAFAB6B3EF1CD67E5687DE26BE6CF01CAAC30990F1F73059BF7048DB8C29A056B018C2F67703E4C7D5702818045B6248CF1D4D661E932BD459FFD8613F5454EB6B8395960A9F89BAE0AEAE35EE7A32484928A1CD2D1B
311
C7A2E4F9F5F296BCF802504B03041400060808004AA2835A1E7A0675A400000032010000130000005B436F6E74656E745F54797065735D2E786D6C95904B0EC2300C44AF1279DFBAB0400835ED02B8011708C16D239A8F121795DB93D22D20B1B467DE8CE5BA9DED281E1493F14EC2A6AC4090D3FE665C2F61E2AED883689B
311
FAF20C9444F6BA2461600E07C4A407B22A953E90CB4AE7A3559CC7D86350FAAE7AC26D55ED507BC7E4B8E025039AFA449D9A4616E739AFD7DE8C8338AEBEA54A820A61345A713E0B17153F7257E37E705E3371913892B25F02FEA0F1FD83E605504B03041400060808004AA2835A3DEE336E64000000790000001B00000061
311
75746F6465736B2D64657369676E2D7061636B6167652E786D6C35CBC10E83200C00D05F21DCA56CA76D41FC96062B120735B69A7DBE268BB7777961F8D5AF396893C2ADB70FE7ADA196782C2DF776D7A97B5933C430F15651E5469C55D70F80A4992A3ADC954792C525AE70A1E4D6AD9816CC044FEFDF01FE3FDE90780250
311
4B03041400060808004AA2835A44D54A1CF9000000960100003700000044463138454537352D434541432D343243362D423333452D4244324641413238323835392F4173736574446174612F636F72652E786D6C8550CB6EC32010FC158B3B360FD771224C94C4ED17F4D41B02E2A0C460F1A8FAF985D895DA534FBB9A9D99
311
DD1D76FC9A1FD5A7F6C1383B005C2350692B9D32761A408A57D883EAC899772EFEA281CA8A590FA0C080B3C9BBB46C9074366A5B50EB94DE4011828EA0928FDC0C20C89B9E452D52CC8C70AF1721EF62D235AE571E672919B5498DCA6EE66AB4079C742342B4BFC0CB1B3DC376875BD8EF700777E3B83F936E4F4FF4953545
311
CC5934F3CF76E9B5885A653D222F10B510D177820EB83F10F4C19AC2E42C449F7FDE9696EF003F95AB4711056BD6E91FD7B4A8FF5D93B19192CD755504C0713EF239E0AC2929E5F28C30D79228FF06504B03041400060808004AA2835A4C1997BBF40000008E0100006800000044463138454537352D434541432D34324336
311
2D423333452D4244324641413238323835392F5265736F75726365732F37433133423038362D313844462D343332422D384146322D4532453035464243383836372F7468756D626E61696C2F302F636F72652E786D6C8550CB6EC32010FC158B3B360FD776224CD4C4ED17F4D41B02E2A2C460F1A8FAF985D895DA534FBB9A
311
9D99DD1D76FA5AEED5A7F6C1383B025C2350692B9D32761E418A573880EAC499772EFEA281CA8A458FA0C080B3D9BBB4EE9074366A5B50EB94DE4111828EA092F7DC8C20C80FBD885AA49819E156AF42DEC4AC6B5C6F3CCE52326A971A95DDCCD5680F38E92684E8708197577A866D8F5B38F4B883FD341DCEA43BD067FAC2
311
9A22E62C9AE567BBF45A44ADB21E9127885A88E81B41473C1C097A674D617216A2CF3FEF4BCB778023D66CE81FB7B4AAFFDD92B19192DD6D5304C0713EEE31E0AC29E9E4F2882ED79224FF06504B03041400060808004AA2835A241B7B1EFA000000960100006600000044463138454537352D434541432D343243362D4233
311
33452D4244324641413238323835392F5265736F75726365732F37433133423038362D313844462D343332422D384146322D4532453035464243383836372F7468756D626E61696C2F636F72652E786D6C8550CB6E833010FC15E4BBC10F0A24328E9AD07E414FBDB9D82156C0467E54FDFCDA814AEDA9A75DCDCECCEE0E3B
311
7D2D73F1A99CD7D6F400970814CA8C566A33F520862BEC4071E2CC591B7ED14061C4A27A9061C0D9E46C5C7768B42628935163A5DA41E1BD0AA018E7D4F4C08F37B58852C49018FE5EAE62BC8B4995B8DC789CC5A8E52ED532B9E9AB560E70D20C08D1EE022FAFF40CEB16D7B06B7103DB61389C4973A0CFF4855559CC59D0
311
CBCFF6D12911944C7A449E20AA21A26F041D717724E89D5599C9990F2EFDBC2FCDDF011E6E71F93042CFACDAA67F5CE32AFF778DDA044A76D74DE101C7E9C8C780B32AA794CA23C25473A2FC1B504B03041400060808004AA2835AAB1DECEF0D010000B10100005C00000044463138454537352D434541432D343243362D42
311
3333452D4244324641413238323835392F5265736F75726365732F37433133423038362D313844462D343332422D384146322D4532453035464243383836372F636F72652E786D6C8590CB6EC32014447FC5628FCDC3B1498489E2D71774D51DB2498A124364A0EAE71762576A575D5D34CC70B8C3CF5FCB23FB54ABD3D634
311
00E70864CA4C76D6E6D680E0AF9081EC2CF86AADFF650399918B6A409281E0B7D586E72E4DD67865926AECAC76513AA73CC8A6473C34C04D1F6A91B90C3E3ADC3D7FCAE92E6F2AC7F9E6133C043DEF513DC7D7F455AB150852F50851D6C16EA42D2C6B5C4256E30AD67D7F6C4975A4173AF0228505F77AF9A14FAB925ECD31
311
8FC801A21222FA46D009B31341EFBC484EC19D5FE3CE3B346D0744DD61DA225641CCFA119694B4905D46020732A0C3D8768C55352FB6E01F6078CEFF0383369E921DB8251C1038FEFF752178910A8CE3D56E9CA96CF10D504B03041400060808004AA2835A4C1997BBF40000008E0100007100000044463138454537352D43
311
4541432D343243362D423333452D4244324641413238323835392F5265736F75726365732F37433133423038362D313844462D343332422D384146322D4532453035464243383836375F506F7374323031352F7468756D626E61696C2F302F636F72652E786D6C8550CB6EC32010FC158B3B360FD776224CD4C4ED17F4D41B
311
02E2A2C460F1A8FAF985D895DA534FBB9A9D99DD1D76FA5AEED5A7F6C1383B025C2350692B9D32761E418A573880EAC499772EFEA281CA8A458FA0C080B3D9BBB4EE9074366A5B50EB94DE4111828EA092F7DC8C20C80FBD885AA49819E156AF42DEC4AC6B5C6F3CCE52326A971A95DDCCD5680F38E92684E8708197577A86
311
6D8F5B38F4B883FD341DCEA43BD067FAC29A22E62C9AE567BBF45A44ADB21E9127885A88E81B41473C1C097A674D617216A2CF3FEF4BCB778023D66CE81FB7B4AAFFDD92B19192DD6D5304C0713EEE31E0AC29E9E4F2882ED79224FF06504B03041400060808004AA2835A241B7B1EFA000000960100006F00000044463138
311
454537352D434541432D343243362D423333452D4244324641413238323835392F5265736F75726365732F37433133423038362D313844462D343332422D384146322D4532453035464243383836375F506F7374323031352F7468756D626E61696C2F636F72652E786D6C8550CB6E833010FC15E4BBC10F0A24328E9AD07E
311
414FBDB9D82156C0467E54FDFCDA814AEDA9A75DCDCECCEE0E3B7D2D73F1A99CD7D6F400970814CA8C566A33F520862BEC4071E2CC591B7ED14061C4A27A9061C0D9E46C5C7768B42628935163A5DA41E1BD0AA018E7D4F4C08F37B58852C49018FE5EAE62BC8B4995B8DC789CC5A8E52ED532B9E9AB560E70D20C08D1EE02
311
2FAFF40CEB16D7B06B7103DB61389C4973A0CFF4855559CC59D0CBCFF6D12911944C7A449E20AA21A26F041D717724E89D5599C9990F2EFDBC2FCDDF011E6E71F93042CFACDAA67F5CE32AFF778DDA044A76D74DE101C7E9C8C780B32AA794CA23C25473A2FC1B504B03041400060808004AA2835A228801B416010000BA01
311
00006500000044463138454537352D434541432D343243362D423333452D4244324641413238323835392F5265736F75726365732F37433133423038362D313844462D343332422D384146322D4532453035464243383836375F506F7374323031352F636F72652E786D6C8550CB6E833010FC15E4BBC10F024E641C0508E7
311
1E7AEAA5B2C0A156821D61BBEAE7D74EA8D49E7ADAD5ECCC8E66F8F16BB9659F6A75DA9A06E01C814C99D14EDACC0D08FE0219C88E82AFD6FA5F349019B9A8062418083EAF36DC3768B4C62B93506327B581D239E54136DEE2D200377EA845E632F8C870D7FC2EC7AB9C558EF3274FF010F4B449F514BFE98B562B10A4EA11
311
A2AC83DD405B58D6B884ACC615ACFB7EDF926A4F4FF4CC8B2416DCEBE5C77D5C95F46A8A7A4476109510D157820E981D087AE345620AEEFC1A336FA6291D107587698B580531EB075852D242761A083C9333DA0D6DC75855BFBF58E709C23B5E3C3FFC710EF7E97FE7A08DA764737E2A1C103806791C042F5293713C6A8E33
311
B52EBE01504B03041400060808004AA2835AD0892D41FB000000960100003700000044463138454537352D434541432D343243362D423333452D4244324641413238323835392F5265736F75726365732F636F72652E786D6C8550CB6E833010FC15E4BBC1180A24328E9AD07E40D5536F96BD2156828DFCA8FAF9B5132AB5
311
A79E76353B33BB3BECF0B5DC8A4F705E5B33A2BA24A80023ADD2661E510C673CA0E2C099B336FCA2A1C28805469461C4D9EC6C5C37485A13C064D458051B28BC87800A794BCD88BCBCC0224A114362F86BB90A7915339475F9E07116A3569B54ABE4A6CF1A1CE2B49B086986133EBD3647DCF6758B87BEEE703F4DBB23ED76
311
CD73F3C2AA2CE62CE8E567BB742002A8A427F409931693E69D927D3DEC29F960556672E6834B3F6F4BF37788BF81B7D149F0AC7A4CFFB8C655FDEF1AB5090DDD5C1F0A8F789D8EBC0F38AB724AA9DC234C3527CABF01504B03041400060808004AA2835A84B2C17AF8000000940100003500000044463138454537352D4345
311
41432D343243362D423333452D4244324641413238323835392F536368656D61732F636F72652E786D6C8550CB6EC32010FC158B3B3606D776224CD4C4ED0FB4A7DE10100725068B47D5CF2FD8AED49E7ADAD5ECCCECEED0D3D7FC283E95F3DA9A01D425028532C24A6DA601C470853D284E8C3A6BC32F1A280C9FD500320C
311
189D9C8DCB0E096B8232193556AA1DE4DEAB000AF148CD00BCB8A999973C86C4F0F772E1E2CE2755D6E5C66334462D77A996C94D5FB57280E1764488F41778792567D8747503FBAE6E61378E87336E0FE499BCD02A8B190D7AFED92E9CE241C9A447F809A20622F28ED1B1EE8F187DD02A3319F5C1A59FF7A5F93BC0DED63B
311
3DADB6D91FCFB8C8FF3DA33681E0DD735378C0EA74E23A60B4CA19A5B206986ACE937D03504B03041400060808004AA2835A395C357903010000D80100002D00000044463138454537352D434541432D343243362D423333452D4244324641413238323835392F636F72652E786D6C95914D6EC3201085AF62CD1EFFE0B875
311
234CE438CE09BAEA8E9A8983128365A0EAF10BB5ABB6BB76057A7C6F8637C30EEFD33D79C3C52AA31B28D21C12D483914A8F0D787721352407CE1663DC0F0C122D266C20CAC0D9B8183F6FD260B4431D556D246EA2B0161D24C33D5C1AB0C31527910AEF02616FE92C869B18312DD295E3CCA9E9CB3A2C281C4AE034A715C9
311
77242F9F69BE2FEA3DCD5F581649CEBCD2AEA45B339C5E512666762112F0AA64D9FA1C30AFE40629193EA92E0A17E0A77351F7FD6345BABEEDC88E760FE458963D399EE8B96D694DEBEA29140966CEAC5BC268B62271087FB5AFC65FD1FC2CFF196D7558E0C577A82CCE99B3EC7309E18C3BE11F504B03041400060808004A
311
A2835A2CC00E6607010000B201000008000000636F72652E786D6C8D504B6EC32014BC0A628F0DB66B3B11266AE2F6045D75470D71506CB0F844EDED0B0995DA5D570FCDE7CDF0E8E1735DC04D5AA78C1E20293004524F46283D0F30F833EA2138306A8DF1BF641068BECA012618323A5B13B60C4D467BA913AA8D9019E4CE
311
490FC1B4C4C700DD74912B2F78F051E1AEC5C6A72B9F65418A878E51AFD61FEB6425F7524056E1EA09E106E1FAADC27BD2EF2BFC4ECBA464340425729412315D9D95B4D1D28E18D7FD099D5EEB236A3AD2A0BE232DEAC67177ACDA5DFD5CBFD032991975DEC63FE725B1A7078EDF522E2D1F14A31FC62C59104B0960F4F205
311
19A66522FE940E9BF84769A57D5DE5850F87838CC442772206A70BC6713F6F9CE9DAEC1B504B010214001400060808004AA2835ABE94DBE739010000B80200004F000000000000000000000000000000000044463138454537352D434541432D343243362D423333452D4244324641413238323835392F4173736574446174
311
612F446566696E6974696F6E4974657261746F7250726F706572746965732E62696E504B010214001400060808004AA2835A878A74BA90010000C80300004500000000000000000000000000A601000044463138454537352D434541432D343243362D423333452D4244324641413238323835392F4173736574446174612F
311
496E7374616E636550726F706572746965732E62696E504B010214001400060808004AA2835AB5A795FFE3790000DE7900006B000000000000000000000000009903000044463138454537352D434541432D343243362D423333452D4244324641413238323835392F5265736F75726365732F37433133423038362D313844
311
462D343332422D384146322D4532453035464243383836372F7468756D626E61696C2F302F67656E657269635F706E67504B010214001400060808004AA2835AF3CB91853C7D0000377D00007800000000000000000000000000057E000044463138454537352D434541432D343243362D423333452D424432464141323832
311
3835392F5265736F75726365732F37433133423038362D313844462D343332422D384146322D4532453035464243383836375F506F7374323031352F7468756D626E61696C2F302F745F507269736D2D3235365F706E67504B010214001400060808004AA2835A28BB58AF800100009E0500003D0000000000000000000000
311
0000D7FB000044463138454537352D434541432D343243362D423333452D4244324641413238323835392F536368656D61732F436F6D6D6F6E536368656D612E786D6C504B010214001400060808004AA2835A1004A04F380500005C1700003E00000000000000000000000000B2FD000044463138454537352D434541432D
311
343243362D423333452D4244324641413238323835392F536368656D61732F47656E65726963536368656D612E786D6C504B010214001400060808004AA2835A8A56E75334020000A306000042000000000000000000000000004603010044463138454537352D434541432D343243362D423333452D424432464141323832
311
3835392F536368656D61732F507269736D436F6D6D6F6E536368656D612E786D6C504B010214001400060808004AA2835A705234CAB1010000180400004100000000000000000000000000DA05010044463138454537352D434541432D343243362D423333452D4244324641413238323835392F536368656D61732F507269
311
736D4D6574616C536368656D612E786D6C504B010214001400060808004AA2835AF702076DC3010000E60400004500000000000000000000000000EA07010044463138454537352D434541432D343243362D423333452D4244324641413238323835392F536368656D61732F52656E6465724D6174657269616C536368656D
311
612E786D6C504B010214001400060808004AA2835A5EC0EA5276000000BA0000004700000000000000000000000000100A010044463138454537352D434541432D343243362D423333452D4244324641413238323835392F4173736574446174612F41737365745461626C654F66436F6E74656E74732E62696E504B010214
311
001400060808004AA2835AC55C663656000000680000004100000000000000000000000000EB0A010044463138454537352D434541432D343243362D423333452D4244324641413238323835392F4173736574446174612F53747265616D56657273696F6E5461626C65504B010214001400060808004AA2835A96D76F5834
311
0100009E0400003600000000000000000000000000A00B010044463138454537352D434541432D343243362D423333452D4244324641413238323835392F4173736574446174612F636E782E786D6C504B010214001400060808004AA2835A2AAE9720E6000000600100006700000000000000000000000000280D01004446
311
3138454537352D434541432D343243362D423333452D4244324641413238323835392F5265736F75726365732F37433133423038362D313844462D343332422D384146322D4532453035464243383836372F7468756D626E61696C2F302F636E782E786D6C504B010214001400060808004AA2835AA233C2345D0000008000
311
00006500000000000000000000000000930E010044463138454537352D434541432D343243362D423333452D4244324641413238323835392F5265736F75726365732F37433133423038362D313844462D343332422D384146322D4532453035464243383836372F7468756D626E61696C2F636E782E786D6C504B01021400
311
1400060808004AA2835ABE89762363000000880000005B00000000000000000000000000730F010044463138454537352D434541432D343243362D423333452D4244324641413238323835392F5265736F75726365732F37433133423038362D313844462D343332422D384146322D4532453035464243383836372F636E78
311
2E786D6C504B010214001400060808004AA2835A16F9AEE2EC0000006801000070000000000000000000000000004F10010044463138454537352D434541432D343243362D423333452D4244324641413238323835392F5265736F75726365732F37433133423038362D313844462D343332422D384146322D453245303546
311
4243383836375F506F7374323031352F7468756D626E61696C2F302F636E782E786D6C504B010214001400060808004AA2835AA233C2345D000000800000006E00000000000000000000000000C911010044463138454537352D434541432D343243362D423333452D4244324641413238323835392F5265736F7572636573
311
2F37433133423038362D313844462D343332422D384146322D4532453035464243383836375F506F7374323031352F7468756D626E61696C2F636E782E786D6C504B010214001400060808004AA2835ABE89762363000000880000006400000000000000000000000000B212010044463138454537352D434541432D343243
311
362D423333452D4244324641413238323835392F5265736F75726365732F37433133423038362D313844462D343332422D384146322D4532453035464243383836375F506F7374323031352F636E782E786D6C504B010214001400060808004AA2835A790084488D000000E500000036000000000000000000000000009713
311
010044463138454537352D434541432D343243362D423333452D4244324641413238323835392F5265736F75726365732F636E782E786D6C504B010214001400060808004AA2835AEEA20AC7250100004D05000034000000000000000000000000007814010044463138454537352D434541432D343243362D423333452D42
311
44324641413238323835392F536368656D61732F636E782E786D6C504B010214001400060808004AA2835AE3603EBE7A000000C20000002C00000000000000000000000000EF15010044463138454537352D434541432D343243362D423333452D4244324641413238323835392F636E782E786D6C504B0102140014000608
311
08004AA2835A3311BA307F000000A30000000700000000000000000000000000B3160100636E782E786D6C504B010214001400060808004AA2835A1E7A0675A4000000320100001300000000000000000000000000571701005B436F6E74656E745F54797065735D2E786D6C504B010214001400060808004AA2835A3DEE33
311
6E64000000790000001B000000000000000000000000002C1801006175746F6465736B2D64657369676E2D7061636B6167652E786D6C504B010214001400060808004AA2835A44D54A1CF9000000960100003700000000000000000000000000C918010044463138454537352D434541432D343243362D423333452D424432
311
4641413238323835392F4173736574446174612F636F72652E786D6C504B010214001400060808004AA2835A4C1997BBF40000008E0100006800000000000000000000000000171A010044463138454537352D434541432D343243362D423333452D4244324641413238323835392F5265736F75726365732F374331334230
311
38362D313844462D343332422D384146322D4532453035464243383836372F7468756D626E61696C2F302F636F72652E786D6C504B010214001400060808004AA2835A241B7B1EFA000000960100006600000000000000000000000000911B010044463138454537352D434541432D343243362D423333452D424432464141
311
3238323835392F5265736F75726365732F37433133423038362D313844462D343332422D384146322D4532453035464243383836372F7468756D626E61696C2F636F72652E786D6C504B010214001400060808004AA2835AAB1DECEF0D010000B10100005C000000000000000000000000000F1D010044463138454537352D
311
434541432D343243362D423333452D4244324641413238323835392F5265736F75726365732F37433133423038362D313844462D343332422D384146322D4532453035464243383836372F636F72652E786D6C504B010214001400060808004AA2835A4C1997BBF40000008E0100007100000000000000000000000000961E
311
010044463138454537352D434541432D343243362D423333452D4244324641413238323835392F5265736F75726365732F37433133423038362D313844462D343332422D384146322D4532453035464243383836375F506F7374323031352F7468756D626E61696C2F302F636F72652E786D6C504B01021400140006080800
311
4AA2835A241B7B1EFA000000960100006F000000000000000000000000001920010044463138454537352D434541432D343243362D423333452D4244324641413238323835392F5265736F75726365732F37433133423038362D313844462D343332422D384146322D4532453035464243383836375F506F7374323031352F
311
7468756D626E61696C2F636F72652E786D6C504B010214001400060808004AA2835A228801B416010000BA0100006500000000000000000000000000A021010044463138454537352D434541432D343243362D423333452D4244324641413238323835392F5265736F75726365732F37433133423038362D313844462D3433
311
32422D384146322D4532453035464243383836375F506F7374323031352F636F72652E786D6C504B010214001400060808004AA2835AD0892D41FB0000009601000037000000000000000000000000003923010044463138454537352D434541432D343243362D423333452D4244324641413238323835392F5265736F7572
311
6365732F636F72652E786D6C504B010214001400060808004AA2835A84B2C17AF80000009401000035000000000000000000000000008924010044463138454537352D434541432D343243362D423333452D4244324641413238323835392F536368656D61732F636F72652E786D6C504B010214001400060808004AA2835A
311
395C357903010000D80100002D00000000000000000000000000D425010044463138454537352D434541432D343243362D423333452D4244324641413238323835392F636F72652E786D6C504B010214001400060808004AA2835A2CC00E6607010000B2010000080000000000000000000000000022270100636F72652E78
311
6D6C504B050600000000230023003D1000004F2801000000
310
504B03041400060808004AA2835A000000000000000000000000370000006662782F34443932304633422D374339302D343246412D393435312D3337373234334535443832432F617474726962757465732E62696E504B03041400060808004AA2835A000000000000000000000000350000006662782F3444393230463342
310
2D374339302D343246412D393435312D3337373234334535443832432F76657274696365732E62696E504B03041400060808004AA2835AF270F1330600000004000000360000006662782F34443932304633422D374339302D343246412D393435312D3337373234334535443832432F747269616E676C65732E62696E6366
310
60600000504B03041400060808004AA2835AB5A795FFE3790000DE790000420000006662782F34443932304633422D374339302D343246412D393435312D3337373234334535443832432F7265736F75726365732F322F305F67656E657269632E706E6701DE79218689504E470D0A1A0A0000000D49484452000001000000
310
010008030000006BAC58540000000467414D410000B18F0BFC6105000000017352474200AECE1CE900000192504C5445818181B3B3B35A5A5A4848486060605C5C5C6464648383835E5E5E6262624E4E4EAFAFAF4A4A4AB5B5B54C4C4CB1B1B1858585B7B7B7585858ADADAD7C7C7C464646787878ABABAB747474A7A7A768
310
6868707070B9B9B96E6E6E6A6A6A8B8B8B666666545454565656A5A5A5505050A1A1A1BBBBBB8F8F8F9F9F9F4242425252527676764040403E3E3E9B9B9B7A7A7A8989897E7E7E9393939797974444448787873C3C3C727272BDBDBD3A3A3A6C6C6CA9A9A9A3A3A32020209D9D9DBFBFBF8D8D8D9595959191912626269999
310
992222222424241E1E1EC1C1C1282828C3C3C32C2C2C2A2A2A2E2E2E303030C5C5C53232321C1C1C363636383838343434C7C7C71A1A1A0E0E0E121212484A484C4E4C1616160A0A0A4A4C4A787A781414147C7E7C9193915E605E464846838583878987B1B3B18587856668665A5C5A626462818381A7A7A5A3A3A1B1B1AF
310
ADAFAD7072705C5E5C9D9D9BABADAB7E817EB7B9B7585A58BBBDBB4C4C4A8D8F8D747674B5B5B3B7B7B59FA19F606260ABABA9A5A5A39B9B99A9A9A78F8F8D6C6C6AC7C7C5451AD12700002000494441547801DCBD89771BD7B5A70B8EE04C702641712605CE034890E220088028C93245451215B713AF388E7DFD9EEDB8DD
310
CE6ABFF4B57D97137BE50FEFEFDBA74049B6AEED74869B7E87404D2814EBB7F76F0F67A8835CEEBFA0E42B854AA5B2BB5B6BCC951A8D52A93657A914FE0BEEE39FFE2FF395B9B9C6CAD2D4C4606F4B7FFF8D1B37EEDCB97587F7CD9B4343BD134BABE7DB48E3FFA7A228ECD6F6574E4786C0FC8B5FFCE2CD5FFCE297BF7CF3
310
CD5FFC92B52FFE58BFF9E69B776E0EF5F79E55CBBBF9FC3F5D3DFFB07F5898ABAF7CDA3B74E74EC0CE20230561BF096E97E05712BFFCC59BC80539DCE83DDD6E54FE61B7747DE17FB8980BBBFB2BBD4337DF487881AAE6C5ACC6AF25207877B2B527BFF1CB3B77FA47561ABBD7F7FA7FE146A5B6BD74E3164C7F51449AE95D
310
B412200EC539418717E7F2F11B376FF62E95FEAF1442BED0581DBCA1BD2780D23F506AFA16E1A7AD974EF17876F00DD7BCB187A1A97AE51FCED5BF2BC1F2BBE5B3C19BE27B43CF26DE00933658FE129B109C2FFF922CC22C4260FA01BEFB462A77DEBC35F42F600C3F5B0795D2E9E02DAD5E650B4438A92801B65C35CBAB7B
310
1EE5041CE69D3B6F1822DFB873EBD6AD3B6FBC71EBC6C86AE967DFC2DFA4CEBFF1BF54F6276EBC114E2F43FEC60B01A0D440A868B2920E5C4BC10D60931ADCB871F3268B21D3851B08E1D6AD9BFD4BF57F7577909FAB86F29B982571136AF01DF5FE32AC3BD9406CAAF2440A54CF176EDD01FBADA1FEFEFE21FE4C9858DFF4
310
183458A9FD2B6708A5A5A137E0EE1D11A9EC0C7C58B2C73C0AD6B479BD76B7790CF899E287FA5B06FB7B07C9195B7851FA8794031EF1FC5F9406BBFB23375420286399B631E93B08022A785C4DBF9996EC3551874094D71B6F487E80F6837E50F483BDBDBD83232323AC420A18C68DA196EDDADF68A77F938F78FD972BABBD
310
B7B87FB164AC6FC2CB760365821ACB74AED44FFAD7E7431ECD7E08AC421F391D199998989A383D9D98E8E56F84A318C58D9BFD2DAB73FF5222C8EFAEF4DE7AF30D756E5108683DA471E70D0502099A7240F19E4089D3FD203E620F1B47BF43501E85031AE44B4B9F2E4D2D9D4D51D8970983FA861B3706FF950CA170DE82F6
310
B312CC4F42C8966295F7D725ED29882415DC055F36DEA1FE96FEC141493F05FAA9A9A5A595B333DED5B3D5A533F62183323032F46EFF13EA0AAFA5FBF7C8976F8C10F7280A014832593B90004D52341980D907EAEB73411EB2F1EBC9F507F92746C40E7AE0AFAE54292BAB2BAB67CAE0746264A277B06508168C94BF772BE9
310
765F7BF0B548FE1E07F3B5A521340A5CB5297C4B12811B89E82191ECF3E41B3259C529F135E23CF4C7F961FB13537F5A02ECCAEA76B5BA5D3D3FDF3F2FEFEFB3AA22053E5008833428DC6C59FA2F770595F311F235D427F379BB8A121BD901B96076A388DC4C3C61C7933CCCD770FF375A6E0CE9F535FE2534BF5ADD3E3FAF
310
D71BF57AA951B6D4CFEBFB8864758A26154430080B06ABFF557610ECC93726224F155D1471041E0D42F82F4891C926C1355B0831649FF365F46FF05300A7A790BD8ADEEB0D4AA9569A9BDBADCCD56AA55AE377F5F3F3EA2A34983A1DE91D810543138D7F28E57FF4E2B5335A3928B76EA1CB9B00BF158C8F63A2E788826896
310
D0B5E7C461949ECE089144F8EBEFC7FB4D8C9C4E9DAD60F7FBE572B416C2F2423ECF8B86C439E450DA970634ACFDA977629098D0B2FAF313A36B3869E37AF7853378CDA1171FBEBA95DF1E44FD5144A420588641B0055A79ED91CC0DC41E27064512FB33F1F04D09D0D2DF0203A646A6CECE80DF28356A348CED8C4F1EF137
310
B9319E1BCD29867CA556AA97F7B757567006A447FD375A26CAAFDED9CFDCFB2BB0BEEE8AA5911BC2C7F85DF88A3775389990AA72219D582409210F85A4E66F2987D875C30848023088FDF77E87F96FD7CBA5B9DCCEF4F4C9FC7C676777577B7B7B67E7ECCCE4E8DEE85E81A6D55AA3BC7FBEB242589CE8ED4770E785D7DDE2
310
3FF2587EBF57F50B9E820527316488E5C32D50F979BCA58207297E2B6D658702FFCD211840FE43FC9F3A5BAD9E97E6F21B9FCF16BBBB3A3A5A175B5B1787875B5B3B86DFEFFC687A72674F19D46A8DFDF3EACA59E405375ACE76FFA922C817CE86A89BDD92F400F2C55B7462F610459837D3A61ACF50C7471C8F2F2A9D38C3
310
DA2F068007F80EFCDBFBE5DCC674B1D83EBCBEB8BCBCBC3ED0D3D333D0B3DE33BCBEB0D8DA35FBF9F8CECE68AE020BCE61C112A4C1138CD47F9AD13F7DC6AB9CF9CFCFAF9D0E01FFE6CD503F5B91C5218E2899CA15098714848B04FCE5654884ABF0E554F11F6C21D73D5D5AADD64B7B9327DDAD8B0B7D7D6D6D07070763BC
310
0F3E38E8EB4310EBEB8BC3DDB347E3E37B5842B97C4E44A0C630427E5CFDFB71E03F471E12CA9FF70E055AE141042DD81234B879EB4606361D9328149037D7D76A571A7E974FA20AD0323832713AB5BA7ABE3B3E3D3FBC30307070B0B9B645D93C3CDC3CDCA41CFC6AAC2D64D0D579B4B1B397A7C1BDBEBD7D36657A3CD4B2
310
F44F4909F2B9CA597F4245C59DEC354316F0587020D0C661742BC02869435FD12CF195C422DB3C5A3E2305C000CE6B7B27ED8B7D63079B5B5B878787C787C7C7C757C76C51B60ED60EDAFA06D67B965B3B672677080BB5329E60E9B477847AE2E9EB53E35779FD37EFCD2D0DDD68AA355B6B0D81860502B8B68C801F5C697E
310
9AD62F4B406244CB975560BAC756AAA577675B07C6D03778C17E7C95CAF1B3ABABE3E3ADADE3CDB1B1B6B681014470343EBA979F8B90383545727C63E43549D14FD0F927E5F1FDEFD7263058FE02EBCD1BDCBCA053496BD58E69BC44F9F854D4D979AE9ADB908824382AC1D4014E9756EAF9CE85B6B54DB01F02F8EA5908E0
310
D9D5F1B3E72188C3C3AB67879B07C8A0A767B8B831FE5E7EB754DEAE5261460243FFF07858D8EF0D658BDC563A2C5EF5833C13C90B69248C4DD97842B61DFA7F210A2F6108A0F96B62E2D3B3F3DD939EA47E30ABF5AB2B903F4BE5F9B36757CF65021E616DAC6F60A1FB647274B4B05B2E5341B082D43278F67D8DFDA48AFF
310
9A13F22B34C7586C9992BA6E66CABC190E313E7C811AA57304B421A75B289B9D174CC868C24548823E230B9A5A2DCD2CAFE1F98E61C015CA7E96B083FC59F3ED06EE60F360B3AD6F79787ED278D0A86FAFE00BA9220EAEFE1D5DE1F7855939C3FCC1332426B377F692406E022C010DB437EF009803F0DCFD3B7C94440571D8
310
F2C328F115F47FD324802070BAB43FBA80EFDB92FCA1F7E7CF9FA875CBB327CF9EB08C4DE4815BC4210E2CB7CF1CEDECEDCED5B757490968286899FAF95583BF46F9393CEE6A86D6F618CAAD9BFF0BE22B042412C5CFB50556815CC5BBE33E9F61ECEC26A9BCB8145FD10590078F9C9E953B513FAE1FE387FAC246E14F9E3C
310
E7F5F8194BD6594140876B6B84C5D6799C61A16434201E5237582AFD75C07EEED9863F463284E2E13425A036BD41061259289B6BDC1ED656FC8B8592C9D00701E27CEA749F0D8EF44EAD8C1F80FFF8F8F9D513191F6803384C800097F24069C407CFAE88136B7DCB3D5D4A60B711F19070D83235F77331FD35E71596688903
310
8E2E0B346EAB7936C4162043E1A1F144093695443A570144898BC4079CEF1912809A3035A1D3F361235F90FFF1E3E0FB93C7E2750719F88E7D8E68123883ADB5B18185AE99F1D11C1238A792DC4BEDE8EC6FF503DF377E0445F68FAF4E08D43082D02170F30131A154206CC559A8D9CFDD762B31273E4947A581E0D9BB71E3
310
3FFA07CD02CE2A6BE1EC80167497F2A81CFA3F7EFE58D0CF5D5D170DE4F89070B0BC4040CC17BEAC6B0586C3D3FF0309BC06F44B04A1E13729929B4DF73C44070692C810B08AC3012E8EE9EAE22067796288C193B2139B970B86F47FAD0F98382B1E035D9C32FD318A4FAFCB274F2E1FA772F94411B0CD42493C23393A685B
310
5FEF3E1ACF554AF5F3552A478383374E6B2FDDFC4F6DFE38F4F4ED7A7FE838F488EA852482F412D3CB07E293D02C9F074F12E84C5AAC423271450572A385449844706475FD38DC3C22486A0639E5F1E38B0CFE93CB4B25910EF309A2224BD8DAD40C682C28341AD69047E8539A6AFC14EC573F7FAD10AE0FE6EB13E87B28E0
310
93B513B5803514DE408809BC12A14876DE0A25F643009E9176D9F0C330164285A7444DC8CAF0E9FE41429EE0A2F6A6DE91C0856C501272404A8468822E24C807030B1D33D40D4AFBDBABB411D093D88C86D7205E05FC57EDD1F805FA4CED5920F0CED39157E007CE21757C5DE440ECBCB46CD283E378029B43FB077B4F47E6
310
0E9F61E8D01BE017D7E843EB49F50A2028F1E442FCC90C9EE308E4C0C2C94EAE30B75FAD3A0EAFA57FE9EF960F14BE15638840EAF3BA490BB6850EDB38EECAFD21A0C746D0C4234DBD035EFC7EDD121FA585FAB73DB89FE6A03CF833AB0730E5E2F1A36CE3F202A128934B44E396961121E1F2C9F32BFCC0C140CFE22C1CA8
310
E109B182919696BFB98120234F61B59F7BF46EC30CF067B21A33B0FB3E402448EE266CCD93135A8E823DB31F85E677434E608F53F8100BC0098EA2FD6BC01770E0F2F2D1E5452A711C4BB8486248FAD756D852026B6DC90A2AA5C6B69E9068B8F27AFABFFEE8AB36F1D23985D5960014FD711940800B560250D2272CC54FF1
310
D3A660B275AC3881E349689C1616E1E9044129D032313509DE4700BC867C71F128C400159407C761022BA8A040F40A244788808C60B3AD67A17576279F6F946923191921B0545FC2F12AC0EFEFBD7262B6935679FC7F80629160ABFAEC88E8430E76D82A8DE62ACE50BD4A42FBF03B387B37FD321B37E31C3F063D99703F51
310
60E6C9E5A300CF32A91E0A085A29C0FC507F6C21012303C6104B82C1F1E156DB3229D1A855A32A8352C9077AF733A0AFE0FB3EF81FDF2F0F82C21B0EB06998866878B103305E31EC17F4FD43831E570A2118D1667632D4FFFFB125782F96168A833DBE78C3F11F8383A79D49F58F1E3DBC780417AE6581381E8610604888E2
310
913E12492881274822C221AD04CB0B1D273B8542837460898C686864FF6F801E8269F40AD0481DFAF5E6E9C1F3BE391C325004DF0746A4E4448F7B52C0D5EAD39EC46896B888C4210D68E99DFA2820DF7FF850EC407EB55C3EBC5028611409BFCB8889C90F1C52355AEF98B18100094C9D0EF6F64FD47E5CBF3FF5293DDFB4
310
B50DDD54F351446FA1F14580DC3902C085F593CB24ACC917B213BBC11B3F0A61042FD8B24F4FB9C4556D0CB9E1A880DE89934CE9607F18F81FDD950DD0E1D143F41D56110E227C250621FF098838042BC85B5B6BCBCBC31DD37B34966E9FFD9936A2FEFEA9EBA4182E5CD3E17AE35501FCE0707E5525A7DBC64DFD077825BE
310
37CE0BBE1BBEC061410C660B6E49912665E2B3749C7C9F93834022F74CDE6CA5EB501D9CBC04B768292C5CCB84478F3CA83074092C6082169015E5800D5839DC6C1B58EFE83ECA513BDE3EFB8EF1242D2D4B3FD55AFE03D42F8492AF8A3F21444FA2FA9ABBF525EAF84C09F0168527B0138A85D1EC0443C467B28BF844EAF7
310
6323BE13D7C11F72FED783837B970FEFDE7D7817E077C17EF7E2A1C2C0FE851FE4C008388C15E818958746129E1009D054B67530D6B3D8DA3D59D82D9D57CF70039FF50FFE0DE94089DB269C3655A4F25B38C49D0BD48E59F1526887C18FC5272197F85CA72862A593A4843CD25F920487DDF7AA0441A2C0600D062001F103
310
FCEEA3D8560CEC3EBACB01CAE5A51E420349F602191E5F901893142381351CE17047E764BE50DEAF9E4D8C38B6ECFFACEB141E54A6865A88A60133EE9CBB4C256930B0B168C1C3AB59FE1743FB422C7166082E934AFA5EFA3E4BCE0B69362FA7041818B7FDECE1DDFB4D022007CA23E521F0700AAEB5888BBBF08023E128B4
310
045381542FA256B0D04E28A0C3804E233A1BFB476A2F48FD135BAF9843BEDA3264EB42BA499601F16B566E72C7EA35908ABCB9176BBED43204C696AFD3D7B24B08D3AFA44BE243D88A6D9D0B6562B52F741E1610C0EFBBAF2B0829289A640EC4C8A4FF66A24430786CEBE1E1E61AF9507BFB496EAEB64F8F49B4129EBDEC06
310
5EC1F8A3F228A3CD0950883B41BEC6D1944AE06147289600A7726313AC69A3F91197F1438BCB743E76F01F6EF1D1C854071670FFFE43FF1EDED702EE5A14C85D0C42DF90B86068800659AC88981855E3E774A71C0CAC2F76754EE7CC87C808D1E1E0F6CF47FD4224731337BE1E39C5010823EE997B1491BBD99FC8D8EF7748
310
2BEB5EB2CF66499A8E0F7511B19B3EFBDACB6507BC78731B1B383D02FFDD7BE8DD9256F7D0BA7B46015941097B80018F700FFA024CC08078F51806100ADBFA163ABA8A3B95B9D2F92AC30BC908ED31FABE0CBEBFFF0279B675868F9AA24E9530B08C174055B7F48E4F58002F3E82F0BDFA003E8B431EB6C4A91E4D9B5FFB79
310
1265BA8827BBE5F1BCFA7F789F72F75EC800F8AE43FFAEC42F13009FB905A9A0132015D0068ED7682AC608BA6771038DEDB3B33082891FAB1ABF5614F93238079726B833958796B845B731FCB86316713C1DC581B1E19B424EE32674093F80776F7E27C6FBFAC85C536CD955B96EDA2A3FBF770FF4BE11845470EB3E42D022
310
000E0FE07D161811020742162444668308801E133A4C163BE68F6826A5523071CA78B2FED51F28F8C70FE4190073A3E5D3259D7A288CD19BDE623F10021BAB0C6E327FD507B2741627727EA00D31856492F9F009D7F152D930704E642795C1C1B336E0DEBB7F0FDCB79318543B25341F36802D64A981A690B94259607DE0B1
310
9D466BF8C1C5E1CEF9A3FC5C639FD6117B4BAEAB453F8EFBDA500A67E8BAF76C8A06566E36EE1184E8329419161F83D843D5DE7D8221163E145F56921C3EE383978072129E290A9B7166E63D26BAB1FCDBF710009E4051842390031845F20077CD079407C575F20364C4910ED2A574BC357630B0BCD8DE39335EB175646A69
310
8458F6A346F003A93002E846FFE0C459B8006E506D79BF902908A0AA05CB5E73530E33BA1D3C2EF99C712B7C8B41DF4D2A7830BE8707485FCFAEEB85A09AB6D39BBF7B4F23E00509C20DB04E240822A4B810E04D8D53D10D504C059ED86BB8697F514777717A8F8144D48A4C89077F7EDB00E2D89DC02A7B975640A282C49A
310
4AA84B70B12BFED8EA6584860DFB7EE23FCB00C6BAF7332FF259FA3C9346508813E372F1DDE425065BB61FDF8300F7EEDDBE8D0C6EDF46F7D8823478590AE23759D60DA6B7A9F125EDE8F4A5D2B37470D0B63C30DCDE3D3D59A8D1501EB1B0A5377517BDD6E301F995E3F955F0F58FAC2E81CE172A8344AC03DC6781939D24
310
84B8FFC15E8F3ACCD3954CE19576B942D0A029188EC7013FE59AE90B71292DE774F1F63D60230180B30A2EDC65291B6211B4081128856001A680015CE000708254891851D4B3BED0FA4D7166B466BFF1D2A924885AD12B387FC0FCE6819AC3AE06A7AA4B715F0927B74D119D4A668FB54B8A8C268D8B038A207D10A7B1E95E
310
42195B695BE0240F7408B311257C23F581E987C180140C584A02B1670CB817CEC0A080F259F1360E58452013200E3EC107AC1DF4FD7B0F6D23F33347F9527D9F51E6138E31AF35F1BDAAEEEBA3D71BB402E2FB47CECEE96B4DB85536772B07C82A34F3E66D0BCEC207FEB9E70643761276F7B50D5EE963CFF80C7AF4A2130F
310
5BF8C4EBFB5F07B709840480DBD8007FB7EF3F90104908BA457D43AA2A6A02C91422285E5AAC143F3313A0CB74D9D164933B86C25587134E8D342B453FC982860D09FD13ABE72055ED020E85D3E312F74C25CB0293D978A1C4001927C80B86FD06349126EC219F0C735C8053D8F5F310817EA01F1B7851F406144C211C6362
310
C27DD51F1E310C0102280ADB891E9B085CC528A2B1369A46BA195B9A2B351862CE43174BA73FB7CBB430A5798F4C54B7333B96C3224A9863AD02B9FBD8E63092191924E77C199D92887DA594B6DCF0112857162FD0949FE6A441F5E62E42FB2105BC405A2301A3424601DC807912CB2C39C604A27908021CDA30C4C8C2019A
310
883B3A8BD393BB3546136EAF561980FB63E9E035FF73B96D09A905ACB2C11D79571C5159026227DDBDB81396EB03F14100BEB66DE1FA9EF82C3ECCBE318119C4269FD014E66361FC8BB0B4EA9A98EF3D8848A01360430284335004C183CC25BCA82D2302EB03B8419241C64DF4F5ADAF77B533BE786334BFCBB8DA72BDBEFF
310
C36103AFB30608A0B39B58D93F0BF42180841DD26BDC22CF0A770E90240006BAC65197D90920131C7B2EB3CFD3C71C6378A305EE8488FC1FF8D391E2BDDB0F6E3F45E7C8207C419800DB410073A3173942CA8D5242642A74496FF115832A6314D9FA4257577BF7FCF8F8E8CEE8DEDE5EBE76DD3CF892BA7FB8B90F629431B5
310
525E92A15A3A4A6FEA3FDD73136172060959206591F4C927196CF645AA285CF3014630121754261C0D31E1A7E3DA2DBDB54B04703BDE3A4209F02045C4BB0F529A14BED07098A2A1CD47513DA64B512F409BC01663090796D787173B5AA141B1B39BB470EEBCF1E30F9D263ACC4D05110797CEF7B923B027F089F74D1D06F0
310
A4D8C0CDA6604023FCA45B76C5CDE0BF3845ECBE13E0C0ED73700A8A753C1AC8AEFFF1B407FC8A20F42F0D94019121DE304077A027D4112283BB8FF0072444D68AAD111D6F591BC0061854BBC048EBBE9E81F6A33A95C21BFD13AF3C7E7DCDFFEB0DE8903F77B41DF178E99C289895B0EA8CD640549D68935BA7C5294E0A1D
310
66DA0CC419BD398E6265789CA1241441AC94532A3C19C95340BEFC68703077EFC1D307B71F3C500859C11494838E902203A2BE90EACC5135B80B078804340C920C2300BCC06F7A1C71B875DC572C9BD1D84BD5FB9363CA6BA7D03E5C40FDFC54FC23C9B4B9DDD028787D89219038523BF64E638BB37CC25335937A00DFD328
310
69C5B390C8C32FF25C8C47A7181B4A599A224A9DADB0E0406FEFF9F183B7448F081E3C55024FB33828784AB61704482CD0160C04174F9E33BA9291D58C2F1F1B1B3B5863B0D9F3E51C35C253D54A23E560E2C0CB3A6F7A81382601C2079CAE96B7B1560D20A341E85A928A4E01083256420576C2ED477E2E565FD9223BCC69
310
1CF394D3D8E281501E0EE5C1C8159E92585D255CF30CC854C75318006EA4A01028EC853F9407C6053910BE105348324002260254886C156260F9189EE0F8C9A3CBAE9D5A992184568A69D5183A7DB97DB089FDC57AEE54F858FE54F577DBA85309640290F2D220952620750C5811FB772A7876D1E4040FBFC6474D51246D8B
310
3FB378283FB514F8AB3C20B8BF7DBE5DE541C9A5D3D38DDB30E00151E02523081BC89C2214103E0BC1B3D0199A08E002681A2613A2616CEDF0F0F9C5DDC75DA395C25C0309C03DEC8091A4AFD3FEB504AAC6633930556DAC86EE3561941E862C4A75DD6B6BB3A0C59BE153DFA73EDFCBC3CE2188D3D378FC976D0EF9A95B7C
310
8532F527CE3CF539581E0FE501291E9139FFB65EFF5DBD8E0C18DE3077170A64E033FD278F18068028802F156C3809FDEB11B1019C208D020C9BA2870457F0F8E1FDC7EDD393E3B9FC9C4308E9315704233F960E554802C14716B0B45DAB5EAB5E25AB7830EBB8D25E6CA94E4AA01794FB1EE164FE9F040FE82C940A4BCEF9
310
13075D087E85A7237D3CF29C47E4E676777779528C4781761F0BFBC1D3A77880E40C9A2E5109180D5255317890394229F0F082010354082D574F1E3FBAB7D6553C2113DACB97BEB5526C7C6F69F9310A94C46CD89FF8F379AD1AA035FD00FF3F320180F01417A6F255A3A8D86319FE0C0B0E06A0DCD33F79841339C01E5BBE
310
1911AFCFF7C1E0A540BFBDBFCF2372352686D863F83F59CB6865F43104007EE06F52406F680341102048A01BB048823082CBCB0B6AC48C313F3E7CFEF8F2D1FDC3D6F6F9F9D9E98D9D7CAE5EADE2A6512FAD7AB526E17F600C85550DDE9ACFE9D97E694513103BC69F8A2813176032C890C1E9C49FC09C61670FF8705B1D73
310
86260E7C8E7122C7F8208A55139E8C8D4763F7EBF5728DF9C34677364E3A3F9AEFDEC9CD95470788834F9FBEC512379890B38C94205B2557987C4186DF5C0837608DF0F9F3CB87B7EF6E920475752A01460E556919B2B64296FB9FB70DD5F47232A0F77465BF140CD001F00ADCA175090E2665A14E6329B62660E02A1CB50C
310
6025E3DA252A670B3F0FFAA5EAD94A509FE7036B159E0D1D9F2E76B7AE1FD5A606198D3A747AF450023CBDFD162278B9446688111009B4029B0F2180AE20A542D40610C073B47FEFE1416B2B12200F3C991C2F54EC2491027A816B0A34A9D05C6F437AC23462385DADD75642EDDA738AF1600DBE07EE8437804D2D011A94DF
310
71C2085EDD40266A407FFA1D1C00B0C03927E60338E3B9D8C47D1F8CAED578E06F7CFAA4BB63B175FA7C301B747CB377F45192003CB8FD34B12009224543D8604494011A80C1903CE0518C986208E1C5FDDB8FDA161686873BBABABAE74FA637BEA894A44078C19696F326E057D7F95D061A6B0394A9D5F2DCAAFE4C2388D8
310
A6E9AB7695CB0BDD0A332430F1A9333DA41D1FFB97FA09AE84E738C75C407C260408F8DBD5EDED7DE1570A7BE333C54F16963B46AB0C2B71208EA3D16EF4EEDCD7005241166C005A73C03164792151205C007288AE337B4D7103741BDE7B7AC913350B348B2D767515674EC6F72A0402BBCB41C81305AFCF05F2758D3ECAC8
310
D26AB97606DB9581A4B7A8FFB068CD5C0604E6849046B70C2B60FF0CDDF93C13822B4E82FA0479A68220E66D9FD775FB3C1A9CDBDB9829B6AF2F77EC9E0678FB20ED8D1B1A1A39D10F9812E20D6281F5673121AACAA9C53424000DAC173F7E18C3052EEE3E78E7F1160F5AAEAFB70E0F7775CFCE4EF384DDEEBEB9C0889D52
310
43BDF557559FEDE5F17AB21E118C4C31A3DF6A96B56AC62180293910ECD6B721047664BCFCC6B2DD3C65CA0F0C823DFEF84083C7ECCDF05898EEF158F4FEF97EB9C123F1B9D1D1A3D9F9AEC5F5CEDA84A3C96C14A55584D62893D6A54D8D2028D05C8B1F124884543F3223B29D208B04910D3FC43F5C52196AEB5B5F5E58E8
310
E82610F08C21BD443801233C0CE8BD1E40F84A1CA86001990048031ABBAB11EF83F9283EA89F181F2A0D9A9F62D94B7F625FD727E6A93F63F200F614F7CF100D4511C07DB45FC5F0CB4CA359ABE4774631FDAE85E599EA0878A3C33D5AD6430CF4C055EE5FDB80629000D7855DED3F436F3B61B3DC7FFACEFD2B1BC6FB0696
310
312CFA477CE87A87070C7998E04FBA78AE3F915A065E819FCF35B410321D9ABB308146A11AD5196CDDD7C477A171C8AFC74B45CBC6F641AB53C8D4ADA5870C02379BC0470CF83DB55F073E29CF5CE5F7A3F8FD62EB7AEB1774C2C6780B9523F9287193FD23DDB79FBEA513B45200E2E0C1B51350163AC19043C600F2C1DBF7
310
DEBA7BB9B5457BC0D840CF325EB0BBABBB786D301437000020004944415472B491ABCCEDAFC0591201CAC8EBFACBF367FE7B6E40E69F551BBBE7123E3C00AC560CE20C62436E8C3C54CC225EE08C0D74CE26148877689EDD004FB2BFBFFFBB984035373A7954EC5EE8591FE531348654514DB1D1C56411DFA2A7C212BE5ED9
310
1278F2851A432244C6822C29C85A8B320ADCBDFDD63BF71FD32648E7D098CD018BC35D7FE89E250EF2AC75F96C15271602687965C844B8807C6E7729D93F22E81D39ABD62A0820C1FE9F11CFA7208125D33E96FD69E83AF6052DD32D49FF0802CD9F9DFD39260389A950887A647CCC99BAB17132DFB5DED35138FB3A060F62
310
95AA5E195BF0BB56495A5A4A8FA440026E46A047D40ED2520A441C302D240F201FB8F7E0EDDB0E12A04D8816215A0579E8FE1B1281E9F19C9900DE79842E2A7CCD48E9876EB01C75DBA0E0C8D44AB5512947A00BE7CF5DE9E1A6A6BE43CF1A78783DFD5A404E4477336C1ED8B18908B2A847B2AFE9839E891137A6673BBB96
310
FBBA2A4B8E9373B001F08369BA11BE8ABC4302FD2345FD6014A127068427D007BE28B41D9B0D40FFB7EE531FA673C8870A69135B1CEEE8D009C08042A5B4EDA314920B635BF941E7487E45256439DFE9D276295F87E698389CD49FB394FE19720412DEDDC40E9CE9C6DD605E0B719FADC416CB15AB3A61F9B5B9B9426E54F8
310
1D8B03DD950946D432B40CEDAB7BB5AF11213CBA73C9BCCCDAFBCF06127C7980FE6D1DC9B4DF14832D6568FEAEEBA76FBF438300B541064ED33F3AC0B0D10505306FD370AED02859234402F6C3FED006766DDED2034D90D119057225EEE3DAF787EBF30EC51ACB4F551678BD6728E1944730C095F13E4D81A4DFFBF67C5BEE
310
37E62A85FCCEC6CC6C7BC77A5B477E22223ECA4FCC0F87E2A5E3EB782BDB25B8CFC6736A044DE5A7CDA604526361D650484FE283B77EFBD65D52C1C73C4F48E7D0D81ACF572F2E2280F98FB230508FA906B42DE240ED651B301CEC83DE1790C9FD96B6CBF986BECF3BD332C18EF627A0B6EECD5B152E02088D03D828AFFAD2
310
6B05BF671B4F9A09A8CE0CD2707F67F2A4B3BB75B9ADA331C1305BBAC182FB4A79820B7EEAF73199B8404C0B81231CDCBB871B80FC41FF5860E8E108222A1A076C29E6E03B6F3FBD4F1F295DC457573C7ADED636D6B7B8C88413DDF3B327E1046AA51040B40CB50C7E3F1D2E44DAD34CFA604029BFFBE714DF0C069908027E
310
B275F1F366C132E1A7450B04011CF82B2B647CE754F650FF6E25BF37AAF65B7BDA16CAA791F1D09F6CAB989EC5AB7809BE145FA459E8D3E4B0FB47DAEF093B946FED585B80FE1A0305FD5330FEDB4FDF79FBF6BDE81D8300CF6815E5F9896552412A03F31FCDCC7CB5E32365550CD9365FDCCEC8752E943161D78047336F8A
310
F6539840A1F2E764FDA2970999F205CD2BD1F5CF496571F76EAEFA0E1CF8FD2A55FD06391F9EEF8B9DC9994E72BEBEE1FC928E2F223EBA0FBFBFB4F2DF137BC894B8087643D64ADE6EDED67F7680FAC9060239E845FC94AE93D880F994FBF71FBCF5F66F9F32C292EA900F9C1E6F1105E81C5B5F58A067A448143842008D72
310
75EA3BBA3D2516FDF02FF79260020D6B3C714711F3CFB61BFF56A826E627E82256F7400FB387FEF23C1C1E77FD6A21EBB1B2B35F2F95E7760BE1FA3ABB3A981423477517EEE36FF96F122B942F6FB64D9502BD1B9089162532A2FEFED255028FE653C9F46FA321E0B588B7DE79FBED07C44106CC85133CA65190543004D01D
310
02D8181DDDA5A9C91A7110805B7875B689FC3902200FB192E7DFD936B37B57D9C338BD49E99E181F4E5FCAB2ABC1CA7AAB382CBC7D515457CFABE6FBC63D525E5CDF74B16378B9AD6774A58531912D232DF01BAA913DFB7D3AAFF912984302B84D0500077800D26C60A4742101DE420C610C2E92FA93056022EFBCFD5BB6B3
310
8651470CD33BD87630C05831BA864C85997B8754B05167F0706499DC442FCD22592AEC2ABF3FF13F950039BF159FA9B36ABDB2778EFF83F70972B83BFD3F4899E64DD8346AA495CB155A7499F2CE39B0AAE755125EB84FD8CF8D8E4F4E9FB4B72E8F1DBCCB98B31BC4607C2CFF21C8145FB48EA0F2159F86A3098415609554
310
DEFA7B27EF1301033DD06D274BAF6821D220DEF96FA4CBB60B3CA241C021D38E1AA76B4406B4767576166766A6C7F77273F5F395291BBA19F64F2E3095C14F3E60371827741CB27E89543857D6D96BF9A47C6A9A26057840332EB843717AAD171880217B71FCCC0355AED3D4819911F79D0EA8AD6DA31A83E36C5DC2D47029
310
5C011302387069158F6C9966022367ECF1D00BA9BB95C389AE7B6105A1FB640689033A7FCCFFEDB762189103A61C3A4FEFE0D6A6B5A19EC5755A443AE78BC5E9235B047890A65919A0D2F96AA3C01CEE913BB3ED239C3E0CD8DDAB99E4348BF3F8B977B6C43DEBEFBD7721A839A63B94C06A10DB87FCBFA3C2932F8C26F88B
310
6D6BB30C3C4E09AFE40FAB52EFAA1EC0316920E031A46D65A0FFE45A673432E907FBCF86717AC04F2CD0EF512D665FF53F05BFCDC43489F150890C60A8E0314E70A06F619D30D841189CA15D3417F3CD50191AE4396543F0C42BCFD696C58DF163F5B46D708BD5FDDA5E5E5FDF9401BC4F7E00E8A17520833D1CBFF495B5D1
310
CE037C664123EEE74737268B5D1D3DBFDA6AAD8C08DF2C0BC7A737E10AAB2A7B958990CEBF556CDBEE823CB09FB344143463C630CFFF585D330CF0320E921744A7918280FEEF981161008E9FBC78C830217A07B7D6985E83F9A79884ABB5AB383B4D7D788F9FB3D867A2112A43F19042B33A108690CF6F472F8661CFAC9714
310
78757F6E6F2F7AEB82FEA85E5715941778B278281F28C268AB24BDB470EF3303E09C359E9DF1CF990D8A096106E6A66C8620DDE7D281DF0B2831F20439A30D68386CE13E002F7EDA8D7806162B205D6A19AA1FABFD6B1B400EC2BFFDD66FDF7E8755B4883C043F43046C1326136680404F1F934EBDDFDD39CB58A98DF1BD78
310
80E0532E671FA1435E9D6EA5E9071000BE8F262E7C4044FD95D5FD526EB40A05A634775F32205C3D779FDC168CD5E56BF982508BF572BDA4F6F57D3304BE9EB18149461B12F760D7485891CA47CFC44909136FBF4931716A2E100123FC6CCAA6A644F25EDF4AC980B14039009BECE8B798BF69A05DC5B6885CD23F8E13A46F
310
F0C0A986D617F001C52241801E87C2974C31411DA3A5D7B6175472763D637D3E57C33B908F867F4A59CFCA7923375E5F027A983E18BD7BD4E6FDDBB2250C1529F4202EFAAF979DFFB1F2612E87EBEFEC58581EDB9AA95AD1D7C1905F7305BF8182D5BBB524D47C4E3B81CD843220DE1E6536497C0962C225F75A2D6A998303
310
B23FC501F0B3F736EE1FF01200FC8C99F5515207C9C40081DF304C0A17D06E26CCBC5B3C47459308178301FA8057C2C0AE9D99B05F038828B08400F2E3251254DD7EB8BC4853B101F99AB48E387457C96951E5DB670648BAB70A7B04FE93EEC5F5B183F9739C98952C6845C380D401B8FC86E70A20744EC720E09D35955D96
310
A9041720196D183AC2CFE6AEA816652D0234883D788BEC8F5DF2615261DB031C2381092401B48D8D2D870FECEA9C3D99DDB036C8A051058030E32190976718C89F031DFBFF2EEA3D88606A8A19BD0AE305BDFD12BA4FF46F1A0002B07137989C748936E9DB2C91F43B07E4E4D16C3779CF5A4FFE8CC981F07C29E34B7C012A
310
F0054FAEA4A6A3D49D3A16D2B3CF220A029003366663053C89B3FB1827080DEC2780076FBFFD8E39810CB0593CC68B5D9009F2D400418028B0BC6CC74067E7C9CC0C2690FBB084AA5254A12AF63543B35EB40D17B693F7E3464D5094C00AA9E04E0E0524F5C35C5EC6BA94B21AAF2440725E2A9FF94FE7A8F0E769EB83FDEB
310
039B631B18BF396F5C13CF89ACC02C387DA56DC3B1CD84B96CFAAA37B55FE723B611062258257D331F186AC93D8AD600B4FEF4AD777E4BF68F2168FF08C081A37AC13446C859964803961928476D78F68419390D830C1935B5C2A0A22A3AB17D3D6428BF12DC373B8D464E04C0A496BB3B3B75639DCC2500E0F0B15FB6F47B
310
5A7ED0183A87CAE8D535F2EDBD4B3B7FC762DFE65A07C30B2851DB890082ADC07131EEEFA3DB7DD5CD32C0860CA83CD4B7993A175F422A8149B1C1D94C1145059D9C78A8A572A90B7C8B1E3392FF77A80C50220880FF3669004E90F101740D2B808181455A044904674E7482CC3EC85C4BCE339404C0B0BF6A5611E4F9B815
310
7BAB6DE327EC9BFBA1B4557ECB609C1F45326499EFB90EE78F18227F09E563C9E63D847EDB3B68EB9C39E95AC4F7ADCF7D87F6752BB6912040281E4A0D8A8314E80D60470999B8A51FB1488A66A9F3F81FFA61C83F4FA6969E472288FADFD61B005E0EA4284822E018911828E868614DA0C36E11F3A051070BF2F0840E35F2
310
00E2C0C80A776CC9E7E6841C0503D0EDF15ED9AFE527E798D23BEE5F0604E58DFB7099D739BF0BA5D332EF29F1535995BDBD0DE681C4F71DFE6A7AC5A13554AE6910963E9ABC9A0DB5B202225545F5CFACC942B5B93C207352B6E5310BF349AF200175D7DFDF78F6D683B7C87E087FA9B35812C4F8F13452CED610A2207541
310
E6D659A739441F3833CD0C9C3C3DC2B0712F62333C4FA9327C9CA1124904B4FDE0FE21C119776CB0C212AAFBA5CAF80EB43772ADFE77CD9FA8A4144C54C2FB2304C65F62FC3678E4F6C68F30FEE1BE8383CE7DB86F58B1AE0C51F0F055E188D02F00911DDB0991832228B3172B3E623E513FF1734FF414A611A603163F401B
310
EA790FC9FF7FC3FD3DB02DC00184145B850D01D120424DC03C00FCEB7880EEEE939399F1F18DBD4AA54C939899304D913CC2D5CFBC55E50C7FBE4C0E14AEEF53D6843DFF56BE2D554637EA047D3C210E2C61077875FB5B40E19F43AB7470CAFE1C0D3ED3B3B4778D1DF6D4F837C08747180FE8394F2CA1E0A46B6DA62CE2B2
310
DABEDE0B1924098580FC16B369730E9E90541D3730D47FDE16EE1FFAD3419CDA05ED1F2715C607F2E81893AFC5936303F40EB776F1D808BDE393A3FA401E1C706E154C892860AD74A2949C409E28A8FB3349C764D13E4D1D3468952B7B1B35001BF41142CAD58D6011C8B78961EACAB66E9AFBC627673B61FFDA4167950A27
310
4145BF11EA17BA9AA60815C2C43AE1F648E3772E53C94E6364AF826019E723069A8AA353A3BF7FB5359281700061FF64C28C10B9AF0B70B0B0D30A31CD1CFD22F68C76DA1E44558869257892363C091D313EFA46B57C3BEB252E9C6BF5B4799EC58F1910F469E25AA17B343799DB3E33CF410061F96C6D63FA91B1000CEBB7
310
D2971BDD39A2A76361E000F5DBC1688D47CB812DD60F8001AF25B328D173A9E4BAC18CE9F1F628704330741B2649B92E9714447C68559C6CD2F681919367E4811100750058809D0230C087A89FF3C80C23C4C60882E481F48D531764BABD5CCECA308DE2F63D3BB50373D630796126803C2D1FBAC148F7592881B395ED7D26
310
B7DD38D7096AF98841CB37592561D9C6565317AFBE9FC4AF7371E060736C7635E0CBA1809FC80F544DBAA1F2F9393D970D44C0615A0C6930E758B9E63AE690F73045F0C8C0731DE9CD80F718E94652383458799E02C06D328010011C7090D8C5E5336A83D4059953877EA1E1D66FBE994F04608C4C991917230FB61F9AEE18
310
3A40AB9108D032449FD1A7283DD25ED15360EF7EA9303EDDC0043403531EDEAB10DFF87F5E2FD56DF0F1B701A9F614DB17FA0E0EDF6FD0B1622A81FA3D1DE5A33F551930335C353A87F9AB05C60455193448246944A232C5D07636D864CDD7A50D0B4440CDCC465D1C418321F50E1648D500294065D869559EF3C40C8FCC6C
310
323E989AD0F0C73142480B200842802C061008B480A9954AF282052B3AF67350FD0DD30D1F4075AC303A5D490250F5400ACF479656861E4C77AFF327F3EBECA4B57B6B6C8FF62602BF150744656A87DABD7BC6BED50527B2120C001A0B3718C74F0C65CD34F275164D7968148DDF259AB8AD6CA81CDA4E8819509B996A7F64
310
2D987A401A2B04018C01E6C169A8700F9DE3B489DB2BC49C9B7B858A4F50D22AE15428FCA4A1EDB20C83492690CFE361CC7F8C8066FFD0D77AEE797977F468A36E0B0DFC87F90EE6348BC748F7CB73B5B9DD5C6EE7AB19ADBF6DF359F1DC2A0F9E44F213F8041F64274C0859A2AB7C37440FEDDD2F95BE44065F22067E3EA0
310
CC3BD8C0D8194EAB291CCEE20B9CD8E02950AD806080047A279F19024C837C848816719AC4A34DF8F0706CED904E8185753A458A27E4C1E37B5F30A104932BE140E0BF4E400160F320B054A8705042FFC47B4940810173F9C9E97240C7FCC3F3813EA239B745DE9F1B1F3FC2F9330374DBD1A7B475923F9A2ED81716D18D1B
310
577DAAB9D1A0458655AD3CA7E211867AE7C702DCACCD291E0F798013DC01BC326087775C0833E04EA3778FBCB8DA4687A0255CA0AD210C15661E4E92001A4449031D1DD27D327334BE830B64DAD90CBF537A45FBD4E94A7A88888E715B7E74FCD040E818BDC1BF5AC609CCCC015DED23877080FCDC47BD8EF3A7B783A17D33
310
F3ADEB6D6BC7AD75EA7C7852C5B6FDADA6AFEFC2D181C03F8C40DD8A4AB5024F0B72E34B57BC1182472DC80946789AFB711DB7F1193C03C893B0345F420246114D3EA71D04FBA731C0DAB0D3CD311B218F0D5A15ECC105D02F3AC32F13600084731A83220040019B03180634B5923D438300B05BAC80881F061095FED5D572
310
A3323ABD83F1D37A2301A8C930AB3F66ADF7CBEFED30BAAD7D78A06DEB6A87F15491F5AB7E25842B6B34BEFC12C8A159F187C64B3CBD2356DE5FBAB98BBE9583F0E3280C0076DA15BF34C15238145742B07080B1EFB83382F9FEF2239D003541041083C5AF9EF3C8944DC2030BC3ADEDDD9D27475800693049E05413BFB3FE
310
B4308731512F13400D06F813368A0101D8D863EB3E75FCCADED124F532AD3F123F131AB46A93DF1ECE7F96CE9EB6C365C6D6A07EEC461FC919FE288AF7AE1A7D012D291EB073735FF26BBB1C99FB706E972192819B7A34BF22424BEA1CC7958AC2E04BFC8E02DB90A4A1DD04811ACDBC181037864672C78F6C0EC3073A40CC
310
49D5E813593B7002763BC6A909D31AC86F3F6E335C9E1C309BC58F16418642E2AF6B290A34FEDC0CFEE08FCA0F56700699CB73B9C99302AA17BD516D7F1FD755A2B32B3FBE7134D3BEC813195BD355020A7DBB541539CD2C06E45F46FC0EE08293E6C0E1972176D9B678340AA1A4823404EF79B1E2347E47C35D0A2260730E
310
0B513025DC0BD1C07E3366E9B9D17F767405FB531070700035618606F0B40C73C974CFD321B0C174A80C0F3AA54945FFEF348F5488895713E89B5C98DA501E06D8D24FF04FF0CD7ECD7BAA755A854EC6A180AD13BE094E8D5D63BFD6DFA5F5D3E4DB1BA18FD8473DC6E17FFC9832B71A2A94D96E808BB53F9192955D62C82E
310
282B05168AA0927D54AB20A20A74800B7CC9655C8B15F62377CA4C91641F9F4D0478F4FEFDCE273A002CC0A725EC165CE3A149F0333E8E9600B2C05A7D15FD831F0938DBE5D0FF13E3C0F0765965A0961C3FA86DEEB0E28304747BFBA5FCDEE44C23544F7BB7BF7A132DDE34F99E44EC3FEEAE92F667A10F7E90B0E8C6442D
310
F5A5318B0F816311DB2E6DC6F172C363FC800EE09186BB9EC82A24C0117700CD884AA42023B81EA6E0CF8B3056411110D78606EBC5AD5417B45BCC8E61EA01C4006AC233933E35D860BC1B6CB9C9CCCE7840D2E0C1C1FFC11CCE54D59300F2B47D66A10F09D8E24B71B9BDDF98FB62A3B897C53EC88D16D1FFE8C649B17BB8
310
E760EB20B784F52F992544753F2CBF642CD3C9C70D8722C197142C567E74FB431EE248A8F3FC00377F5142144A82FFC28AC2970A780C85A7EE9146FA4B2981F3C93BCB0F3FBCB6DD3DE69C72B6073B99140DE28B8E919D9D9E7C2F5FA99FC1FFD07E9AC0965CDAEA0A945FADE52C791EA989E8E7A21A355FB37E44405D171B
310
98A6E946DB26AE71DBD01FEF07FD378F5B4B518724481820890E7486E3FCE61A60E096D577701890EE07CA5D7F2B086040749FCEF3F81972E510A86359C9BB579883035887542090614E5C4461705D7CA1CF84DB564838606CF1597E8119790D021080C935A908324EDE9F60A04B7830A33F0670CB08605B8D01BF9A3D4356
310
93FAB4FD84EF6754930640C1F9D74B052A7ABBA9F502B39DA3BF6BC7514EA4BEC71D752BFDC198EDA8DFE8F32B3EF811E4576B0A2074B99B070A069F60173E7427BDF285024E35A4418B7A412914F2800F1965C4F1120A2D5D2C64400563D5942044807BE7C738EBF3034C4A6F4D70C04ED1F97673C039FABC4CFF18866E08
310
200BB66BDC9CCDCC3FFD1E43BEFC52C317F0F5E64900FBFCDA4DEE68768FFF46350E0EDADB7B34DBBEDE3776BC55599AF84E312229F931E700D04478D66A0D88D09B2276141AF0F8811C5F8067DC04C0F90929F7F1AC9CCD368488AFB965C97B855A3E2E93AE5B4866502E55991B82D4388614F2C36B8484A5FA06E3EFFA98
310
4A6AF17D5C2073299D9F12FD63826F67FC460E54030981684E9FBFC22009A3006962285FDF4FC84B699FB5BEF3736C6072F6844C15EDF25883037DE6BB7AFAD6AE164B367812FA8CFCA6FA25725D99AEC5C6EDEEC64ADDA2BE0056002032E1D7A20A54CF444E360D520A5B69816C0A953CE0434A8A898BF18E2B704588C01B
310
DB2133342F5404FEE698957C200EF54E31BE6DF4E888C9C67F5F3F1B41F922777E7FA6332677C20098C59F762F5DFE4A23F9801A3BB6F8A4F66E0D40EC867E92DEFCE84C714FC7CE8DD3DD3BDBF9C781B1C3B549FAD2C89D711808CAB100E09700BB85240374A7209212F320CA577222A7020E7824500179FC7096C714884B
310
DFD9499E027ABEB3CB0226CD293CAE6E0C41A6788F396606A073E28CBE5CC67D584D36CA39D37974FE1023253E3FFB007A26F657FFC901D851130DDC2BF54884F20D5D40A0B7E5C7BCC7CC87B84F2ED820192CCE1AABA1FF24ADBE1D03635B5B3B53D4A5F84120125FADC36A0E792D3AD7E255792CD5241A4C84171F110409
310
0017DA493D0A7790A7BDE6DF326180398E4B0DEADA5C2763825E43E05C388E184678C88CE6422606C017F030366981353DF03A753DBF6370879F79889DD0BF75408724DB53C5B0063AB6568D02DC47AE4627B58D7E367A6000267E7840C23A0940B992DB98ED1C4731B4FB4DCFB6D3EAFB6CAC7646F0335C5031888CD74E21
310
03380260AD47176D703960230370FBBF28813524C17FFFBD6288BB28E4F905ADB4A788B40B4A6201C1878BED224DE9906C4C79EF32EE679B9F5D3B5DFA137327320643909A823F62106CB8F9BFE4BFEAFF0FC7A6393EC7F64A698EFF8ACE31BA05ECE6DAB6DF124118D1D13F892F3D3530602E3F3ED3D59DFB821ECFA3D9AE
310
85B1ADAB9E328DE738BF55D5DFD039445AE76D0194180F57B15BEE5F09C07F952F9A10372BC894CF7DA12CF6507E2A8916E0DF430C519485C55D61EFE209912D8C32866214E121611E22A0B1238DB18E86636A3BFAFD5B4EE02FF1E505F902BDF424D0516907BFC95EF3A76B6B3872769D67E25B548F0DA46E2B93DFDFD5F2
310
B9E9EEE1EE1DCC7FBE6380DFBF38A165CAC73DF912AD76A4690D2B766A3EB4AFA2D05BE543EA20B095FB17AE3F1928D84482049B659E671A4763CFA567C08824913D37F2F92F841FC244085C1681225C04AD6DE1684831682CE0D6096B56101C0D4FB3A1BD3F11FC1105AECF5660BD3FEEDF162B0D9DEC6DB55AF27FC98050
310
BDDEDFF63ED14B01336053A19DE9AEF5F5D9E9D9F9E19ECDADCD497BCC57681922F327EB41FF681E17C1921B04FBAE371AC69E53F98183E91B84897A5DB164158BD1D12FF6F6BEF0E02847727BF2628F9FD48B6FB11DF6928C868B29590A0606F92140D0C08850DAA7DD8A5FE8A50389F61288AEB743E9C801BB67DBE0A7F6
310
4F63BC87770FDF57AA73FE1F5A84F8DD3AADDFC32087FBC0A7D645C327B97D65E7A8BBA76DFD9BCEE1B1CDE3F5F7CE4E6DF4013ECD7CB60BD1239E8A4E9A5722AD9C4FAC8F7FF17B214AF8801950430639A08E3ABD05A0D94E253BD5951C885B0CE750309070555FF21F2EF83FF53F4E15038B8D8A244740A5C9CBC120043D
310
A0B323FB1DA0A4EDA268C05A304619505000BE10415DE898809DB6B66896E60AE347ED3D6DC707CB7D5B5BC374A158EDC343D0EA61C217D4878CBBDC1D85686782C3CF4272E7DCFB5E9EF628F5A95AC1AC0C6848F5771329EF8DF2BB79EFEDEC8DBEC72EB7F245287FD4B31008AB38EA4D52F2BF57167159E3004CD8950E21
310
7DDD6F699FC763E9D1A0AECC701F7BD4430A3E030374066938F883C01DE40E7DAFD609345E33570F4CE6BE467FBD7F793B5AF2A9D331D86DBA7BF98067918F9FCDD609A0384B523F4413B574B818C6889FAEFC5E7B8F90CEFD62BC2C85B2478D54DD076635BE434FCADE68B3ECF1C8708E27863DBEC352D87BCC7A92A8E135
310
700CDE65BC114026DE5DB68275E656D2C0D4087293D43BB4C9C14EA83C0D806783B40DD7CD4F19EE9F33801F55A3F1FD600017A6CD5DE607783D5F74E34680E7DAB98D99F6E5B5ABC7F7DF19D8278322F6A97FDB2FADE1539BD945DDF868EE2B8B70D9EDAA45D1BB0A5801198CF1DA891540474745BF0317F8A3703E02510A
310
E94B084221F887FE950272D62D4232781054A87C58D015CD45EBF9B70E60820A2056E9D4D619E8494BBFA68B61EBDD8CF52CCBA124BACD4A4077E8420A7F36FCDAF661E577B792A7E1B7E337C7CF1FDEBB3B49F501F3C7366C1730E793F51FA20A9C3D2E9F18E63DC277449054CEADA36DA0807467D45F8A744E1BDED725A0
310
33868703F1392BBE221158220588F30574A0B0893D0515B0B7C404AD0E7F40C11D504C49BD7DA39A85A19CD7357DFC966E5D92272FF06D59CA5A6A1C8AE30E52F1247C1F1D78F81887F9F3E387075B170F9F5EEE4A7F5BFC69DF02FD8795FCFFAB472E7C88D563DA514861B85BD41594A75F5E866BE69471110A9F75C8609C
310
7E6BF6C7C727431EE3E9E3773D2378C25226E82C08104A57ED273FE0921D6990E02B006BD038263BA360355E8DC446A380F0BA35FA9945A80CF60DFD54054202F91897C241C147D59F8E0FC67CD0F2BF377A3463F8BBBABCFBD6833C57E214AC3F5AE9C2FDE88852968F20337972C7E04EE5658223008AE82D93BC37D8DDD9
310
00BD6B16EF221F0D4149045D740A8A215D4FC186C658E01994B8CCD317465828704BB630DA2243B3B4ADD3EA554A97408454148C04A1A0CAAC2E04033C04073851F54380E0BF2DFFA43FAD3D6B574F2E1E5EF6E5F4FEFBD1CA87C161FCBCF5C7AAE2F726F814027BAE10F79BC3D765D61D1803952210A9AA07F8C6BB2105B6
310
1145B324F96014EF223D4A9261080239F03FF6F4DD4975C183B887E081F7A467A25EAA0C94028FEB808637768B07400A8235D4EF33143253198900E079E3FACB0C59B00F827A5785A6FFE2FCF0C0E6F1714F11CDE5140D931D707950631F3DE877F300002000494441540ADFB08704E252AADE1BD4E8DF55796A32B9B6F177
310
37C67702E5C638682737286CB0E0A89B624D5BF28222432848C9AB8C07170C97B814FF492A61072407D638006F7C8400860444C01B1930A522788045633DFA9507267A3A42BA05925BAD705CDD3792FA23C1075C6EE768A673919EB6C3FCFE7629B7310AA794CC9C0D14A1FB88F95C845BF22543F57996E0B26C9E4C2ADF18
310
7F979F8A55F11B47BC26594C52588518D25E6C2B1CCED231EA1B748F093E5726A21A54C91EF95789041030C20FD5AD68613432E19A4D0DA2505B6BD843516E10BB00AF9AC315EE9FDB39CC1F9EA59CD88F9CD071D470C86C4647FDEDDBB1CDAB81DA94034747A779F4CED497CFF817348F69F52E55490840E48840BA72DB71
310
F3E84F6DA2F4717AA928F153DA6E4C7E8E00363CEC9A2E1C8E65F298FC4A52F087FCDEE5CBA38A80CBE11FF7BC2AFF249203FFAB77A128A001B1987BD334AD9B901890A8C2005B6B248196AD09C0025ED841325B31845032E327C531C839E66DBAB39566B631C2FF0A1DA5A3CC47E665AD8751B47CFE33899DF047C9F3C365
310
E3B11278D49DF939298E09002F6430F9958803309827A7C791048CA070061B7E9A64C557D235F83EE24822E5EAB805F9862F20FC58F483DC0EF02181F572930205107E00E523861895A2811309808F2B6C14B2AA579E893753C155D2F54302007E9FF36AC5FEDBCAD47E182D91A73920CFA5C18E01F8FFF4C3F1FF553BCAD0
310
E58DEF85DD63B91BE38ECE1A9FFC4AD4A1FBA30D462C328C5A0340DFD393D3D3D3C0659195C96990F391EFF4175213BC74C020922D4830FE215E76940962BC0713A3B82784C0CB6623DC40D6E1485BAD454F6892200B225096127FBD82D2B12006BAE2E329C771E25FEBC0DAB3B5395289D56D7A8A89081B34EE06F80F819E
310
FE75C67DEEE95D227E283FE98A7B9F1C97D2D05B4D07A469153C3DA3048EA68FA667A6D90E291C7D7E2D063E4D044964D055F2DBF3E31BB851AE9F78A0A7314F0AD24901F581D74A6929142039C65AF5830D1C809536CDC05E4BA51038F79D713DA930CF18BA3010E385351CF47F74D439BCBC793556A1F99814926AF12835
310
E251C59BEA3C083EC2B2760FEBDF4304C9EB87B35769E1EB24B648542CFA4EBA9EF93CD42F03C08F249A2C98897D8E2225E90077823F4A52171A61219998CED6FA050992B6B0A74A2220ED12123004FB977084208F8E2AFC80F456CB110BCA647A3A0F854085D84FE0052BE31FFE7F925610BAFEC06FC33F9931BF063F39DB
310
3D1BB20EE357F594045F4226131578582CB055A59A073AE0413989D215019B6EB8A21CF154D71164E0D8F4E730C2CD382D098DA5261456A425643686BC8301710F2C50665881399156AA2B4C3191BC555728384800CE10040F746A3D8A80A5F0E500A93456FEC52833BBB45203DACCA37FE1D3EE4B9BF0EC27ED47D89B8266
310
F11EA2DB8B5A8BB93EAEDF0C06B7AD0402B9EAC6E787365535AF19F15158308A9D9785C1BC1C01377F8C6B4D07B50DAD25649764A91DC9812C7B34CA98184084F7C01055466B48058CD44085AF26648520C85C41C67805462D8425680425559F4440F3ABBE1F3F81B1EC72708767DDC8FFB6465796C8FE310FEABE0C9B242A
310
74137EC3E0427091967023299BE5D6D4D0C6D15747DC2AEA4ECC57C72856E827D33CBD319D70FF854369EB841282F84B7CA4881447ACFCB257E252E00FBB3272120A75B99119840858486615636E0E0334031AAA8C08A62E080053A0AAA4158431EC727A084021D41CF5D630C94184F6FE7432E8F5F9A4FCDF3EA7CF136FC2
310
988093F98ED622E38E4976E1BF0CF49D2889E6DF3566719FE1F9B47A2D3BF89C69155DCF24F88C609EE551160F0415900B4C48FB013D8900A9192A700748002924771A3686A0A580FE4009E00ACC090253E280B90AC15048E047020483A038A60ED232831F2CC90498648690D960C48E439F18F4DDBEB0B6F5AC7B7B89F623
310
0243B4FA160A7B9327F3AD5D937C8BFFE5FF8B3A5E64283BEF8EAB9F71159514CFED62DBC880614AA1F7994CCFAE7D8C87057F451733699B8DF87056E1F0654B5021E38097E4E23221B810DE20559AD183A61C2C88A648DB096081E9801CA00BC1DA0124E08DAAC15FD2936905CA8DA1C40E42B13F1764E0C4015EAD7F8BFE
310
C99A310B1B7C0BCC7746D3C0702759C89EAD57122092122D1F857067684A578F1DAB7EAC400841F493A468113282FFE42316CC74C756B1C880FE78795C692813CF4644480EE9B02991BCA257A71861F00666D9410288487618D120D0E80D7773E2B7DD180E100EC98B221C94BFC4FF531A09B986230F1CD08378A8E4D0FDD7
310
D9B1BC75F5C12EAD7FF83F3ED19EB018620303C217A6A35D826E72ABF2D8E2BB1B783F6E48D2E3F360806E1D192085D022103473A10375B63853EC54F500B5B064DBC20945B88160DCF7E4F83A0200BF6FAEAC88E9F54D22D898E43F378D20B51B5D6B1457000922202800DD401A9266483029C0D6D57ED80D42A0E6E08835
310
F0F3AC73D7FAE6D56185F04FC44472B854EB7D9CBF7134DF3DDC35A9F6B38417DD6F508B37C1A718B0D054124176F7222F62DFB327F34D451799D56216880193254FF782D7DDE26C271BF38C6E422E271CE4AB8823C9510F021126A7A944E00DB4031D013C88EA0746C96D4574069BD5439C4110403B40020C30B07A604F1E
310
41D19C21A93FD9002DFC35F23B1E7B98E95E38387E3603FE7393680410D702FF9ED5A3C5E5CE68B5827D721FA78F3A9A0C08A79722D9C9B418F46C0057BB1640C70AA4A03D29CECF33987596D53CFB27B32C3BE304C540E14BF8464E080918268D254838C91A01F0FFB99154FD8A9C0495EAA6534A6C464440B4A71E16100E
310
7405088122A35F7A511DC003D002E6C8E7E15F6D1D2FD09014139EC11FDC89394621F77B9F88EB5A583C41E2FEDBC8F82334494C0BFA97FF3C3A34ADE60385B60E5A30CF036E5E75370BE3B83AE73B3B7DC0BB337DA0045299ED0C66681E4AE223D01B1BC3BD4C921E2005FEB5114739040758189BA8A320067B62A3995E47
310
20055065AC2B4A8006BF8CFCC907C0063EACE41813C5F017065AD46CFDC6FF1BFEE052932CA3478C8E5A6F25DC8503D40F61FC1B047E4DFFE8E84407C81F1AC7B5C79DA358551CD0D13785A9AEB38D6EB68A0A8087FC6543E7471082873CDCE5CBEA1EFC5CC0579469E225428E9A43D6A6000B4219DE52E8DF00A55F4BF503
310
5960661C2DB88AC1F67C2890A93FC420193C8326409E7B595FBBBA9AE1D1511B3F6D65B09AC10A71C2317201A603E88C56CC68C91279E83F5C147787EFE6C675F00941D23EF092920330982DF38C65EDFCA89DA98E8ADDECCD77CB86D85118F3DD9884820B1128010D02F1060F582871CC8FF42024C02239273A1CC3BF71E7
310
70DFB7E96081682803188118B50310BD620234F230B12711B063E0F0490FCDA9248B580D3D3DE944A30CFCF2A1E0F6E59E8FBEA289CCCC943785BB8880ADA9C2FD70F6A13F5418444E3A669273C006C4B4EEEC067827539FFBEA9CFF04D84E7F170480037005AAC8829084329899F90B5E013927F8E646514B4824B01D11F7
310
2C012CEACD163B6358A4454A4221D06E68A71062520649BF9E9127D0772D6E5EADED52FF216BC2FC513C7D3C5CC4C8AF009811826AE20203B076A2AA66D8D32E317DEE0EFC000FCE16D9E0BEB17C74AB009256C5D8AD1CBABBDA61402612C675FBD72D07E633B1A42F2421208CE01397560811204306617A5141706105C9F4
310
984C459F2D0F6C392FA05BED808512B0B9A8A9FC6CED89640EA347D31F0DF76D3D9E61E800FE9F7601BE4C9614A1C58E6C839F13A12D0EB426DE6386B82369A9E6A7F1F9146EB578A2EF4289AA109B4F6CEFEC0463E0072A05CC9DEDEDFE08407B173B8AA65399C80B2911252E6290C82CC1B8909140C11B7AE161B42B9390
310
5045D017E00CED6D27AAA15F2C2179F1E83D411A7020B9408D202381E7E5DEE5A9E7E5CDE3B186433F488AC81554BEC09BC579018ADD1DCB3D9D70F02B14BF9159A4DA376225FE43DA224FED327941705DA582B2FD1BB5DC0540667B650BECDD1D5DDFB0C7F36DEE2B94F6EE2EE4E426F20A1174C31DF153321A24114C4FFF
310
25E505475F6906D4149B21F1BD9D9DF7B059F8E0FD83323CB97991FE80EE131A9003B81C491B218B1D42C0C0D593D9D548003839DC29A740298B0C23F0CE14BB167BD61989AEF0B985C8FAC8F923A73F31953989F0F6C96CA6C4D0A9A88184BEDBBBDA3BBADE77CD8E2FFEDEEF46184A86671D7DDC51417477BE9F04804F30
310
5AC82C2D018A21EA903866A0F959FBD4139916D036635EE03DDB7408BCF0627A03027AD314C09B0A27F0A79490D53839D0DAF1416995CAB24101FA63F75029D57A4CBBA9FB4D120ADB17FB5A999FC9420DFE04FA670430B90FE7F589F7FE8D50A4B5F004CE5F07EB4EA007F8AEAE8E8EF7DB3BE2F81F42166C7246FA9E62D0
310
2C8209BA1024414C483498B50229FD923F2414040B2081390AAC353B5283EADA12A30B1080866D746B9ABF5BC107F33C2A015B275480759334B83AB02175EFD0DEC785DFC505E0064F4EBA5A97073A74C5C9FEC97BD25D819E28AEE661FD2732B8BBFB1BF13441B3C1F45E8AC1752BBF80C113DE960E0AC7D9D02C58C80505
310
A19BA0E84B14402601A590A4AE00A825E98C3212342302EE10FC5100681F86834A2804BC409D70270A2091DCE874B16BE0706C974EB3D26EFEDFFCA6C4579AA4DB781708469F055532A7046C6BEB0CF39F3ED2EC4FBCA3D00EA91CA68FD2B87B5C191E0EB2C300F00A1C9881F263571C6CFD83D079D09F176FAD839340CF03
310
0F70458F81F09AEE1329505150CA0A00576B56C06D58070B23086F685E44232D9D53DE3FC3731044F286D19F459351863F749F1104198D6E14BBC68E17CAE70D7AFD958E350BEBBC70C9C4DFBA075240DA27D40AD7DB063A097DD3F041EDB3E4B682A7A12A548F3393DB01945547175879989302521EEB1431B08759B632B1
310
74E0F700E774FCA1BB83F95029ED1A084288C8893520E49415E00DA080AE8027C34206D35491D050A4C6B080F6A20889A2FF82379AB6234F6710C05F9080ADF002B9C9F9C583AB220F45D618D7E7F7547FB27CED8A8B7A7D24EDA4988B0C1C2A1AFB53FDC61BF3DE50D63C560F0120B0372F0839DDDAF13E583B868717C1CB
310
8CC71D1D7F440CC82184803144196EFD58BBE00B7EE77DE8C015942357FB06FC906A5E2B8882CCF9FFE184B0035A5CF186A962A63F84B3AAEE3D5A2C830008807568B6A9F424086D2095A3E262DBF124350082C4B5DF4704A9D2C93553DE47BD6766B69349610716999FA25854F759CA9792599D3837ACF6247CE8597B0F96
310
0FA3EC45B61715050260C5844FCCFEC9666BC71F875B17E3BCB4CB151405D7D08F846B4CB952248B4603CC402B609E90F0044A007FA800EC46D07A51232B00E5683C55D5096E1374DA4FCBBDE2C25A5B8D26008227CA7758033D7D70DF12CAF7F247939F93F1CC63047D63ADA0B7CC8771B234D8095FCDB577B586D1834062
310
035670E204B245EC093FCBE15626C10D210CB38A13F50E10A0D5C0814B0C4B30AA9858516001669002229618F100767AA3D6D2528595FE7A398C2D2300ED0013A0AE60B91644A057327BD3C36BEBF48C91279B45F8BD145494674AFB211A91977CB838DF35DCB3D6D6AA2FB2784B591ED785DFD7DB77747DAC9D2F7674810E
310
FC2895F9ED8007EC7885101679C06F21E4B1C8A6120956F80518D1DAF1717BEBFB5803E20C6F2A11B2E48AFF4AD2810A70054623E341B3D1ACD92DA91150DE631EEB2C28882D092049C0DD38E262A7BD6F98549930C9D44B7C37028AEA9F8C5628A2BEF5704C0DCB2B428181B1BE766F43014498D2E57791E4C8DA6BD2ABF5
310
003F0C40202E2E32EDFB02852D16C30B7F646B98FDF86C7891690043128B0A0DE6B4EA27F08C30CA34C9D0AA0852A5997F8D11A6EE84E040B20472020256F4AFEBBB74E6705A12083B249089218E6452C8E5A69717E904A3F5EF3D5D08EC1F4D4E85086B238CFFC11AB9AE972CB775616C6D1DE04DDF073B4DE3747C41FBAE
310
6072901CAD0237100670C5A00C2C3CE063610ED824826C1F6650700E88C00B62468903A0D71D3A390255AD7040048348C56C4647413C2C2561216E0C469203EF06A5B101AD40D0E207F78B124747DB5B4BBB4E88B1C373C114E0470B345156EDDBCE1B4DBDF81DBC400746B0B54E05F693707B89A5E430982C2AC7D10DFF11
310
D5B102B9505034B35D07E8E5F585757F088B390F2D4C85CF7218E8418BB4F25B885053D07D5A908326809F31D6CC6B77CC948413B28664484439D118DBAC27DB5AC40C1AD166F25E6A2F0AE82100C0BF220405323E1FF80DFC518CACA8DE1003F3C9FAE9C7B2D60703A0004F8EAEAD2DE0F5485452D15B77B4B67F4C2403B8
310
D8F9C533558ADE058A9E177A1698F75DC0EB4C800F74C0270178C8579C1FACD025F0560844502D2BBC01E620030CB93636C1041636A693949CD80139FD15BE107F905590A292840F8860706D07E2970A2F15E5B13B87C3143CB2930374CC46A6F9B9D7A5CCCC14E11B9E879A49FBE27ADBD6DA82410FBB94FAA8487D61B51F
310
4BE0A03FD08743C31020D6628ED20305A22C2C2FAFA7ED1E7881C438AA5B9035F20759E243C51F34D0D5F02F11403B9E204CC1686C0B6C9000470561519CBE1B0E4FBEAB37A39EE4B84C05F023858779341991F36D9D9F351E7BB3B5ADF00148D9D05784F9AD8B037D48C01BFA83D4247F03BB768BEEF973A14E610090D4B9
310
6B1EEC5C5E66928F28EBEB6CF578B067DD83086081579848E60DFC7684044D8174993C39F886043481F6A2B743B18749E52447CD4D230513032D20D20206E536E15BCF7B7D211634F98FF9986287F33F9A94615A5A0A7CACF8DF5DCC1AC6EF9AF1945EB78E0A2FED1DA2ACC00EF983F9A012260BD722EF61C9DBCDD8719703
310
ECF839029010CA0B9F100B1D2842153E01A1A3837AB579516A31982FD2908A09100DAE591016CBCD4B011A2F4DE299E1338CE065DC4841BF9895D8C81714800CD08F5AD39601BC929B55D291F6CDCEF2AB40DD5D98F4E6F107C47AEE4A09A079C05316F479DAF4C2BAB83221BCC0CE23FE3D3D4C7BC9AB673D89A3677D6020
310
F6E182332028012FA0FBE0B2668FB85485902A8E7FA0BA2105C213E20BC2169211A4BABA7D693C3F1DA961F203694853137073AD5CD25F1C017DE0477626D7BA55B88F83B5EE513C41D814639FD1BF759171F4577D3CAB0C3DFF68B2D3B1F8478C18F67BEBB2598FA76A4545E9E961BACF657E0791D2373030E0EC9FAEDD17
310
BEA7703A738185D08236C407448A4CB504CBF01FF43859D3115488EA01B55078000DF085911805790DE1B41B6F8CB2889C3834FE02AFE07D85143C6C008438A944EA63E047023A7EF37E13B0903AFEA7BBAB9579330FAFDAACD540022980B65A75FBA17D388F1E6576405CCE7032D95BDA420E7DC0EFA320879E5F8B3B04C1
310
D2D9C1114210C19FCC49DC6A855E12010184DB8968109ED016E4683CD552A36B3AFA13BFC2114068935A7E774CD2C7225642B73325938052D8634ABC18DC9442BF9E0402E85B42F9F3273672DA8E8F1070405D1DC3248487574CD98092B8B956E6AFE1566530B78FAE05B4A0DE51FBAF85DD075C7E11939F80E015A58D1F87
310
E400CFFD2306C4D1D3C634380A201545A92BE01F445800BE12302AB477BD6F62600D211232EB061448A0D2B877BB940D63D059C37E0569A83DE93E214F4BD86209FF6F479C640AFF8AF6D1BFD987D029A94DB7C329B4184D4BB013BF912FB88FEEF913071A8D82B651BC10DB067A7EC52FE1B421883144C00F64FA23A11CF7
310
08BF16CA59F18D4C04B8085964B2D8DA4A855187000BE440BC816FFB13374640B0EB1D0998AF38A1AEF503F14302E2811081FC12EA6CD38A63B33035125F40F170C0B0AA45E9FCA38FC6D688D48563B5C4B4B7C359D3C7AE0EFB16ACD5E2FAA47EF8307044B4EBE1C71E84E742D81431FB06B90B600B9C239E277A57C94C42
310
7EE10E7826980C0136600D916A06058CBE8604DB4D314FBC014EDAACD0820F14BF75449B70339490FE5A0491221BF95F949DF1235380E969AABDBE2D32EB4403D3FDF17F42F9A0A7C28ED75BE86BDB7C7EC80C76F86B8800F77B305EB88F00A4352E0F8089EF811EA02A3DF08F7DA008F803BE4B4EF5F41E56087099E92070
310
8C3D720916444440FDFA013D4E1201414123A09290F5BD7AB729298209C4306D007BB0829FD4EC3A6D7E4F00B67DF38CA0764F832F0448E58439B952CB4F70DF964AFA74CCFDBABBDF273E2FF4F56D3DBFF2A78D42FFF2755DF307066497F44062AADFC0CC546F6DCCFECECFA232E14F408F05477D311B683A35BC245FCF8A
310
5CD2AF20022C21022266905A5BCC8B20235D6FF04019CC04058AC80023662E25F342063165956320BE50370F2A657BACC817DDA3DDD3EFE04028645780A768FE38DBA88BF2EF3ADADFC7FEACA952E5A77568ECF0C971DF32BF1D24F8486B22A649EC81B1B60315CBEFC026091CA45F858D7D04C1B437079431E63E38F88075
310
8842E780A9E03791C0FAAFE10012588C3C592FE35461A6047802BA18686887023A422A49599399893103942CF6DA53A8E387825FA0678B261F139F801E2B17C901D0F5217E07AC2401A87D0480F753FBED44FE949C93A1D042B879FCE499B3D861AEB23F9C1F372F0C24D0B7D6E70FE1AAF60F84BAE642D82F0A9F53E22783
310
915518494FDBC0AFAE7DA282E5050B703570E06319A015E00D693A6BEFFAE493941C3B08C13B96BD20D0115A9565701DC58568A3009DA13E965765C03091F0FF339F7309D44F6E61F837F1B1FF920450EB8FC48F9B40158BE89C81A597CFB0DAF5F5755D3886DC13D4479599B583758CBF35663AA234F133F91D3BCCFCE0A7
310
94367F385C59B19431780F1C099131384056616E15A1563B50021D369C593FB292685A68A8B2A50A0A2085CF05434617E05FC24A6B077B990014421A68401AC4D65788EE25F737EB780D08A6E38F060F2ABD889E1B889C44852C2FF368C1E3E710D73B6589EA83F7417B341ADA1F639A23D15298F087AD0326410E116C3A1B
310
325218433C71AE62C07C1480F1C045629724A076A4BB8D622D24690486727F56108D07046DAB065000678E04C4F8C342DE27F4AC102D854F2D08D59B4ED0E4F697B0FF62F113646BC5B7F3131D4EA8BF8B265EA3F2026E7061B96F6DF3D993276B2180B8E57067587428579460551049049B074CF8B1066C7E14C705F0B392
310
98C0997C17F701097023BAC31081390196801FB0C2A12380042927503D5A01CA127F9841B460310639C674BC8CDF1A320501448E0068905B07F6E5602F8C1F07786253438CEC51AE61FDB25FF71B09893AC026A9EAE3F30F369F5D5EAEA5801FBAD3C98B38C13EE017B054F81A56F05259DBDA64FE270B1FC4C77200FE276F
310
E814B916E222575ED717A62A92956504605268408CFE13FD61F84252228376060206802B9550F00B9D47E6AF1022538A752CF4FFF1F5931384A9FF8700EDD4FFA2B93FCBFABB3EA6C607FF714B0B8B04EBBE83B52B246092AB018C0D0002FC490849F1E214AE6FC42009D6D86616C835B65DB9862EFC4480C14137603C3089
310
D0A5588FA27E693DD184131BA4E88C35045ACEF1CDE1A82323C20B842F2419604821196EE8185BC834AD44F8E9B7549A32900196E9ECBBE20FFB4706861AACADBBFD9B56A23FFD3AB8BFACC18B1B5AC0ECD7B6AE2E2E9CCD2BE8AF1B1BC3A813B94107E82DE67A42E7CC7D4A6116700B5B2EE3C338A09B840F07C40A64800D
310
7C605AC42B72227C4C7020AB1F20056E26F542717F56534261DE3766AC10A6ED2D006DD03BA9DBA507AE0510A8B385C92363B9154167F1230C40D76AF6F3BE0CA08F8BA2FFBBCEFB09D0986550E0F0EAE2F2780CDF850CB0F88CFC2815FE87BD83909F474F45DD47F1C821DB2107A8817FD45384F57891B65F2543D0C1E20A
310
89B4A8DF806862AC27C60F6A054627FD344250718AC0FA21CDC4E28DBF2650D1B39D8B8A420C348A4F846E2BE824BF8C45E1DB8EEB52F576F47A75FF95F90FCE0FD3A7A08D48D5B9AFBE3EA658E1676FE3372FB57F0AD8D70ED4AEBA3D4C2BE0AAF1C3AD63A6004D12900CFC481A47430C9EACB390038642C8C41B13303166
310
614210592736B8603AD4FAB17189DBB32F3915F0C380795A089A15228460BDE8E52203527D41B5470901B088D84FF8B3FE2BA7F4FD30ACAB3DE0B7E2FF95807AB0010FFDE3A048F7360F9F3FB9380EE537F16F8673131325D3351A3F664022020811A0FE8C019CA17370725CBFF64132025DA1BE2555102212E80A907FB43E
310
D80A991A8AAC183932C19AE17524B06590B6AD286EB99BAD18FF4BD64BAB519202F992A963648ED30E7521F909F090C0213E367A77D8836BEB6F34D92EDA624183070248351F1A079E5D3E7A9EE81F2CE6678F92E299EE312B6C0572C0A7B5EEE07853612403813152C7125E2022A20C18F855DBAFA399817FC97FB6E1CDCA
310
31D348434ACD0012F0D32A5456B4007E6E92D72B1A4E9971223A42C1042819E4049C0C5801300C0013FA48F8944FBAE71DAFC27F1826FA2304ECDF3F6C10FF47D5C7E49748DDD687DE8E91C09394EE0682A4F84CFD6067EEDF43E67EA46CB2F4070160439245F00343D03BF25D7E2F26FC400A896DBF19FB8D4D0A66DA669C
310
3D608F9CD048A0533621B25690EE19D5D15248E390F042B12C682511B02BFE3E5700E4C9A9B2107A8F45248FA48234FD23005ED1F4EFE80D1320836F04003BF42856D478D1DCA3ABEEE3C68F9F30C3A16E5C238EA5DE3FF37DACC2F8B7980033F47FAC34421EF0418A045394802CE032D61C70023D788136788613887C0011
310
A4EA316E005718AE191F8D0D841B9C679CD2FC478442D005429166F5A24403B1E6ACF3298F388B6D0BA933D92339D48969A5C11F09B4FF017A9900A4F887010C474717E10F36468032FF33F4AD610517777104CD920C3CD15FC5F3B3A0C75BBCA3B00F2724863C10BCD4A0E00736C7981F2F72E4B001438B99714FCFAF713A
310
2603BC710376A1715FC602022202E06FDEBBC680A3DF1C4C095A12C50B554FE7623B50374FB2129DDEA4C392C9188077658C87F55FF92FFA507FF03FC8DFD3F31BDAB46DD51AEB03F7E1B38B8B87CFF47EA1479C3EBAD5C6B382C221C0F1B358B39D76D9D3142C4A20935F541E492E0EF081BA41B3620A8E172B584EA14856
310
32E22A8221CEDAC6110AFA4B6D43E2B76A18AB240BB24337721C9321D2C033B2D3E2641A55A400A28403C12D1DADE39AD23FC5FC08C47A64DC3FF6DFF76B5235124022D7E6D6D5F3CB870F9F31C96FE477FAFE54100068A3A87FA5908A2C08011CF31309C10025B089FEF9C510522B8DC07C30AA469841723A10C08E27F00F
310
7FBC181C083F2809EC3B2B328E294AEAD5A071B3A95C81D2DE3F930372D022C9C793535B92FDAD5426E90490C3C81D000017C6494441544698C416520C1C40C71FC204B22448FD9303782FBA67089A1A7D4CE38E89050FEF5F1E078A4DCCFADA058032C34C1CBC2E1202B1F8962B1A8024F0EB7A11F209E96FB369D4B64202
310
FE7BA230AD24C46413536EAE955B341B726C593B5D4630C0BE822480908522B0D85430230352618DCD4F7BA6D568BF4343801480006658EA3EDCBFFA9702B4FDE9022163C43F9B72B58001A23FCE6F0B3FF0E4E1DDFB9801A6FC42FD0132CC1F2224F89933107AD30B6C9131A53818AE944BE25A70810821C38F098411980E
310
46D108F483DC63F49B91B852351604091D60546702F58A3872A1716411B642C7629C267E64E77719F46B0548FD6BFFFC86A38DBFADFCDF700228C124C8664FAA02BFB1F92B09800876FCE4F2D1C3FB4FD0A44E0106A8DB8079751CBF0BD9340066C3D52BC64706467C05B5A54401BE4A1B0132A55EAC1CCCB10D378A3DFEB9
310
812022327745EF2102886A9142C812A1A2C9708027BB55B7006357459F9C2080E0BC34489FC629510F3017B62D5073E2A2C64048A0A42580E413BA9E08274091A398EA80B5BF31C87BF5ECF8F1C5DDFB4F22AAC181F070AAFDDAE5650C4000516440D8806786D874215149E69ABEC43FF0EFC820FEA112B0522003C84BE03F
310
B76623513B6D840820358B084119B0CEC8C00AE888826339A54091F5FCA513AFE147975BB1A86FC50618D9D74502F0C7C8815AA306602FEE3A5E79E0D7DED1B221001118B73182CD439A092FF801105D1AA14E1918EC282F6260869D55108065988BD67F68E5581720A708051F7C8070F582389C682BE53F2AFD85853F2A01
310
3D21564028E06E79B7A71E43212180A81541EBC88F451E02385100491AB0C4A3BC5309A95911E66D04C0B448366988ECD204C2FC930F8CEE8FA410EE4C25B58DD1B6EBAD83F6196670F7DE635282C0A56A851AB035831725F0471A10FE52097089C80495804100318405F0DFC2136004B4C40705EC9154315129205EC35793
310
0035688F61AC02188250CFA9A980233925F16A117A48CA54DAB6400221976B75D863330942E20EE3B00B08FBB71AA813B0E502FD2B023DF70114E0D7DF2E2EEEDE7B789504200112075478F2FBD6897835C91F0C20782401E801A2F9142700B74805703426023A81CC0BE88B537D0003E0C5181D29EB8D83050964DD258091
310
0A1E7A8138F76253DC01DC2F3824391AD748276C0B0CDF12366625D038603D0003E0266CB42704C8CE7FA7F11B4D59C0BF454A78F8FCF1E50513715D469607031272358F04E0003C90107223A581218F10008B10247CD20D860FF0BF48801040B361808148714764028EAC137E871501EFDD97C89B52107FF1235B0928C562
310
530082573CE137840EFEF82A0BDC602736C595912FBEC69E6A3A26903B3A300C5A098A9E3F1810CDFFBA019D97B4E7A7A075850F2E92569BD960CA7B8304995FD006FC4213BB1448A6F4BFBB3A9F9FC4962D0A1369129B10073771FEDA38B1737B663A71C088D8848027FC3008DAC4E4397A6F76271DFFFCF77D6BD7F1F67D
310
A51E0E08875A6BAFBD6BD7AE52CC04A0B4A2206F650EC412841A48258258E8662C3838FBE21E25172C2A15A4F78D82DCF68A005DCF07047C183E1CE47731BBCCB5469D9169E0D588945BEB637E87802A03D88FB82486210D28FB3B858D13DC7CE75F5E6F3B03C1744D30CC58C7C7A256146853A05243060B850072A7010CA4
310
7CFBF9A1E24F414037B8781E8E9F219A774B36481CB43E48A79819D638C8760D672FAC19FB9D3FC5EA9158DBD0159C27860409682E8FF2595652FE189D2CC2D7C023E944158355806FC320087CC74116030CC376C559C098B93A041C5DDA48AF33827D2327DC761D19C17CC62780D82A170E6CE7415A5E7FE825E053048F88
310
D2AC2A561CA4D4C60098DA28EF1A01382772484698F60C8DD24BF396EA76260542810A625978C03580A9CAB91D10249BE579B0377A3DD15749A45F24C4D81FF3D7D7996F6A1690288008C0FF6CC186DA9D5FC95BB09B1301004B016E707FDFED306A1BE8FA208828F00BF342186839839F1F6FA338DC5A0200FF383DE92614
310
C03A4508DA18F4D85F9354F7E867AA77A42FF49BBE6757A1A7454448D0BFC3C220714FE43A3D8F1547BE10F0BC5A05985AC3C28829A06FE24CD062700601F4AF12AF99099B08E7071DC4626A97C920C3FF96E190C9D1FD7CB6163E800D79E5F3F10A9306C02B799E80F1AB380E0571A584C0370A220C3125000B500900D96F
310
EA40409F980E2083E4EDF4D8D2480AE5667222E020BCDAD4EF19682120818FE18EC7FD6AAD67C03F7DF1955E697456F517AC4F24700C30171C67E9168B109A4F60AFA60F98BE30941BF776DBC7C70792A2FBE98AAA97224F8BEA39B47BFD14A8CD03320DA2B676E3AA397E652E30A42CE2987B7DA1EF7F75242413800A04C0
310
270C62A13372400B435ACD84B8B5009208F5AC73EB149FFF3508E21C2201E0338BE07E50EB47E7FF6D97724A601028C5519073E7978EC88834410450E074DD58AD13A4900103A6444A9CB99103229F0EF8C0C78161EBC68137240734CDCFC349807851E0EB46CE864D2E405ED341B71A390CF2DE20CF5193189E1901E866D0
310
230409684B193D17E2928534D04240937D3C84477494FC5E0FE0B448E35AFC19007926C1C6A6E622FDB8A12E30993C6710E070397C4B26304C0AE38218D19F01FFB15BAE1C0E7E74DF75F2406E373C414E848FF8E500EFAF3C1029C9C0ADAB2313A7426CA9B2C1B9E30032C84EF31A09A88A386F136E8C2F1D582EA0459207
310
015F10F1F001F0B1B7DF7222011EA2001F00BFD36BAEE0850928B08C077030FE3806C880EAA74BCE0863A952812E6008B3A89199C1EE918AF96AF583F1A073B0A355B9D861AF1460DCFB3BFC6B7EFDC834B09700CBED3510E48DC7129041C991F06BA5006CA6B5B34EE21501374E8DFC910042036111EC9C7CFA1C05D48A72
310
70F7F835BF04A4194DA4CF76CEC66718C84CD020D04C412AC848F03E3C61A1C8D50D0EA6838A00376054D3DF61A0E393E1F8B058A6C994093476D601A4A06F0CFD3C0A6BFA910E75CC10400A80FDA93AC9B5EA4303F6C0D188B559086091CC5910137772E14F2376D03181B5CFE74C0EA38440D0AC256D6C4D104CE05302FC
310
C00B60B9CD4D71E08BD40C144A025E60D4C1F45FE846A2105D717EEA84808A5DD90A168E133640311CF05DD870768683F5D2F1800F485AEBE5CABD8FFA3C0BEB33702493AEB551B1EB035EF5C8E5757FA7832141F88E8578A363802B560007AF93D7D470B478C4D00B412D634C9140C4F9275C00DCE8DFE3C7F8C0AFBC5B2C
310
E82E3C3BDF393D4375D50C43CD1C17E3777CD2C170725B7B42B41DF15BFC344DAD089C1E9118522B4A2C60B794E4E8F33081BB7C8CFCEEA0B2015E49D586429C6C78646180B7710E06018A3082243C275F077FBE412C17DE80D3E6B9462C5204C5D980D1DF84A864401C483CD01B143F4A4868087A0F780F37230200A4FBF6
310
AED325114C367C22512750A5C7C3E32D545CE20A0904183BA10015DCAD89864B3E1EE97EBAE8B204266A48E010511838E2FE413FB116E60880C2D8440AC3880DDA6DF6618C138CF1CB2A09637E18D00F80CB0DC05322E31EADB8081C29410903F06BFCDF5AB46024E4A75828056440503C707856EF0C037623DD4922A400E8
310
A6BD75E4D2800905F18450A00CEE88860C8964C7B3F90F56528BA18F71CFBBBCD2D05797E168FC37DB26DBE0DD2EAEF39686C18440820013C1444055402A541400DD362A0A402F1FE51246404E098249FEE30708C10CA0B54601053159480C00BAA9B1223A773234FE72FD5C3BD81804D8D196FE3D5315A0C981D88D04FA01
310
DFC185CA93F9120E1F480B08063364A0A318F08DF95056E4C91F1150D31B011200383502E079EE43CC18603AE2F88FD139C802A739F208E88D06DC78267C448C27C4113C19B0F51B0E9C1C021CF8F9167C6B1F2E10E461002910105D1042792D1CA303F469714C018C23D72179E165049C40E801CB96CF334562E5807291D1
310
E0C70FE6CAD91656715F0E5C5E70F8D7F83290549B1BAA6F781D25180EBCA93EC84E72A74081CE3020789B3790E1A9E478E658C099BECFF01E530E80EC5FE31204ACFF70AF8177A03059240CD074978A002A878BF883FEEC81DD684E406CA630ACFDE87292822A11953710F000885D6F68A67ED40CD772B0828359B753F7CE
310
23D9479AB9845771B389D6A77130F8C134EFC83947392029B10E4425440A84AF0E54825228FC1634D369874739C837A9DDC83C20D320C36042610ECDFA750303710224D01202488012CA847424F8D53F78AB6BECE9B3B35A7F32396AC6B7444566327DBB4DF06FD9616744F4D3A397EB3B0A3FBA8D763702883ED742FE5CD2
310
4146D8E353ACCF811C806AE09914D8446E93840FF4D6C963FF32BFB6AB015D1D3B0C9A0968776F021F21404B6260CF84A14F35180CE20B5E85BDA2EC91FD5A7DBA7E5705F4F0F97AF26CE18E3BA078138202400A62930FA6CC7882F911A92F33E547E64990B0F27323D73B6222863F86425153FA8009361C675554C25382CE
310
148420C8DCC47A20122806CA178A0918C14CBD33440289078A00EC6070184CA9907FD0A1270478E0B325B67C2193694EDB7DD0F3C238447C8A11485562FB4902134E6AC952FD5320A4F7C780882DA9684285CD81D278C0E8FF8DEC9F45D22DC3C2CA99C2728110888799575B6834BF22B0F01EDE72D7F21B672C40F0A97299
310
9E2200B7C91403F9BB3D09C01990819238CBAE5E7510D7D57450507E3DB04AAA0A3C280064E0775380C8C16EEA4834346A04BF0CE847B4B3AF760D06D24BBB267C32E2C9257DE5EB748AD101AF1FD33265E2B674EED8C01A0AC901392211011AC810560F77778E85B13BAFE3E25C95B70919A4862C15928BD8989664AD8638
310
101D009A80F00BDC41AF27602A4BDA0C077E550048E7F1011410F01405045E1C140B4D0E70E0F6E034171C3D6FD12004FCC1FA304312518910356628A4A326EC9ADF5DFFD1B2C0399503F14B4F8E3E0E4E39A06ABCB56A8014687E86E462BDDE5124615ECDB412B7314F62E6E0C76ADEC0F717B360E741960104CF1706CFA1
310
8E0605004B01AE007869B095ED92144A807841EFF2811C047889A04901C809062057192688C92346F97F279449F89B113500BAD282D1DA80A55C27EFFE02C8D4F395003F285B617BBF0831F49B055342DDDD414378E8888E92C16789F269A27C9A221FAA4A0DFDDB9F935B2ECC04DC51481558A69301E0460B02665AC4DD30
310
C03D480866C3409400051811876014C0F294C542821AB045011A3E3F09001FF304E3A0BED05CC11A811B865001769507FC01ADC611F400CF68C7B093606E30F3C7E0F00C1D10C31951C1E2D7252181DA00345842A19130715C736EC9ECE686A712FDB31E4D3E50AB336E5666D7B212C0113C4A4406029709B43D0228F3FBAF
310
49921B19CA0C82A2D5BC4A2079809240F37D3E10F9637607C3983F0458508A98B8B4EFC92AC13530180CF55359500080061DF59B98BB3FEACEE881DC8127F182A885A86FB12B43C590A4380504E32305E3148BBEEB2D2782029765428092545BA5C2C681FC5F8E869C0EE1034A822FF09A12C94084505AA868080303473F81
310
61F7AA0A6610745E280BE4427FB770106F8800EADABA19F453210435BDB2348471B13B65F2FCB554827632C4C44467333E4127095D22092ED492009930413251B5408345065065E415266E20279A40B3F520370BE2050C8360E6BB4601C1673B9BFE007EF5200B6483CD195400A783E6DEA0653515B0FCE8E86D1618FC1EFC
310
15C2E727F24F2A2DAB57326D8D0877D4E298894E7A0C3C7D9CE8A0E2D17AA2020FA1097D6372F2A9F955060FDD467AD0426368C24A8340FD0D6687A76316DEF5179ED9042005A2BF02A5DD810A4DEFA4A8F700EFC50FF4FB8C06410F0303C106ADF8852ACC6A2CA9046E9ED070739339857222CC009E206479886EA26227BF
310
7A341A15C351A8404A6C10080A2140FA4B4E8D9B9A11645899332363FD69887F436A660566964250FD752E787B64BCF8E6C8190DF8EA0C854C062D8A5A1346F810414313E606ECA0AC3A01D6928544029D5F42E202C0CB386F880F7842A31287061F32F3CBE09F2950783394F2F2B23D85386C6F51943E99DD10C8A0000BA9
310
569A14805693274BD0E4F4DC3F28E331EEA91C4F33ABE057889BFB92819187840A08E57A276A8BFCB75B0342668C70C565C8059996D209C2800941A21FB82B2F520BC2E6FE6F1A8827043DE17000DACC8193E78BBB8DF1467978C06F6AFE986123E3A95272CAC122046F4C65C4B88FED2F1CD1D918F7CDBF8903BF1A90057D
310
42F4DC133AF804ACBB58446A0DB78806FC053FA1E45D0AF1112613CC0DD976C5E70AD3282F42725C0D02AC8588DE451B1C01ABF063E7748A3882F0DD484BB78D037F9812240EB88B6034C0AD53E5116D4C6D920C6A89F084E6D0598AD7EB6930CC7B293E27A666E5CDFE9A3FA52FEB3C97976FDAAE9A60008FCA6B33099CF9
310
880D35D419FC687D424378E3099441E110C5B3C6DC311E6653514A67A530D863326C4D8430E0C28024803B5B069B0E60C10EDB6DF087034171DF01F1F3404B27B1056D8C0E56E7CA6056E7798147BE4C2F01CED5987E413AC6A724876DE3F599E0601CE7B9CEF3BEB3671E12DCE8AF9631B8031D3F360B6955DC2342B2A0E4
310
632A00264C0DA002220CFEC3E10D9BADC8904D88DC51928593AA16C91DF6FFF82B3234404C7214D0F8608E0052283EFB2B0563F1D072936C4017706010BCF1B16CDE0C1FA9C777E44E1F5259B0C9BBC8794A82A6C182A3AF56B16921405351FDDC91B5BAAA617860E8D76C97C377FE701A4EB4378FA97C2C8E3CC8950886C6
310
FD93AF70A1F5F676B7ED16CBC56AF5D09110EEB8607CC08A795882358280DDB98AFFE7087C6EB593D62F041CDB4018935238E73F1098100D0C8769818F777057F64C703C6530E142FDF5C837AE1CF66C94C4887D3A3726AB990DEA248F73B5D32C8E04F6714B1E67C53FC52040252E605B322407CBF8C7F05453462A295ABF
310
4D95592DDD76AC23512E9A2DF964715C80DD752CA8E263AC36F02C3C28A133EB22AC8D099BDEFDE28C3E8FFEE3815D5D00C17C00511058354D62443C1A546280E43572A9C661A34FA5891F8E7570608C8DF21DF51DF9D2A84D4501F41B8CD4F4C9DEB2F901E810C0E4CEB6EC08DFB06341C864CF8D0EEE779A606545E1E64A
310
AF30A4324C20FDD3BD558BD966BA994FA915CD162B1978642AD01694E533EC190368A68234657085B5F88E27A0805E04B8BB6A00A51646EE3C10A50FF007FF410F1963CA69BE2002F0F902E701AEC995FD41F83A3F0C3809A3288A083003A6CC2A20E6D703EE48E3777AC07ADD51EB6101603A9FCF17B3D5928F6D742EE7E4
310
CF38AE2B03C5FB39C81D7B2978FAFE85AF3D2710B0582C970F0FEB0E4D1103B8BE2B4D560CA10002FC8F334C891C07B44FE06B2E3ACE5E1E2D1FC32203110ABF9CA0E8381F68EC3C06701328E5A38278A5FCD944CEA5283DA933DF2A2448BD23F1C5D8BE04CC2DC3B43B3EEC29F8B5FF926D11D3E97EBF7FA1BD1E5E5F5FE6
310
D3D972F548547783146ECD84873F377C5820F7F9FCE5E07378D6CBCB7E036DF7F7104079A05B77C6942D1BA95D47424BFC3DB6411009A42E207871B7EE9B06614BBD20F22F7523FB985F3F7068E37600273A3ED0C1CCC380F6EC4AF01CC1CF95E4848B7BF950AD14C44F10460221E02D21D01DAE800F323704C00035DFE97C
310
B37F797D3D1C0E4FBF35EE1E5E9E0E879FBF3DF6F474780A01FB3DAF01FE0C0798218007C2090A3008BA7682A338F4A8804A06CBFE6A80CEC766F49853F15B2F45FCEA3F8250012841315016E75E797EFEEC4ACA6C79F515CF1738F7C36E2406071051043817C9E8C5888D49D0332E800062FF54FA562BF7446CC0BFDFBF86
310
03D1FEFCC9F7FFB5A7F000430755C2D3F72F2D02A022820897ABDD44594475BDCCA4A10AF34C06B08B4AB58BBFAE30999DC66C7CE903A83CF8EB006EEEAA063430F84B05F0ECF644825F5E95073870E72A0771AB89B080022A0C5A9FAF34C89286257FB7BEA000EC65B59750C68E0815B0D9834B15606328F80709DE09018A
310
C2A7817F83F96DB3D562C10A0A31300230CD4200B87F85808BAF64D04600254047F9C14DE93464009E7F5AABB4FDD6D55142A2C0BF1541FCE19C20C899BF4F76AB54B84CB97F88F48ECC029FD253F0C70DF4816B9AC94BCBD653B1A283C4001A0337955E4AFED3FB790B6B1F5EA0B5514074103A38D84280EE0F5F9BE974EA
310
B2D16AB1EA969684B6E4166CA28264B300474C7308D20013B204A65F82970718D05678B3315D442E1C0A327E2F56556040C005D2FAB1326A68A07507C9E46A3648555A7080F5F50219A00E6222E3E0862CE95B5680930530742F1D041805E69B788161F015944D041182B861A2C17F3AF01CF5BFDF6C343F9171F5B004BF59
310
C016719164B888EA206A02AD05E8464D06B48E4381A0E9345FD171625AC22198F57C003BEA5510F81FF78D31C9B033D0030000000049454E44AE426082504B03041400060808004AA2835A51464CB48900000043010000360000006662782F34443932304633422D374339302D343246412D393435312D3337373234334535
310
443832432F6469726563746F72792E786D6C9D8F310EC2300C45AF127987122606C71DD918B841D4B851A43646695A717C52A85029031293A5A76FBF6FACEF7DA7264E43906840EF0FA03836E242F406C6DCEE4EA06AC22492573150D1F66C60C640E8938CB705396EEDD86DE9B5042FE27813D640EA63BB001C722AF6E55C
310
B61E4863F58284D5D3F53DD715CE1C3985E63FD7F1B7EBDD617E9F1E504B03041400060808004AA2835A23DF3E2380070000571E0000340000006662782F34443932304633422D374339302D343246412D393435312D3337373234334535443832432F6F626A656374732E786D6CED59596FDB3810FE2B82F659B77C158E8B
310
D84E0AA3DB03CD76B16F022DD30E37BA404939F6D7EF90226551966DD96D817DD804481C861ACE7C73F09BD1F4FD6B1C69CF98E6244D6E74C7B4750D2761BA21C9EE462F8BAD31D6B5F7336D4AD3B468ECD3B504C5F84667CBFA6CBAA3699989A50DDEA2326AAFDECFFFD2F2102758D7C208E5F98D9E878F3846262A8B7483
310
F32773830A64EEB6AFA663561B55B13B8AB2C7D65119A238294055584F408AD0C051FF0493ACD9D4621B946D6EBF6DDE896D16375C559424798192F040AB961CB79F569EE32FEFDCC1C418F8BE67F843D731E6F7F3A5E18C3C7B315C2C26B777135D9B4DD7691AD50EC870B2012FBEE933676AB1FFD4E60B14BAF40ED324C1
310
A140B36BC3060BB904E76D4C14601D6E5AC32195AD8D05AFA7F147B6F502455149415B1A277F37A3375DFF0D20E47DA294E69845795E50F0B5C0BECA077B6A55AB8A5F48AEC5A8C094A0488BC89A220A0E82AD958314312C5B98288D61C6BD28E5357585C03E9F4B5D5A6ECB2862F9ABCF78A605908FB8C8B966E41F4CF7DA
310
374F039DC0DA9224C558185BBC65206232B5F862F53FCF15FFAC80D4B611DA41B480996C93E7B6F05AB05AB05AEAB38FF7EBD707561FBA0FCF689A615AB0C8E3C92CF24E7AB0115A107C3D40A970557DB747E51B40FF1990AF75D1A6E0394A5EFD575FDA4E51926F531A8377345B336CF8616BECE3C1A7A9553F3CD334A556
310
1EC314D2F62761AA98A19CDD8074367D86A04FA9278C7B08510431FD89242CCF2150B4288525A8F7DBF5AB3E5B41318545780A45603D7C4F2DF651835F951CA8372D0F7595DF1E8E9209D3CEB3BDAF3E40CC5012D6AE526C3C86EFE0A7E07BBB7CF8F850D22D0AF12791D84BBC250929E032ED5648015D49F9EFABCF3C230F
310
EC51768570CE2E6585A3C32F0FC22F1A770CA8C2EEE1CA357CE51381748F2294E0B4CCC57A57A10AD328A5C1FA2DA872B8F3AC3F65105487417EB308E82C6670BB8794640C147D26CCAB2BA1B9C789D5411180BBCAA9C11A854F0CDE20848A758D1E10B588B685967116A0382D1356BE0FC3BB6D9AE9D9FCCB7126AE3D71C7
310
93C140043CE8CE0F90F9238B43AD3E3B2946D99163168ABF44DD90405699E443BDECB22104D65416419AA19014DDD1D032A3A7CA1BB2DD963994F54E605A1A9B9E33A8B0913F5D57B32F58AD953A6DAD502A2031DAE1608BD89DD8A99F02682D5C3AA913C95D94E6394970CE39CD41AD6BA1689B503AAA4897523BC296E441
310
8C0B744DC4F24BB215B0146FA300D857C1F8EFF978950A8AFBF69844C6F5D224E0F6BF05398AB3A8E275E73070DCD6099DB832A5D911CF109F012A027B83394D3F27BDAE2412DF5ED227578B3F020F45BF1C1E790401B20EB7EA79CF3AE6C099B0AF3194A1E1C0F186A3DA15E7D09287158CB7442530ADF02D78C164F7D8AF
310
084A979F3C27C7D136205154C6417587143806DA868A92F6CAD8215493F641A232B452A271D2964440AA7B9759CE57246381C338613956661BC780512481BEAE97210756740631F705EF6159AB76DEFF974BFDE18AD9EC6D9EF0DB4B4A379D9AAAD443B236493258C1147762ED5E2E79366DA65FCC9B9DF338F85288A87055
310
67212284E267C28619BC6BEAEC39F2175484504A1FF86F630E19B1C19B3D0F51C489D1883E8343A534C96D9BDD11943B768128646DC54A6A0C130AC42AED27F621FA86C0D5C016734B3021AB5A5FB1ABCD8461CC5E8F13B2BE7C7868498195DE4F7F6518E1979604B1BA60E4EF84A8EFAB3DC76D4910167D5F9D78BC782CE3
310
758208BB1B5958A04DF6EE3DEF3F6F2C682E2C7F0924EBDE9B1BA3C5C4367CF7FED698F803C7F04623D7F7EE06CBB1BBB028CED3928638B75CCB0E24DBCA929D0C8C0ABA3E5D084C22CEB78B329EDB0EFEBF0BE94856B5145CD8852831DFB771E8BE222E63B2437708E47E38765CD7E757AC03BDBCD97FB5269BA72F94EB98
310
6CBFC27F29931DD9CE603CF29C8937F2EDB1EF8FDC519D3FA2ADF9416E5B83C2E41CE964AEE689D2392370D260E40C078343FD3BAF5D3851B2A10BA897C799D7643404D01C1F62A58DD5B9B3AE655E871D47E7490DAA7215F7EA17634DCA7221B9383CE097930BE526BF9818FC9152362691778922AC8B1628B58BCD343B8A
310
A39C9AF0BB6FB470BCB93D1E1ACE78796FF89E3B37C6B7F7AE71E7DED983FBF9623C1EEE3352F0A5BEDCE33F71CF4A651BE35978CB90A71181973D78A3ED700A7D324CB37ADCC134C639EF7F81240AAAB7116F9A7A3CFD5CCDEA0BB48EE4D3E12382171E91606D6508C376E84D6F74B1AEFD06E37536E1E6434FF309C88928
310
EDBA565272A3430814043888B98631291F4A73E9AD3138B80D253BD659574FD57FEF1F63E840ACECEDAAF7F4C14558A644278C9C32FEFE090AB024ADD79B2ED5D150011FD765511BB35FD85B2340902F9A2AE3609AFC24E07D85F27BDA2EC7E47B14487ABDF13919079554A34074C75FDB34F0BE5D7EB5D81B97D5172D8BCA
310
1D73E7294EA8483218178DCA6AB83985C0106666884D6B16EF2C68999E30B5607C13A56F969C136BBF572F802C4E7DC5DB201877E6D8449BFC0916C07394B0917A85A0E2DFBAFA34FC2B016750C363CAFED55213375DA38B69762FCC7AFE2A48833C61AF005956343734E6D610EAA05535DEAF3FC885A945E1DDC9EC5F504B
310
03041400060808004AA2835A25C87B30E1000000550100003C0000006662782F34443932304633422D374339302D343246412D393435312D3337373234334535443832432F7265736F75726365732F322F636E782E786D6C4D90DD6A032110855F45845EAEBA9B164270CD4BE4AA37C1EAC44A5C67F1A7B46F1F4D2DF46A86
310
733E8633479EBFB740BE20658F71A53313944034687D742BADE5361D29392B9910CB3F8C92A837586997A9922E61DD8764E1A66BE86AF0F13E44717510217973DDA3A3C4049DF34AB3F9844D335D0B5AC8776675D16C660932D664A09D287E8371C224D0052C558B58DE26F13A89C36511A7F9785AC4BBE49D54F203310CDE
310
C70209F79745186C6B6C8984E41D50B2263FA8FE4633FEE2B1164FF2662B994B6A1D0CACFCEC0DF39B76C09FC8AFAB24EF4FB6F16CA0CD5E887A00504B03041400060808004AA2835AFF15A4A45D000000800000003A0000006662782F34443932304633422D374339302D343246412D393435312D33373732343345354438
310
32432F7265736F75726365732F636E782E786D6C4D8B3B0E80201005AF42B6F75B59F0390B113044D83508C6E30BC6C26AF226F3B8BA6360974DA7271430F523308B2B198F9B80925DB700539227A2FCCB80A18E5640D320F996A81C9F32D6E9129A0D1EF74FCE750E6D57BC7165FBCA07504B03041400060808004AA2835A
310
4EBFCCF74201000056050000300000006662782F34443932304633422D374339302D343246412D393435312D3337373234334535443832432F636E782E786D6CCD94C14A033110865F650978DC24BB2A94924DC1834FE041BC65B3D3357637599259B16F6F52D35691A287427B0B932FF0FF337F46AC3EC6A178071F8CB30D
310
A928270558ED3A63FB86CCB82E17A45849E19DC36F1829AC1AA121A94CA4E8BD9BA75CEA60ADE62155076337B9A810BD696784400A3DA8101A12F42B8C8AAA195D0761433B858A56D44370B3D710DFA31921BFD71E14424764CDEBFB92DF95FCF6A9E6CB6AB1ACF98B608994A2756EC8BCB108DE4D3735D72E1E6D94C3054B
310
8014B337994A1E883C6AA3ADB182C57B2942D46BFBCCE1764ADC340D462B8C8D624E2360192150A3605FB0142C39FEE1FBF1E1F9A8219E3AE341A3F3DB8BB5A13AD58683341A13F1BF2EECC0BFCCBBF62D5ABEDCDC4F1ACEC2CE66779FDC10A3FB3B09314FCAF6C3357E8083B4F3E73F2E1634FA1A4DEF959DC933DBADC038
310
F8B411E527504B03041400060808004AA2835A5469176B7F000000A30000000B0000006662782F636E782E786D6C4D8CD10E822018465F85FDF714020ED910579AEFE1121D0BA191B41E3F685E74F56D67DF39AAFB6C0EBD4D7CD9E05BA84E0490F1F7305BBFB690F60537803AAD6208FBDF0D909F36D342C1A0D51A437A1E
310
6836CB945CA1CEFAC701F9202919D9158B5E12CCE978C192D715664250CE6EF5D0D03E1BE7A2E4F9F5F296BCFE02504B03041400060808004AA2835AA6D797065F0000008200000007000000636E782E786D6C4DCB3B0E80201045D1AD90E9FD7516806B51190811670C8A61F982B1B0BAC9C97B72CA7B1037C6D3332918DA
310
1E04D2CAC69353902EDB8C20262D23F3F59B81A079470595414B17391D1F19B4730A5583A7ED43BBE4025D9592775E5ADFFA01504B03041400060808004AA2835AECFD112DA800000026010000130000005B436F6E74656E745F54797065735D2E786D6C7D4F4B0EC22010BD0A61DF525D18634ABB506FE00510A794580602
310
53536F2FD89D5197F3FED3F68B9BD80362B21E25DFD40D6780DADF2C1AC9671AAA3D677DD75E9E0112CB5A4C928F44E12044D22338956A1F003333F8E814E5331A1194BE2B0362DB343BA13D122055543278D79E6050F344ECBC6478EDCD76CE8EABAE5449AE4298AC56946789C28AAFBEABC53F3EAF09A84A1441B91F0101
310
CD4780756578C173A578FFDDBD00504B03041400060808004AA2835A3DEE336E64000000790000001B0000006175746F6465736B2D64657369676E2D7061636B6167652E786D6C35CBC10E83200C00D05F21DCA56CA76D41FC96062B120735B69A7DBE268BB7777961F8D5AF396893C2ADB70FE7ADA196782C2DF776D7A97B
310
5933C430F15651E5469C55D70F80A4992A3ADC954792C525AE70A1E4D6AD9816CC044FEFDF01FE3FDE907802504B03041400060808004AA2835AAB82B2B0F40000008E0100003D0000006662782F34443932304633422D374339302D343246412D393435312D3337373234334535443832432F7265736F75726365732F322F
310
636F72652E786D6C8550CB6EC32010FC156BEFD8E047F310268AA9FB053DF58630715062B07854FDFC42E24AEDA9A75DCDCECCEE0E3D7D2DF7E25339AFADE98194180A65A49DB4997B88E182F6509C1875D6865F34288C58540F1906466767E3BA41D29AA04C468D9DD4060AEF558042DE53D3839757B58852C49018FE56AE
310
42DEC4AC4A523E798CC6A8A74DAAA7E4A62F5A39602F23D971C2CF880CCD80DA57C2D130B41C1DBA4337F2B781EFC633ADB298D1A0979FEDD22911D404ACC67587708B70F35EE323D91F6BFC41ABCC64D407977EDE96E6EF129D564FF48F5B5CA7FFDDA236A1A937B7A7C20323E9B8C780D12AA793CA23BA547392EC1B504B
310
03041400060808004AA2835A3B209D2EFA000000960100003B0000006662782F34443932304633422D374339302D343246412D393435312D3337373234334535443832432F7265736F75726365732F636F72652E786D6C8550496EC3300CFC8AC1BB6CCB4BB3405610BBEE0B7AEA4D901947482C195A8A3EBF52E202EDA927
310
12C3992139ECF4B5DCB34FB44E19DD01CD4BC8504B33293D7710FC85EC213B71668DF1BF689069B160070906CE666BC2BA41D2688F3AA1DA4CB881C239F490C97B6C3A70F28A8BC845F091E16EF92AE44DCC98D3FCC9E32C04356D5235453775516881BF8C7437D0E14C685FF7A479A503E9FB662087F6D08EC35B3FECC633
310
2B929833AF969FEDD2A2F03801AFCAAA256543CAFABD2A8F747FACCA0F56242667CEDBF8F3B6347D07DCA233C14A74AC784EFFB88675FADF3528EDEB6A737D2A1C701A8F7C0C382B524AB13C228C3525CABF01504B03041400060808004AA2835A3D402D72F2000000B1010000310000006662782F34443932304633422D37
310
4339302D343246412D393435312D3337373234334535443832432F636F72652E786D6C8D50CB6EC32010FC156BEFD818DBB21D61A23669BEA0A7DE10101725068B47D5CF2FC4AED4DE725A343BC3CC0E3D7E2FF7E24B39AFAD99A02E3114CA082BB5992788E18A06288E8C3A6BC31F1A14862F6A820C03A3B3B371DD21614D
310
5026A3C64AB583DC7B15A010F7F498C08B4FB5F092C79018FE56AE5CDCF8ACCABADC788C06BDFC4A85533C28098C60D221DC22DCBC137CA88703C11FB4CA4C4663D472B7D232B9EBAB560E587B1E09BE34AFA83F8D18B5E4F282C6B6AB51D3F7A46DDEBAF3404EB4CA62467D70E9E6FD937CDDB3F24DF82F735CE51399B509
310
0DD90D37850756A73C8F05A3552E308D47BB69E6B2D90F504B03041400060808004AA2835A0C83D25255010000DD0200000C0000006662782F636F72652E786D6C8D52DB8E832014FC15C33B2AD66E2F419AEA76BF609FF68D22B5A40A06C1F4F317BCC4F561BB1B132473CE993933019F9E4D1DF45C7742C90CA030060197
310
4C95425619B0E606F7203811AC95323FDA402069C333E0614070A5956D27882969B8F4A854259F40DA75DC8080D5EE92818EDD7943436A8DEBE81E614BD983563C44E1D847B0B5A29C4645E9D8C44D700DC8DB05ED0A549C21CA37394CDF5101F33C2DE0617BD85E8A8FBCD85DCE38F2C3041BD1CCEA4C736A78094812275B
310
18A730DE7C26F111ED8F49FC8523DF497067B4F33C897A7780DCAE4F1C8DF88ACFB6E5DF7C5648B34926BE71A20304B9F58602C191CFC7FD86F0D6193A61979FA1D77AB6F07050CF99513A759552D9A5D4D3DA72471D07C387A3B1EA980782DF7892173CAF395C5054566E356ADCF56A8D575FEFD4720D7BF30CA4D20DAD97
310
E5C6159773115A599AC799AA95FECFF46C750E33F20F937C03504B03041400060808004AA2835AAD13AFC008010000B201000008000000636F72652E786D6C8D50CB6EC32010FC15B4776CF0A3790813C5AEFB053DF5460D71516CB00047EDDF1712576A6F3D2D9A99DD19869D3EE709DD94F3DA9A06684600293358A9CDD8
310
C01A2E780FE8C499B336FC92013262560D2418381B9D5D970D1AAC09CA24D458A9365078AF02A0618A8F06FCF0A1669189354485BF668B18AE625419CD1E3ACE829E7F5607A744501278418A1A930A93F2B52047BA3F16E48DE549C9D9BA6AB9596919DDF5452B07FCA9A7BB8E76674CDBB2C5D533ED70DB561D3ED487BAEF
310
5EDA6ED79F599E9639F3C1C53F6F4762CE80BCB8255F963F28CEDEAD9D36410C259135D31770C2F244FC09BD2EF21FA1B50965B11D7C6C78E03406BA13D1383518C7BDDE3853DBFC1B504B010214001400060808004AA2835A0000000000000000000000003700000000000000000000000000000000006662782F34443932
310
304633422D374339302D343246412D393435312D3337373234334535443832432F617474726962757465732E62696E504B010214001400060808004AA2835A0000000000000000000000003500000000000000000000000000550000006662782F34443932304633422D374339302D343246412D393435312D333737323433
310
4535443832432F76657274696365732E62696E504B010214001400060808004AA2835AF270F13306000000040000003600000000000000000000000000A80000006662782F34443932304633422D374339302D343246412D393435312D3337373234334535443832432F747269616E676C65732E62696E504B010214001400
310
060808004AA2835AB5A795FFE3790000DE7900004200000000000000000000000000020100006662782F34443932304633422D374339302D343246412D393435312D3337373234334535443832432F7265736F75726365732F322F305F67656E657269632E706E67504B010214001400060808004AA2835A51464CB4890000
310
00430100003600000000000000000000000000457B00006662782F34443932304633422D374339302D343246412D393435312D3337373234334535443832432F6469726563746F72792E786D6C504B010214001400060808004AA2835A23DF3E2380070000571E00003400000000000000000000000000227C00006662782F
310
34443932304633422D374339302D343246412D393435312D3337373234334535443832432F6F626A656374732E786D6C504B010214001400060808004AA2835A25C87B30E1000000550100003C00000000000000000000000000F48300006662782F34443932304633422D374339302D343246412D393435312D3337373234
310
334535443832432F7265736F75726365732F322F636E782E786D6C504B010214001400060808004AA2835AFF15A4A45D000000800000003A000000000000000000000000002F8500006662782F34443932304633422D374339302D343246412D393435312D3337373234334535443832432F7265736F75726365732F636E78
310
2E786D6C504B010214001400060808004AA2835A4EBFCCF742010000560500003000000000000000000000000000E48500006662782F34443932304633422D374339302D343246412D393435312D3337373234334535443832432F636E782E786D6C504B010214001400060808004AA2835A5469176B7F000000A30000000B
310
00000000000000000000000000748700006662782F636E782E786D6C504B010214001400060808004AA2835AA6D797065F0000008200000007000000000000000000000000001C880000636E782E786D6C504B010214001400060808004AA2835AECFD112DA8000000260100001300000000000000000000000000A0880000
310
5B436F6E74656E745F54797065735D2E786D6C504B010214001400060808004AA2835A3DEE336E64000000790000001B00000000000000000000000000798900006175746F6465736B2D64657369676E2D7061636B6167652E786D6C504B010214001400060808004AA2835AAB82B2B0F40000008E0100003D000000000000
310
00000000000000168A00006662782F34443932304633422D374339302D343246412D393435312D3337373234334535443832432F7265736F75726365732F322F636F72652E786D6C504B010214001400060808004AA2835A3B209D2EFA000000960100003B00000000000000000000000000658B00006662782F3444393230
310
4633422D374339302D343246412D393435312D3337373234334535443832432F7265736F75726365732F636F72652E786D6C504B010214001400060808004AA2835A3D402D72F2000000B10100003100000000000000000000000000B88C00006662782F34443932304633422D374339302D343246412D393435312D333737
310
3234334535443832432F636F72652E786D6C504B010214001400060808004AA2835A0C83D25255010000DD0200000C00000000000000000000000000F98D00006662782F636F72652E786D6C504B010214001400060808004AA2835AAD13AFC008010000B20100000800000000000000000000000000788F0000636F72652E
310
786D6C504B050600000000120012002D060000A69000000000
  0
XRECORD
  5
7F
102
{ACAD_REACTORS
330
7B
102
}
330
7B
100
AcDbXrecord
280
     1
270
     1
271
     1
  0
XRECORD
  5
81
102
{ACAD_REACTORS
330
7B
102
}
330
7B
100
AcDbXrecord
280
     1
270
     1
271
     1
  0
XRECORD
  5
82
102
{ACAD_REACTORS
330
7B
102
}
330
7B
100
AcDbXrecord
280
     1
270
     1
271
     1
  0
XRECORD
  5
80
102
{ACAD_REACTORS
330
7B
102
}
330
7B
100
AcDbXrecord
280
     1
270
     1
271
     1
  0
CELLSTYLEMAP
  5
110
102
{ACAD_REACTORS
330
10F
102
}
330
10F
100
AcDbCellStyleMap
 90
        3
300
CELLSTYLE
  1
TABLEFORMAT_BEGIN
 90
        5
170
     1
 91
        0
 92
    32768
 62
   257
 93
        1
300
CONTENTFORMAT
  1
CONTENTFORMAT_BEGIN
 90
        0
 91
        0
 92
      512
 93
        0
300

 40
0.0
140
1.0
 94
        5
 62
     0
340
55
144
0.25
309
CONTENTFORMAT_END
171
     0
 94
        0
309
TABLEFORMAT_END
  1
CELLSTYLE_BEGIN
 90
        1
 91
        1
300
_TITLE
309
CELLSTYLE_END
300
CELLSTYLE
  1
TABLEFORMAT_BEGIN
 90
        5
170
     1
 91
        0
 92
        0
 62
   257
 93
        1
300
CONTENTFORMAT
  1
CONTENTFORMAT_BEGIN
 90
        0
 91
        0
 92
      512
 93
        0
300

 40
0.0
140
1.0
 94
        5
 62
     0
340
55
144
0.18
309
CONTENTFORMAT_END
171
     0
 94
        0
309
TABLEFORMAT_END
  1
CELLSTYLE_BEGIN
 90
        2
 91
        1
300
_HEADER
309
CELLSTYLE_END
300
CELLSTYLE
  1
TABLEFORMAT_BEGIN
 90
        5
170
     1
 91
        0
 92
        0
 62
   257
 93
        1
300
CONTENTFORMAT
  1
CONTENTFORMAT_BEGIN
 90
        0
 91
        0
 92
      512
 93
        0
300

 40
0.0
140
1.0
 94
        2
 62
     0
340
55
144
0.18
309
CONTENTFORMAT_END
171
     0
 94
        0
309
TABLEFORMAT_END
  1
CELLSTYLE_BEGIN
 90
        3
 91
        2
300
_DATA
309
CELLSTYLE_END
  0
ENDSEC
  0
SECTION
  2
ACDSDATA
 70
     2
 71
     8
  0
ACDSSCHEMA
 90
        0
  1
AcDb3DSolid_ASM_Data
  2
AcDbDs::ID
280
    10
 91
        8
  2
ASM_Data
280
    15
 91
        0
101
ACDSRECORD
 95
        0
 90
        1
  2
AcDbDs::TreatedAsObjectData
280
     1
291
     1
101
ACDSRECORD
 95
        0
 90
        2
  2
AcDbDs::Legacy
280
     1
291
     1
101
ACDSRECORD
  1
AcDbDs::ID
 90
        3
  2
AcDs:Indexable
280
     1
291
     1
101
ACDSRECORD
  1
AcDbDs::ID
 90
        4
  2
AcDbDs::HandleAttribute
280
     7
282
     1
  0
ACDSSCHEMA
 90
        1
  1
AcDbDs::TreatedAsObjectDataSchema
  2
AcDbDs::TreatedAsObjectData
280
     1
 91
        0
  0
ACDSSCHEMA
 90
        2
  1
AcDbDs::LegacySchema
  2
AcDbDs::Legacy
280
     1
 91
        0
  0
ACDSSCHEMA
 90
        3
  1
AcDbDs::IndexedPropertySchema
  2
AcDs:Indexable
280
     1
 91
        0
  0
ACDSSCHEMA
 90
        4
  1
AcDbDs::HandleAttributeSchema
  2
AcDbDs::HandleAttribute
280
     7
 91
        1
284
     1
  0
ENDSEC
  0
EOF
