ISO-10303-21;
HEADER;
/* Generated by software containing ST-Developer
 * from STEP Tools, Inc. (www.steptools.com) 
 */

FILE_DESCRIPTION(
/* description */ ('STEP AP214'),
/* implementation_level */ '2;1');

FILE_NAME(
/* name */ 'Fin Sections.step',
/* time_stamp */ '2025-04-03T13:43:36-07:00',
/* author */ (''),
/* organization */ (''),
/* preprocessor_version */ 'ST-DEVELOPER v20.1',
/* originating_system */ 'Autodesk Translation Framework v14.4.0.0',
/* authorisation */ '');

FILE_SCHEMA (('AUTOMOTIVE_DESIGN { 1 0 10303 214 3 1 1 }'));
ENDSEC;

DATA;
#10=MECHANICAL_DESIGN_GEOMETRIC_PRESENTATION_REPRESENTATION('',(#11,#12,
#13,#14,#15,#16,#17,#18,#19,#20,#21,#22,#23,#24,#25,#26,#27,#28,#29,#30,
#31,#32,#33,#34,#35,#36,#37,#38,#39,#40,#41),#3837);
#11=STYLED_ITEM('',(#3856),#636);
#12=STYLED_ITEM('',(#3856),#637);
#13=STYLED_ITEM('',(#3856),#638);
#14=STYLED_ITEM('',(#3856),#639);
#15=STYLED_ITEM('',(#3856),#640);
#16=STYLED_ITEM('',(#3856),#641);
#17=STYLED_ITEM('',(#3856),#642);
#18=STYLED_ITEM('',(#3856),#643);
#19=STYLED_ITEM('',(#3856),#644);
#20=STYLED_ITEM('',(#3856),#645);
#21=STYLED_ITEM('',(#3856),#646);
#22=STYLED_ITEM('',(#3856),#647);
#23=STYLED_ITEM('',(#3856),#648);
#24=STYLED_ITEM('',(#3856),#649);
#25=STYLED_ITEM('',(#3856),#650);
#26=STYLED_ITEM('',(#3856),#651);
#27=STYLED_ITEM('',(#3856),#652);
#28=STYLED_ITEM('',(#3856),#653);
#29=STYLED_ITEM('',(#3856),#654);
#30=STYLED_ITEM('',(#3856),#655);
#31=STYLED_ITEM('',(#3856),#656);
#32=STYLED_ITEM('',(#3856),#657);
#33=STYLED_ITEM('',(#3856),#658);
#34=STYLED_ITEM('',(#3856),#659);
#35=STYLED_ITEM('',(#3856),#660);
#36=STYLED_ITEM('',(#3856),#661);
#37=STYLED_ITEM('',(#3856),#662);
#38=STYLED_ITEM('',(#3856),#663);
#39=STYLED_ITEM('',(#3856),#664);
#40=STYLED_ITEM('',(#3856),#665);
#41=STYLED_ITEM('',(#3856),#666);
#42=FACE_OUTER_BOUND('',#73,.T.);
#43=FACE_OUTER_BOUND('',#74,.T.);
#44=FACE_OUTER_BOUND('',#75,.T.);
#45=FACE_OUTER_BOUND('',#76,.T.);
#46=FACE_OUTER_BOUND('',#77,.T.);
#47=FACE_OUTER_BOUND('',#78,.T.);
#48=FACE_OUTER_BOUND('',#79,.T.);
#49=FACE_OUTER_BOUND('',#80,.T.);
#50=FACE_OUTER_BOUND('',#81,.T.);
#51=FACE_OUTER_BOUND('',#82,.T.);
#52=FACE_OUTER_BOUND('',#83,.T.);
#53=FACE_OUTER_BOUND('',#84,.T.);
#54=FACE_OUTER_BOUND('',#85,.T.);
#55=FACE_OUTER_BOUND('',#86,.T.);
#56=FACE_OUTER_BOUND('',#87,.T.);
#57=FACE_OUTER_BOUND('',#88,.T.);
#58=FACE_OUTER_BOUND('',#89,.T.);
#59=FACE_OUTER_BOUND('',#90,.T.);
#60=FACE_OUTER_BOUND('',#91,.T.);
#61=FACE_OUTER_BOUND('',#92,.T.);
#62=FACE_OUTER_BOUND('',#93,.T.);
#63=FACE_OUTER_BOUND('',#94,.T.);
#64=FACE_OUTER_BOUND('',#95,.T.);
#65=FACE_OUTER_BOUND('',#96,.T.);
#66=FACE_OUTER_BOUND('',#97,.T.);
#67=FACE_OUTER_BOUND('',#98,.T.);
#68=FACE_OUTER_BOUND('',#99,.T.);
#69=FACE_OUTER_BOUND('',#100,.T.);
#70=FACE_OUTER_BOUND('',#101,.T.);
#71=FACE_OUTER_BOUND('',#102,.T.);
#72=FACE_OUTER_BOUND('',#103,.T.);
#73=EDGE_LOOP('',(#442,#443,#444));
#74=EDGE_LOOP('',(#445,#446,#447));
#75=EDGE_LOOP('',(#448,#449,#450));
#76=EDGE_LOOP('',(#451,#452,#453));
#77=EDGE_LOOP('',(#454,#455,#456));
#78=EDGE_LOOP('',(#457,#458,#459));
#79=EDGE_LOOP('',(#460,#461,#462));
#80=EDGE_LOOP('',(#463,#464,#465));
#81=EDGE_LOOP('',(#466,#467,#468));
#82=EDGE_LOOP('',(#469,#470,#471));
#83=EDGE_LOOP('',(#472,#473,#474));
#84=EDGE_LOOP('',(#475,#476,#477));
#85=EDGE_LOOP('',(#478,#479,#480));
#86=EDGE_LOOP('',(#481,#482,#483));
#87=EDGE_LOOP('',(#484,#485,#486));
#88=EDGE_LOOP('',(#487,#488,#489));
#89=EDGE_LOOP('',(#490,#491,#492,#493));
#90=EDGE_LOOP('',(#494,#495,#496,#497));
#91=EDGE_LOOP('',(#498,#499,#500));
#92=EDGE_LOOP('',(#501,#502,#503));
#93=EDGE_LOOP('',(#504,#505,#506));
#94=EDGE_LOOP('',(#507,#508,#509,#510));
#95=EDGE_LOOP('',(#511,#512,#513,#514));
#96=EDGE_LOOP('',(#515,#516,#517));
#97=EDGE_LOOP('',(#518,#519,#520,#521));
#98=EDGE_LOOP('',(#522,#523,#524));
#99=EDGE_LOOP('',(#525,#526,#527));
#100=EDGE_LOOP('',(#528,#529,#530));
#101=EDGE_LOOP('',(#531,#532,#533,#534));
#102=EDGE_LOOP('',(#535,#536,#537));
#103=EDGE_LOOP('',(#538,#539,#540,#541,#542));
#104=LINE('',#843,#139);
#105=LINE('',#876,#140);
#106=LINE('',#1065,#141);
#107=LINE('',#1254,#142);
#108=LINE('',#1440,#143);
#109=LINE('',#1473,#144);
#110=LINE('',#1662,#145);
#111=LINE('',#1693,#146);
#112=LINE('',#1882,#147);
#113=LINE('',#1915,#148);
#114=LINE('',#1948,#149);
#115=LINE('',#1981,#150);
#116=LINE('',#2014,#151);
#117=LINE('',#2203,#152);
#118=LINE('',#2236,#153);
#119=LINE('',#2269,#154);
#120=LINE('',#2307,#155);
#121=LINE('',#2343,#156);
#122=LINE('',#2532,#157);
#123=LINE('',#2536,#158);
#124=LINE('',#2597,#159);
#125=LINE('',#2630,#160);
#126=LINE('',#2821,#161);
#127=LINE('',#2859,#162);
#128=LINE('',#2892,#163);
#129=LINE('',#3083,#164);
#130=LINE('',#3116,#165);
#131=LINE('',#3149,#166);
#132=LINE('',#3180,#167);
#133=LINE('',#3216,#168);
#134=LINE('',#3405,#169);
#135=LINE('',#3828,#170);
#136=LINE('',#3830,#171);
#137=LINE('',#3832,#172);
#138=LINE('',#3833,#173);
#139=VECTOR('',#715,0.393700787401575);
#140=VECTOR('',#718,0.393700787401575);
#141=VECTOR('',#721,0.393700787401575);
#142=VECTOR('',#724,0.393700787401575);
#143=VECTOR('',#727,0.393700787401575);
#144=VECTOR('',#730,0.393700787401575);
#145=VECTOR('',#733,0.393700787401575);
#146=VECTOR('',#736,0.393700787401575);
#147=VECTOR('',#739,0.393700787401575);
#148=VECTOR('',#742,0.393700787401575);
#149=VECTOR('',#745,0.393700787401575);
#150=VECTOR('',#748,0.393700787401575);
#151=VECTOR('',#751,0.393700787401575);
#152=VECTOR('',#754,0.393700787401575);
#153=VECTOR('',#757,0.393700787401575);
#154=VECTOR('',#760,0.393700787401575);
#155=VECTOR('',#763,0.393700787401575);
#156=VECTOR('',#766,0.393700787401575);
#157=VECTOR('',#769,0.393700787401575);
#158=VECTOR('',#772,0.393700787401575);
#159=VECTOR('',#773,39.3700787401575);
#160=VECTOR('',#776,0.393700787401575);
#161=VECTOR('',#779,0.393700787401575);
#162=VECTOR('',#782,0.393700787401575);
#163=VECTOR('',#785,0.393700787401575);
#164=VECTOR('',#788,0.393700787401575);
#165=VECTOR('',#791,0.393700787401575);
#166=VECTOR('',#794,0.393700787401575);
#167=VECTOR('',#797,0.393700787401575);
#168=VECTOR('',#800,0.393700787401575);
#169=VECTOR('',#803,0.393700787401575);
#170=VECTOR('',#806,0.393700787401575);
#171=VECTOR('',#807,0.393700787401575);
#172=VECTOR('',#808,0.393700787401575);
#173=VECTOR('',#809,0.393700787401575);
#174=B_SPLINE_CURVE_WITH_KNOTS('',3,(#814,#815,#816,#817,#818,#819),
 .UNSPECIFIED.,.F.,.F.,(4,2,4),(0.,0.0158436649615379,0.0316872732678184),
 .UNSPECIFIED.);
#175=B_SPLINE_CURVE_WITH_KNOTS('',3,(#821,#822,#823,#824,#825,#826,#827,
#828,#829,#830,#831,#832,#833,#834,#835,#836,#837,#838,#839,#840,#841,#842),
 .UNSPECIFIED.,.F.,.F.,(4,2,2,2,2,2,2,2,2,2,4),(0.0463361050593114,0.119281613733682,
0.209989076640059,0.320430805255972,0.445748821781412,0.587099212384014,
0.773417801909213,0.995555097573985,1.44491802833526,1.87079889295121,2.46957916917556),
 .UNSPECIFIED.);
#176=B_SPLINE_CURVE_WITH_KNOTS('',3,(#847,#848,#849,#850,#851,#852),
 .UNSPECIFIED.,.F.,.F.,(4,2,4),(0.,0.0158171440963544,0.0316342652351722),
 .UNSPECIFIED.);
#177=B_SPLINE_CURVE_WITH_KNOTS('',3,(#854,#855,#856,#857,#858,#859,#860,
#861,#862,#863,#864,#865,#866,#867,#868,#869,#870,#871,#872,#873,#874,#875),
 .UNSPECIFIED.,.F.,.F.,(4,2,2,2,2,2,2,2,2,2,4),(0.0468319863288136,0.124066412806311,
0.198187330073778,0.276443010290686,0.369561684883718,0.48011523059628,
0.889879390996259,1.73703747565918,3.42946972526763,5.00703798466267,7.22382716214569),
 .UNSPECIFIED.);
#178=B_SPLINE_CURVE_WITH_KNOTS('',3,(#880,#881,#882,#883,#884,#885),
 .UNSPECIFIED.,.F.,.F.,(4,2,4),(0.,0.0157729724186545,0.0315459462103852),
 .UNSPECIFIED.);
#179=B_SPLINE_CURVE_WITH_KNOTS('',3,(#887,#888,#889,#890,#891,#892,#893,
#894,#895,#896,#897,#898,#899,#900,#901,#902,#903,#904,#905,#906,#907,#908,
#909,#910,#911,#912,#913,#914,#915,#916,#917,#918,#919,#920,#921,#922,#923,
#924,#925,#926,#927,#928,#929,#930,#931,#932,#933,#934,#935,#936,#937,#938,
#939,#940,#941,#942,#943,#944,#945,#946,#947,#948,#949,#950,#951,#952,#953,
#954,#955,#956,#957,#958,#959,#960,#961,#962,#963,#964,#965,#966,#967,#968,
#969,#970,#971,#972,#973,#974,#975,#976,#977,#978,#979,#980,#981,#982,#983,
#984,#985,#986,#987,#988,#989,#990,#991,#992,#993,#994,#995,#996,#997,#998,
#999,#1000,#1001,#1002,#1003,#1004,#1005,#1006,#1007,#1008,#1009,#1010,
#1011,#1012,#1013,#1014,#1015,#1016,#1017,#1018,#1019,#1020,#1021,#1022,
#1023,#1024,#1025,#1026,#1027,#1028,#1029,#1030,#1031,#1032,#1033,#1034,
#1035,#1036,#1037,#1038,#1039,#1040,#1041,#1042,#1043,#1044,#1045,#1046,
#1047,#1048,#1049,#1050,#1051,#1052,#1053,#1054,#1055,#1056,#1057,#1058,
#1059,#1060,#1061,#1062,#1063,#1064),.UNSPECIFIED.,.F.,.F.,(4,3,3,3,3,3,
3,3,3,3,3,3,3,3,3,3,3,3,3,3,3,3,3,3,3,3,3,3,3,3,3,3,3,3,3,3,3,3,3,3,3,3,
3,3,3,3,3,3,3,3,3,3,3,3,3,3,3,3,3,4),(0.0472437571966184,0.111811614992862,
0.1628626365591,0.198258644897346,0.225964769320651,0.249868209705736,0.271334953133105,
0.290905104128309,0.309013128242662,0.327209489750246,0.346134069144235,
0.387046020355932,0.435186384827939,0.466334475048462,0.494104379839762,
0.52994389443842,0.55642367119916,0.578679612622985,0.598387705363317,0.616347975444551,
0.633014979190346,0.648692473867915,0.664015253783799,0.679235125375205,
0.694370420342723,0.724458826250087,0.754420825307084,0.784342099864857,
0.814094098625645,0.843680926111696,0.873126860383036,0.902456757104259,
0.931695942657254,0.96087033942893,0.99000647421318,1.0190789797349,1.04791079454519,
1.07651742013221,1.10493404183454,1.13319402441854,1.18937004583638,1.24528811674144,
1.30118248954561,1.35728852714301,1.41385247204633,1.47112557666711,1.52910890660287,
1.58792320645044,1.64779715745053,1.70899939590201,1.77185472032884,1.83676815338839,
1.90426267120677,1.97504136335188,2.05009794934184,2.13093010430813,2.22000849260496,
2.32201113136766,2.44833689866732,2.65907036783727),.UNSPECIFIED.);
#180=B_SPLINE_CURVE_WITH_KNOTS('',3,(#1069,#1070,#1071,#1072,#1073,#1074),
 .UNSPECIFIED.,.F.,.F.,(4,2,4),(0.,0.0157104081331905,0.031421031614197),
 .UNSPECIFIED.);
#181=B_SPLINE_CURVE_WITH_KNOTS('',3,(#1076,#1077,#1078,#1079,#1080,#1081,
#1082,#1083,#1084,#1085,#1086,#1087,#1088,#1089,#1090,#1091,#1092,#1093,
#1094,#1095,#1096,#1097,#1098,#1099,#1100,#1101,#1102,#1103,#1104,#1105,
#1106,#1107,#1108,#1109,#1110,#1111,#1112,#1113,#1114,#1115,#1116,#1117,
#1118,#1119,#1120,#1121,#1122,#1123,#1124,#1125,#1126,#1127,#1128,#1129,
#1130,#1131,#1132,#1133,#1134,#1135,#1136,#1137,#1138,#1139,#1140,#1141,
#1142,#1143,#1144,#1145,#1146,#1147,#1148,#1149,#1150,#1151,#1152,#1153,
#1154,#1155,#1156,#1157,#1158,#1159,#1160,#1161,#1162,#1163,#1164,#1165,
#1166,#1167,#1168,#1169,#1170,#1171,#1172,#1173,#1174,#1175,#1176,#1177,
#1178,#1179,#1180,#1181,#1182,#1183,#1184,#1185,#1186,#1187,#1188,#1189,
#1190,#1191,#1192,#1193,#1194,#1195,#1196,#1197,#1198,#1199,#1200,#1201,
#1202,#1203,#1204,#1205,#1206,#1207,#1208,#1209,#1210,#1211,#1212,#1213,
#1214,#1215,#1216,#1217,#1218,#1219,#1220,#1221,#1222,#1223,#1224,#1225,
#1226,#1227,#1228,#1229,#1230,#1231,#1232,#1233,#1234,#1235,#1236,#1237,
#1238,#1239,#1240,#1241,#1242,#1243,#1244,#1245,#1246,#1247,#1248,#1249,
#1250,#1251,#1252,#1253),.UNSPECIFIED.,.F.,.F.,(4,3,3,3,3,3,3,3,3,3,3,3,
3,3,3,3,3,3,3,3,3,3,3,3,3,3,3,3,3,3,3,3,3,3,3,3,3,3,3,3,3,3,3,3,3,3,3,3,
3,3,3,3,3,3,3,3,3,3,3,4),(0.047189265173195,0.110995267640986,0.162855661915099,
0.200964498904262,0.23123570181859,0.257980163669595,0.282954788822879,
0.306397375230112,0.328505917692113,0.350245185079663,0.37277532303214,
0.42065671021351,0.473645384851462,0.526886651526081,0.534857345714272,
0.584740598291167,0.622208682214442,0.653504213960582,0.680911646970192,
0.705576752095091,0.72816991211046,0.749124027131606,0.768745862448273,
0.787868991652157,0.806950718276705,0.845084487055441,0.88334121262654,
0.921929734516103,0.960645228354839,0.999215778706258,1.03764571376897,
1.07594133988547,1.11411060509391,1.15216305797511,1.19010958156343,1.2279615725567,
1.26557463450746,1.30286321505555,1.33987384075762,1.37665034501537,1.44966492584257,
1.52221964633677,1.59461121561118,1.6671322138761,1.74008262933413,1.81378146751994,
1.8874817212684,1.9605369313097,2.03323906068961,2.10586677689864,2.17869630349204,
2.25201195145716,2.32611807357141,2.40305347180978,2.48510958232351,2.57336064946288,
2.66931677068216,2.77521822394702,2.8946561390984,3.03408465685445),
 .UNSPECIFIED.);
#182=B_SPLINE_CURVE_WITH_KNOTS('',3,(#1258,#1259,#1260,#1261,#1262,#1263),
 .UNSPECIFIED.,.F.,.F.,(4,2,4),(0.,0.0156305311459422,0.0312611307278064),
 .UNSPECIFIED.);
#183=B_SPLINE_CURVE_WITH_KNOTS('',3,(#1265,#1266,#1267,#1268,#1269,#1270,
#1271,#1272,#1273,#1274,#1275,#1276,#1277,#1278,#1279,#1280,#1281,#1282,
#1283,#1284,#1285,#1286,#1287,#1288,#1289,#1290,#1291,#1292,#1293,#1294,
#1295,#1296,#1297,#1298,#1299,#1300,#1301,#1302,#1303,#1304,#1305,#1306,
#1307,#1308,#1309,#1310,#1311,#1312,#1313,#1314,#1315,#1316,#1317,#1318,
#1319,#1320,#1321,#1322,#1323,#1324,#1325,#1326,#1327,#1328,#1329,#1330,
#1331,#1332,#1333,#1334,#1335,#1336,#1337,#1338,#1339,#1340,#1341,#1342,
#1343,#1344,#1345,#1346,#1347,#1348,#1349,#1350,#1351,#1352,#1353,#1354,
#1355,#1356,#1357,#1358,#1359,#1360,#1361,#1362,#1363,#1364,#1365,#1366,
#1367,#1368,#1369,#1370,#1371,#1372,#1373,#1374,#1375,#1376,#1377,#1378,
#1379,#1380,#1381,#1382,#1383,#1384,#1385,#1386,#1387,#1388,#1389,#1390,
#1391,#1392,#1393,#1394,#1395,#1396,#1397,#1398,#1399,#1400,#1401,#1402,
#1403,#1404,#1405,#1406,#1407,#1408,#1409,#1410,#1411,#1412,#1413,#1414,
#1415,#1416,#1417,#1418,#1419,#1420,#1421,#1422,#1423,#1424,#1425,#1426,
#1427,#1428,#1429,#1430,#1431,#1432,#1433,#1434,#1435,#1436,#1437,#1438,
#1439),.UNSPECIFIED.,.F.,.F.,(4,3,3,3,3,3,3,3,3,3,3,3,3,3,3,3,3,3,3,3,3,
3,3,3,3,3,3,3,3,3,3,3,3,3,3,3,3,3,3,3,3,3,3,3,3,3,3,3,3,3,3,3,3,3,3,3,3,
3,4),(0.0470696092216411,0.110978593791872,0.159496835490759,0.192102473185606,
0.217888795032772,0.241180103751995,0.262795503380973,0.283044512629469,
0.301570673184169,0.317697923264965,0.331993077400611,0.356533465445553,
0.377167970639781,0.393275613567744,0.405451328545222,0.416020129492677,
0.42574730798623,0.435009798131807,0.44404629609103,0.451451453337428,0.457086777297203,
0.461817418284497,0.465972433231135,0.469719330265543,0.476350455334707,
0.482238978980239,0.48798188319498,0.493675498266508,0.499336108443542,
0.504979469911727,0.510621201757166,0.516277158209242,0.521963849043842,
0.52768489155743,0.533369907552328,0.539012133904624,0.544618152772776,
0.550194208701461,0.555746298181977,0.566801555399809,0.577828808873552,
0.588872357285131,0.599977624906239,0.611193031749584,0.62254445175359,
0.634011392458808,0.645631371251479,0.657450220927354,0.669521480253489,
0.681909608812152,0.694694739471439,0.707980122121272,0.72190439112417,
0.736663378295874,0.752552293991571,0.770058609823625,0.790107453329169,
0.814964690078293,0.856938017895337),.UNSPECIFIED.);
#184=B_SPLINE_CURVE_WITH_KNOTS('',3,(#1444,#1445,#1446,#1447,#1448,#1449),
 .UNSPECIFIED.,.F.,.F.,(4,2,4),(0.,0.0155316270378185,0.0310634508387837),
 .UNSPECIFIED.);
#185=B_SPLINE_CURVE_WITH_KNOTS('',3,(#1451,#1452,#1453,#1454,#1455,#1456,
#1457,#1458,#1459,#1460,#1461,#1462,#1463,#1464,#1465,#1466,#1467,#1468,
#1469,#1470,#1471,#1472),.UNSPECIFIED.,.F.,.F.,(4,2,2,2,2,2,2,2,2,2,4),
(0.0463601291213013,0.117521487877115,0.208546221037777,0.32169822770152,
0.45039353593514,0.596156083383147,0.797207978225265,1.03762479800003,1.52367657394906,
1.98274887841647,2.62917828022323),.UNSPECIFIED.);
#186=B_SPLINE_CURVE_WITH_KNOTS('',3,(#1477,#1478,#1479,#1480,#1481,#1482),
 .UNSPECIFIED.,.F.,.F.,(4,2,4),(0.,0.0154154122816808,0.0308306533358944),
 .UNSPECIFIED.);
#187=B_SPLINE_CURVE_WITH_KNOTS('',3,(#1484,#1485,#1486,#1487,#1488,#1489,
#1490,#1491,#1492,#1493,#1494,#1495,#1496,#1497,#1498,#1499,#1500,#1501,
#1502,#1503,#1504,#1505,#1506,#1507,#1508,#1509,#1510,#1511,#1512,#1513,
#1514,#1515,#1516,#1517,#1518,#1519,#1520,#1521,#1522,#1523,#1524,#1525,
#1526,#1527,#1528,#1529,#1530,#1531,#1532,#1533,#1534,#1535,#1536,#1537,
#1538,#1539,#1540,#1541,#1542,#1543,#1544,#1545,#1546,#1547,#1548,#1549,
#1550,#1551,#1552,#1553,#1554,#1555,#1556,#1557,#1558,#1559,#1560,#1561,
#1562,#1563,#1564,#1565,#1566,#1567,#1568,#1569,#1570,#1571,#1572,#1573,
#1574,#1575,#1576,#1577,#1578,#1579,#1580,#1581,#1582,#1583,#1584,#1585,
#1586,#1587,#1588,#1589,#1590,#1591,#1592,#1593,#1594,#1595,#1596,#1597,
#1598,#1599,#1600,#1601,#1602,#1603,#1604,#1605,#1606,#1607,#1608,#1609,
#1610,#1611,#1612,#1613,#1614,#1615,#1616,#1617,#1618,#1619,#1620,#1621,
#1622,#1623,#1624,#1625,#1626,#1627,#1628,#1629,#1630,#1631,#1632,#1633,
#1634,#1635,#1636,#1637,#1638,#1639,#1640,#1641,#1642,#1643,#1644,#1645,
#1646,#1647,#1648,#1649,#1650,#1651,#1652,#1653,#1654,#1655,#1656,#1657,
#1658,#1659,#1660,#1661),.UNSPECIFIED.,.F.,.F.,(4,3,3,3,3,3,3,3,3,3,3,3,
3,3,3,3,3,3,3,3,3,3,3,3,3,3,3,3,3,3,3,3,3,3,3,3,3,3,3,3,3,3,3,3,3,3,3,3,
3,3,3,3,3,3,3,3,3,3,3,4),(0.0468479442733856,0.109774862902483,0.155830277915154,
0.186721736557624,0.211663757109415,0.234269005917662,0.255086574305726,
0.274342902883306,0.291044022578223,0.305656459304614,0.318773514083206,
0.341785895872925,0.361648471977239,0.378727423450233,0.394590465264486,
0.410486166237095,0.427708328850956,0.449377533715597,0.470397426030279,
0.477042576811197,0.504377441420251,0.531529838833417,0.558660728762973,
0.585931904821037,0.613516389660083,0.670447022168734,0.728729637022842,
0.78631671648046,0.843444379872217,0.900336841061277,0.957213172263287,
1.01429512516061,1.07181546831561,1.13002764841352,1.188514699717,1.24664988603181,
1.30448347684846,1.36206442863273,1.41944030483755,1.47665767172324,1.59079908394108,
1.7048504676979,1.81917665509975,1.9341565892261,2.050195938256,2.16616119857016,
2.28091517638851,2.39495966500857,2.50876793360405,2.62280444647168,2.73754401365871,
2.85349203398896,2.97171676928748,3.09613750240429,3.22857634693808,3.37082644848767,
3.52547208118558,3.69648348216168,3.89055837446702,4.1207972565029),
 .UNSPECIFIED.);
#188=B_SPLINE_CURVE_WITH_KNOTS('',3,(#1666,#1667,#1668,#1669,#1670,#1671),
 .UNSPECIFIED.,.F.,.F.,(4,2,4),(0.,0.0152784149829392,0.0305569334229055),
 .UNSPECIFIED.);
#189=B_SPLINE_CURVE_WITH_KNOTS('',3,(#1673,#1674,#1675,#1676,#1677,#1678,
#1679,#1680,#1681,#1682,#1683,#1684,#1685,#1686,#1687,#1688,#1689,#1690,
#1691,#1692),.UNSPECIFIED.,.F.,.F.,(4,2,2,2,2,2,2,2,2,4),(0.0474908266752304,
0.132801246979467,0.216428985635242,0.302342636288875,0.477590224337247,
0.658440274545935,0.788064300010496,1.0401826575288,1.52451390809209,2.81897487920437),
 .UNSPECIFIED.);
#190=B_SPLINE_CURVE_WITH_KNOTS('',3,(#1697,#1698,#1699,#1700,#1701,#1702),
 .UNSPECIFIED.,.F.,.F.,(4,2,4),(0.,0.0151207295757624,0.0302421010204964),
 .UNSPECIFIED.);
#191=B_SPLINE_CURVE_WITH_KNOTS('',3,(#1704,#1705,#1706,#1707,#1708,#1709,
#1710,#1711,#1712,#1713,#1714,#1715,#1716,#1717,#1718,#1719,#1720,#1721,
#1722,#1723,#1724,#1725,#1726,#1727,#1728,#1729,#1730,#1731,#1732,#1733,
#1734,#1735,#1736,#1737,#1738,#1739,#1740,#1741,#1742,#1743,#1744,#1745,
#1746,#1747,#1748,#1749,#1750,#1751,#1752,#1753,#1754,#1755,#1756,#1757,
#1758,#1759,#1760,#1761,#1762,#1763,#1764,#1765,#1766,#1767,#1768,#1769,
#1770,#1771,#1772,#1773,#1774,#1775,#1776,#1777,#1778,#1779,#1780,#1781,
#1782,#1783,#1784,#1785,#1786,#1787,#1788,#1789,#1790,#1791,#1792,#1793,
#1794,#1795,#1796,#1797,#1798,#1799,#1800,#1801,#1802,#1803,#1804,#1805,
#1806,#1807,#1808,#1809,#1810,#1811,#1812,#1813,#1814,#1815,#1816,#1817,
#1818,#1819,#1820,#1821,#1822,#1823,#1824,#1825,#1826,#1827,#1828,#1829,
#1830,#1831,#1832,#1833,#1834,#1835,#1836,#1837,#1838,#1839,#1840,#1841,
#1842,#1843,#1844,#1845,#1846,#1847,#1848,#1849,#1850,#1851,#1852,#1853,
#1854,#1855,#1856,#1857,#1858,#1859,#1860,#1861,#1862,#1863,#1864,#1865,
#1866,#1867,#1868,#1869,#1870,#1871,#1872,#1873,#1874,#1875,#1876,#1877,
#1878,#1879,#1880,#1881),.UNSPECIFIED.,.F.,.F.,(4,3,3,3,3,3,3,3,3,3,3,3,
3,3,3,3,3,3,3,3,3,3,3,3,3,3,3,3,3,3,3,3,3,3,3,3,3,3,3,3,3,3,3,3,3,3,3,3,
3,3,3,3,3,3,3,3,3,3,3,4),(0.047490176118032,0.109998155467217,0.160853594160274,
0.197343593507178,0.226085651235797,0.251146942064099,0.274142705276461,
0.295429525142409,0.315274660708419,0.33470890966312,0.354858373972493,
0.397708869543899,0.445199061364498,0.488408545132451,0.500116610635836,
0.545187751418414,0.58053598791778,0.611429292331011,0.639759150429882,
0.666997994658131,0.693780386538509,0.72027467736654,0.74663571861039,0.773012444234313,
0.799557882369438,0.853828923817872,0.908630338336796,0.962793487751018,
1.01654539631827,1.07010256619924,1.12367817824443,1.17749009818986,1.23176919796402,
1.28675339862336,1.33912573531546,1.38698246593,1.43116034152512,1.47227518262636,
1.5107944422237,1.54708225792447,1.61406623641337,1.67495781640612,1.7309509350715,
1.78290710808145,1.83147220089889,1.87882714181509,1.92668438409489,1.97521044280372,
2.02459516701665,2.07506115972602,2.12687718553192,2.18037808568795,2.23599599005422,
2.2943117648554,2.356146557765,2.42273871927386,2.49613354006947,2.58021196303291,
2.68447452858593,2.86033249365424),.UNSPECIFIED.);
#192=B_SPLINE_CURVE_WITH_KNOTS('',3,(#1886,#1887,#1888,#1889,#1890,#1891),
 .UNSPECIFIED.,.F.,.F.,(4,2,4),(0.,0.0149454876717404,0.029891016871915),
 .UNSPECIFIED.);
#193=B_SPLINE_CURVE_WITH_KNOTS('',3,(#1893,#1894,#1895,#1896,#1897,#1898,
#1899,#1900,#1901,#1902,#1903,#1904,#1905,#1906,#1907,#1908,#1909,#1910,
#1911,#1912,#1913,#1914),.UNSPECIFIED.,.F.,.F.,(4,2,2,2,2,2,2,2,2,2,4),
(0.0473548435902624,0.125158616255345,0.200656431280177,0.280276404563414,
0.38593316792684,0.481432276187596,0.590608102909951,0.722498872057123,
0.983111505671787,1.22953624569714,1.57518481478332),.UNSPECIFIED.);
#194=B_SPLINE_CURVE_WITH_KNOTS('',3,(#1919,#1920,#1921,#1922,#1923,#1924),
 .UNSPECIFIED.,.F.,.F.,(4,2,4),(0.,0.0147476089680812,0.0294955035312132),
 .UNSPECIFIED.);
#195=B_SPLINE_CURVE_WITH_KNOTS('',3,(#1926,#1927,#1928,#1929,#1930,#1931,
#1932,#1933,#1934,#1935,#1936,#1937,#1938,#1939,#1940,#1941,#1942,#1943,
#1944,#1945,#1946,#1947),.UNSPECIFIED.,.F.,.F.,(4,2,2,2,2,2,2,2,2,2,4),
(0.0460987709480486,0.110244393014582,0.208787938487451,0.35193177173032,
0.47544029918092,0.488300955112691,0.495679259573133,0.505461133939529,
0.52531421453164,0.544268212818361,0.571043056396169),.UNSPECIFIED.);
#196=B_SPLINE_CURVE_WITH_KNOTS('',3,(#1952,#1953,#1954,#1955,#1956,#1957),
 .UNSPECIFIED.,.F.,.F.,(4,2,4),(0.,0.0145297698585455,0.0290593052804612),
 .UNSPECIFIED.);
#197=B_SPLINE_CURVE_WITH_KNOTS('',3,(#1959,#1960,#1961,#1962,#1963,#1964,
#1965,#1966,#1967,#1968,#1969,#1970,#1971,#1972,#1973,#1974,#1975,#1976,
#1977,#1978,#1979,#1980),.UNSPECIFIED.,.F.,.F.,(4,2,2,2,2,2,2,2,2,2,4),
(0.0464061010362942,0.112397302832117,0.199472515920121,0.308702314060988,
0.435444232774121,0.535780300760765,0.63450685452662,0.755423655763178,
0.99848638137416,1.22979583538701,1.56979536048016),.UNSPECIFIED.);
#198=B_SPLINE_CURVE_WITH_KNOTS('',3,(#1985,#1986,#1987,#1988,#1989,#1990),
 .UNSPECIFIED.,.F.,.F.,(4,2,4),(0.,0.0142867282739838,0.0285736216891037),
 .UNSPECIFIED.);
#199=B_SPLINE_CURVE_WITH_KNOTS('',3,(#1992,#1993,#1994,#1995,#1996,#1997,
#1998,#1999,#2000,#2001,#2002,#2003,#2004,#2005,#2006,#2007,#2008,#2009,
#2010,#2011,#2012,#2013),.UNSPECIFIED.,.F.,.F.,(4,2,2,2,2,2,2,2,2,2,4),
(0.0478925371622006,0.128399244298734,0.209360937562011,0.292883190153097,
0.465815377764158,0.717559930663661,0.944239968525671,1.23278260618163,
1.62574675088267,1.88878985803432,2.25747558956217),.UNSPECIFIED.);
#200=B_SPLINE_CURVE_WITH_KNOTS('',3,(#2018,#2019,#2020,#2021,#2022,#2023),
 .UNSPECIFIED.,.F.,.F.,(4,2,4),(0.,0.0140202060863235,0.0280404077586376),
 .UNSPECIFIED.);
#201=B_SPLINE_CURVE_WITH_KNOTS('',3,(#2025,#2026,#2027,#2028,#2029,#2030,
#2031,#2032,#2033,#2034,#2035,#2036,#2037,#2038,#2039,#2040,#2041,#2042,
#2043,#2044,#2045,#2046,#2047,#2048,#2049,#2050,#2051,#2052,#2053,#2054,
#2055,#2056,#2057,#2058,#2059,#2060,#2061,#2062,#2063,#2064,#2065,#2066,
#2067,#2068,#2069,#2070,#2071,#2072,#2073,#2074,#2075,#2076,#2077,#2078,
#2079,#2080,#2081,#2082,#2083,#2084,#2085,#2086,#2087,#2088,#2089,#2090,
#2091,#2092,#2093,#2094,#2095,#2096,#2097,#2098,#2099,#2100,#2101,#2102,
#2103,#2104,#2105,#2106,#2107,#2108,#2109,#2110,#2111,#2112,#2113,#2114,
#2115,#2116,#2117,#2118,#2119,#2120,#2121,#2122,#2123,#2124,#2125,#2126,
#2127,#2128,#2129,#2130,#2131,#2132,#2133,#2134,#2135,#2136,#2137,#2138,
#2139,#2140,#2141,#2142,#2143,#2144,#2145,#2146,#2147,#2148,#2149,#2150,
#2151,#2152,#2153,#2154,#2155,#2156,#2157,#2158,#2159,#2160,#2161,#2162,
#2163,#2164,#2165,#2166,#2167,#2168,#2169,#2170,#2171,#2172,#2173,#2174,
#2175,#2176,#2177,#2178,#2179,#2180,#2181,#2182,#2183,#2184,#2185,#2186,
#2187,#2188,#2189,#2190,#2191,#2192,#2193,#2194,#2195,#2196,#2197,#2198,
#2199,#2200,#2201,#2202),.UNSPECIFIED.,.F.,.F.,(4,3,3,3,3,3,3,3,3,3,3,3,
3,3,3,3,3,3,3,3,3,3,3,3,3,3,3,3,3,3,3,3,3,3,3,3,3,3,3,3,3,3,3,3,3,3,3,3,
3,3,3,3,3,3,3,3,3,3,3,4),(0.0479372196001918,0.107431325975051,0.15637109647945,
0.191538743485291,0.219296531467977,0.242414683303409,0.262407580442938,
0.28016544513666,0.296214424701139,0.31177547761866,0.327917872857085,0.362279714697747,
0.40044953486005,0.435806822646748,0.444599729806867,0.480498493115253,
0.508894200562807,0.533782720936072,0.556640807450524,0.578657950475388,
0.600317078890732,0.621753981433399,0.643094174708716,0.664459067810018,
0.685974112958695,0.73000702244644,0.774458659720505,0.818398527121335,
0.862006405744707,0.905453931717318,0.948910145082911,0.992547649048684,
1.03654901835045,1.08109271171977,1.12328595929512,1.16166485127091,1.19697133197892,
1.22974200946137,1.26037872170292,1.28919108333568,1.34227060217202,1.39042562714163,
1.43464200522189,1.47562527038885,1.51390115244639,1.55081132846704,1.58736671034336,
1.62371562029513,1.65999858466144,1.69635383894433,1.7329226317436,1.76985483351079,
1.80750357946554,1.84714584374582,1.88933452228985,1.93461096656939,1.98374157046474,
2.03787371242843,2.098873492294,2.17017022143195),.UNSPECIFIED.);
#202=B_SPLINE_CURVE_WITH_KNOTS('',3,(#2207,#2208,#2209,#2210,#2211,#2212),
 .UNSPECIFIED.,.F.,.F.,(4,2,4),(0.,0.0137281250443212,0.027456316183733),
 .UNSPECIFIED.);
#203=B_SPLINE_CURVE_WITH_KNOTS('',3,(#2214,#2215,#2216,#2217,#2218,#2219,
#2220,#2221,#2222,#2223,#2224,#2225,#2226,#2227,#2228,#2229,#2230,#2231,
#2232,#2233,#2234,#2235),.UNSPECIFIED.,.F.,.F.,(4,2,2,2,2,2,2,2,2,2,4),
(0.0477386381598833,0.117720373280953,0.189682992223713,0.266805336865284,
0.363891709925325,0.460932449719279,0.618302934704655,0.809262916086435,
1.18599772053344,1.54239968941231,2.06648603303142),.UNSPECIFIED.);
#204=B_SPLINE_CURVE_WITH_KNOTS('',3,(#2240,#2241,#2242,#2243,#2244,#2245),
 .UNSPECIFIED.,.F.,.F.,(4,2,4),(0.,0.0134089312988042,0.0268181376414998),
 .UNSPECIFIED.);
#205=B_SPLINE_CURVE_WITH_KNOTS('',3,(#2247,#2248,#2249,#2250,#2251,#2252,
#2253,#2254,#2255,#2256,#2257,#2258,#2259,#2260,#2261,#2262,#2263,#2264,
#2265,#2266,#2267,#2268),.UNSPECIFIED.,.F.,.F.,(4,2,2,2,2,2,2,2,2,2,4),
(0.0457080496376163,0.099440887197878,0.187033746872456,0.3020123147923,
0.453416144039661,0.505864246589497,0.537169691762284,0.578412742461996,
0.662052796545651,0.741837339639138,0.85619280632198),.UNSPECIFIED.);
#206=B_SPLINE_CURVE_WITH_KNOTS('',3,(#2273,#2274,#2275,#2276),
 .UNSPECIFIED.,.F.,.F.,(4,4),(0.,1.22892783168119E-6),.UNSPECIFIED.);
#207=B_SPLINE_CURVE_WITH_KNOTS('',3,(#2278,#2279,#2280,#2281,#2282,#2283),
 .UNSPECIFIED.,.F.,.F.,(4,2,4),(0.,0.0130619410042729,0.0261237406629768),
 .UNSPECIFIED.);
#208=B_SPLINE_CURVE_WITH_KNOTS('',3,(#2285,#2286,#2287,#2288,#2289,#2290,
#2291,#2292,#2293,#2294,#2295,#2296,#2297,#2298,#2299,#2300,#2301,#2302,
#2303,#2304,#2305,#2306),.UNSPECIFIED.,.F.,.F.,(4,2,2,2,2,2,2,2,2,2,4),
(0.0465687400707017,0.102510121730909,0.194642159826878,0.346148038986189,
0.495496784271836,0.514280905450034,0.524994341399465,0.539104768684402,
0.567440421163177,0.594350357879178,0.6320089072496),.UNSPECIFIED.);
#209=B_SPLINE_CURVE_WITH_KNOTS('',3,(#2311,#2312,#2313,#2314),
 .UNSPECIFIED.,.F.,.F.,(4,4),(0.,1.99929078862644E-6),.UNSPECIFIED.);
#210=B_SPLINE_CURVE_WITH_KNOTS('',3,(#2316,#2317,#2318,#2319,#2320,#2321),
 .UNSPECIFIED.,.F.,.F.,(4,2,4),(0.,0.012681165333631,0.0253625042468714),
 .UNSPECIFIED.);
#211=B_SPLINE_CURVE_WITH_KNOTS('',3,(#2323,#2324,#2325,#2326,#2327,#2328,
#2329,#2330,#2331,#2332,#2333,#2334,#2335,#2336,#2337,#2338,#2339,#2340,
#2341,#2342),.UNSPECIFIED.,.F.,.F.,(4,2,2,2,2,2,2,2,2,4),(0.0487190781414801,
0.119724469990806,0.195919840718436,0.275019048308873,0.44459520615141,
0.753248306938891,1.07019610618003,1.47589167950285,2.0120828583113,3.01296300134875),
 .UNSPECIFIED.);
#212=B_SPLINE_CURVE_WITH_KNOTS('',3,(#2347,#2348,#2349,#2350,#2351,#2352),
 .UNSPECIFIED.,.F.,.F.,(4,2,4),(0.,0.0122654933463628,0.024531017179145),
 .UNSPECIFIED.);
#213=B_SPLINE_CURVE_WITH_KNOTS('',3,(#2354,#2355,#2356,#2357,#2358,#2359,
#2360,#2361,#2362,#2363,#2364,#2365,#2366,#2367,#2368,#2369,#2370,#2371,
#2372,#2373,#2374,#2375,#2376,#2377,#2378,#2379,#2380,#2381,#2382,#2383,
#2384,#2385,#2386,#2387,#2388,#2389,#2390,#2391,#2392,#2393,#2394,#2395,
#2396,#2397,#2398,#2399,#2400,#2401,#2402,#2403,#2404,#2405,#2406,#2407,
#2408,#2409,#2410,#2411,#2412,#2413,#2414,#2415,#2416,#2417,#2418,#2419,
#2420,#2421,#2422,#2423,#2424,#2425,#2426,#2427,#2428,#2429,#2430,#2431,
#2432,#2433,#2434,#2435,#2436,#2437,#2438,#2439,#2440,#2441,#2442,#2443,
#2444,#2445,#2446,#2447,#2448,#2449,#2450,#2451,#2452,#2453,#2454,#2455,
#2456,#2457,#2458,#2459,#2460,#2461,#2462,#2463,#2464,#2465,#2466,#2467,
#2468,#2469,#2470,#2471,#2472,#2473,#2474,#2475,#2476,#2477,#2478,#2479,
#2480,#2481,#2482,#2483,#2484,#2485,#2486,#2487,#2488,#2489,#2490,#2491,
#2492,#2493,#2494,#2495,#2496,#2497,#2498,#2499,#2500,#2501,#2502,#2503,
#2504,#2505,#2506,#2507,#2508,#2509,#2510,#2511,#2512,#2513,#2514,#2515,
#2516,#2517,#2518,#2519,#2520,#2521,#2522,#2523,#2524,#2525,#2526,#2527,
#2528,#2529,#2530,#2531),.UNSPECIFIED.,.F.,.F.,(4,3,3,3,3,3,3,3,3,3,3,3,
3,3,3,3,3,3,3,3,3,3,3,3,3,3,3,3,3,3,3,3,3,3,3,3,3,3,3,3,3,3,3,3,3,3,3,3,
3,3,3,3,3,3,3,3,3,3,3,4),(0.0489487537776427,0.103902072070361,0.149488188523656,
0.181913043616591,0.207607713900944,0.229600171238248,0.249166430600765,
0.266877306228525,0.28313044586728,0.299264096078374,0.316042933143485,
0.352129536250687,0.393571861009367,0.433386171079891,0.444057541636387,
0.485816065805916,0.52058112150209,0.551762838765191,0.580823376121343,
0.608529700629164,0.635135008837231,0.660794971514138,0.68563476772277,
0.709756073682611,0.733244143264719,0.778615469244716,0.822898017278626,
0.866683586914117,0.910142849982147,0.953439231450761,0.996733788471207,
1.04019077568953,1.0839834223472,1.12820357698102,1.16943200482051,1.20670745268332,
1.24085609085499,1.2724580102705,1.30193809465848,1.3296181514754,1.38052741480379,
1.42664774658911,1.46896102437465,1.5081623081746,1.54477385501803,1.58059770514509,
1.61681042684258,1.65352541589939,1.69087169899123,1.72899974211667,1.76808960658445,
1.80836277441007,1.85010022042535,1.89367111390145,1.93958174259867,1.98856435765812,
2.04175742397172,2.10112283874362,2.170661230728,2.26183810368313),
 .UNSPECIFIED.);
#214=B_SPLINE_CURVE_WITH_KNOTS('',3,(#2538,#2539,#2540,#2541,#2542,#2543,
#2544,#2545,#2546,#2547,#2548,#2549,#2550,#2551,#2552,#2553,#2554,#2555,
#2556,#2557,#2558,#2559,#2560,#2561,#2562,#2563,#2564,#2565,#2566,#2567,
#2568,#2569,#2570,#2571,#2572,#2573,#2574,#2575,#2576,#2577,#2578,#2579,
#2580,#2581,#2582,#2583,#2584,#2585,#2586,#2587,#2588,#2589,#2590,#2591,
#2592,#2593,#2594,#2595,#2596),.UNSPECIFIED.,.F.,.F.,(4,1,1,1,1,1,1,1,1,
1,1,1,1,1,1,1,1,1,1,1,1,1,1,1,1,1,1,1,1,1,1,1,1,1,1,1,1,1,1,1,1,1,1,1,1,
1,1,1,1,1,1,1,1,1,1,1,4),(0.499971382374404,0.501924619162004,0.503877855949604,
0.505831092737204,0.507784329524804,0.509737566312404,0.511690803100004,
0.513644039887604,0.515597276675204,0.517550513462804,0.519503750250404,
0.523410223825604,0.527316697400804,0.531223170976004,0.535129644551204,
0.539036118126404,0.542942591701604,0.546849065276804,0.550755538852004,
0.554662012427204,0.558568486002404,0.562474959577604,0.570287906728004,
0.578100853878404,0.585913801028804,0.593726748179204,0.601539695329603,
0.609352642480004,0.617165589630403,0.624978536780803,0.632791483931203,
0.640604431081603,0.648417378232003,0.656230325382403,0.664043272532803,
0.671856219683203,0.687482113984003,0.703108008284803,0.718733902585603,
0.734359796886402,0.749985691187202,0.765611585488002,0.781237479788802,
0.796863374089602,0.812489268390402,0.828115162691202,0.843741056992002,
0.859366951292801,0.874992845593601,0.890618739894401,0.906244634195201,
0.921870528496001,0.937496422796801,0.953122317097601,0.9687482113984,0.9843741056992,
1.),.UNSPECIFIED.);
#215=B_SPLINE_CURVE_WITH_KNOTS('',3,(#2601,#2602,#2603,#2604,#2605,#2606),
 .UNSPECIFIED.,.F.,.F.,(4,2,4),(0.,0.0113227334424757,0.0226416079321536),
 .UNSPECIFIED.);
#216=B_SPLINE_CURVE_WITH_KNOTS('',3,(#2608,#2609,#2610,#2611,#2612,#2613,
#2614,#2615,#2616,#2617,#2618,#2619,#2620,#2621,#2622,#2623,#2624,#2625,
#2626,#2627,#2628,#2629),.UNSPECIFIED.,.F.,.F.,(4,2,2,2,2,2,2,2,2,2,4),
(0.0513620900807669,0.103701242486511,0.214198471904353,0.400863953050152,
0.745611484293353,0.925524546899041,1.01663515778259,1.13804069339727,1.38467455895342,
1.61767606209377,1.95048697039596),.UNSPECIFIED.);
#217=B_SPLINE_CURVE_WITH_KNOTS('',3,(#2634,#2635,#2636,#2637),
 .UNSPECIFIED.,.F.,.F.,(4,4),(0.,0.000274477866241029),.UNSPECIFIED.);
#218=B_SPLINE_CURVE_WITH_KNOTS('',3,(#2639,#2640,#2641,#2642,#2643,#2644),
 .UNSPECIFIED.,.F.,.F.,(4,2,4),(0.,0.00667874270291498,0.0133573381205915),
 .UNSPECIFIED.);
#219=B_SPLINE_CURVE_WITH_KNOTS('',3,(#2646,#2647,#2648,#2649,#2650,#2651,
#2652,#2653,#2654,#2655,#2656,#2657,#2658,#2659,#2660,#2661,#2662,#2663,
#2664,#2665,#2666,#2667,#2668,#2669,#2670,#2671,#2672,#2673,#2674,#2675,
#2676,#2677,#2678,#2679,#2680,#2681,#2682,#2683,#2684,#2685,#2686,#2687,
#2688,#2689,#2690,#2691,#2692,#2693,#2694,#2695,#2696,#2697,#2698,#2699,
#2700,#2701,#2702,#2703,#2704,#2705,#2706,#2707,#2708,#2709,#2710,#2711,
#2712,#2713,#2714,#2715,#2716,#2717,#2718,#2719,#2720,#2721,#2722,#2723,
#2724,#2725,#2726,#2727,#2728,#2729,#2730,#2731,#2732,#2733,#2734,#2735,
#2736,#2737,#2738,#2739,#2740,#2741,#2742,#2743,#2744,#2745,#2746,#2747,
#2748,#2749,#2750,#2751,#2752,#2753,#2754,#2755,#2756,#2757,#2758,#2759,
#2760,#2761,#2762,#2763,#2764,#2765,#2766,#2767,#2768,#2769,#2770,#2771,
#2772,#2773,#2774,#2775,#2776,#2777,#2778,#2779,#2780,#2781,#2782,#2783,
#2784,#2785,#2786,#2787,#2788,#2789,#2790,#2791,#2792,#2793,#2794,#2795,
#2796,#2797,#2798,#2799,#2800,#2801,#2802,#2803,#2804,#2805,#2806,#2807,
#2808,#2809,#2810,#2811,#2812,#2813,#2814,#2815,#2816,#2817,#2818,#2819,
#2820),.UNSPECIFIED.,.F.,.F.,(4,3,3,3,3,3,3,3,3,3,3,3,3,3,3,3,3,3,3,3,3,
3,3,3,3,3,3,3,3,3,3,3,3,3,3,3,3,3,3,3,3,3,3,3,3,3,3,3,3,3,3,3,3,3,3,3,3,
3,4),(0.0613589749897101,0.122657923593544,0.193554817995568,0.259305048400382,
0.311430155018663,0.356114016891148,0.400638478456656,0.44619413858825,
0.493837236089536,0.54528552684054,0.600373772428627,0.715281862692409,
0.836370027266274,0.963709656946487,1.09779150982872,1.23760425096924,1.38044840633061,
1.52535272206738,1.67121135438869,1.81685557658184,1.9611360286007,2.10302340775829,
2.24165416508668,2.37779024588529,2.64778193760077,2.91546318995847,3.18165628512121,
3.44716903792196,3.71281059017967,3.97941475121007,4.24786553263308,4.5168406187484,
4.7717953025628,5.01116930664821,5.23640011852113,5.44884520194003,5.6497490218117,
5.84023140009007,6.02129050540554,6.35856608965936,6.66746152292021,6.95257013357465,
7.21750355024222,7.468413596274,7.71560454829153,7.9605907789631,8.20435596675731,
8.44784225814423,8.69198666883301,8.93775783719846,9.18619547776095,9.44352743367685,
9.72035253512655,10.0203769160881,10.3481858334663,10.7096648262148,11.1123501828892,
11.5656001467069,12.0799518904185),.UNSPECIFIED.);
#220=B_SPLINE_CURVE_WITH_KNOTS('',3,(#2825,#2826,#2827,#2828),
 .UNSPECIFIED.,.F.,.F.,(4,4),(0.,1.73894414314954E-5),.UNSPECIFIED.);
#221=B_SPLINE_CURVE_WITH_KNOTS('',3,(#2830,#2831,#2832,#2833,#2834,#2835),
 .UNSPECIFIED.,.F.,.F.,(4,2,4),(0.,0.0107672600636609,0.0215344187476827),
 .UNSPECIFIED.);
#222=B_SPLINE_CURVE_WITH_KNOTS('',3,(#2837,#2838,#2839,#2840,#2841,#2842,
#2843,#2844,#2845,#2846,#2847,#2848,#2849,#2850,#2851,#2852,#2853,#2854,
#2855,#2856,#2857,#2858),.UNSPECIFIED.,.F.,.F.,(4,2,2,2,2,2,2,2,2,2,4),
(0.0513502564958768,0.101152743922225,0.208572842486258,0.389951664558196,
0.717095943605506,0.833037182820438,0.890244685116872,0.965912147034979,
1.14135242085014,1.3616081427993,1.67867554231059),.UNSPECIFIED.);
#223=B_SPLINE_CURVE_WITH_KNOTS('',3,(#2863,#2864,#2865,#2866,#2867,#2868),
 .UNSPECIFIED.,.F.,.F.,(4,2,4),(0.,0.00885048909943493,0.0175995722376994),
 .UNSPECIFIED.);
#224=B_SPLINE_CURVE_WITH_KNOTS('',3,(#2870,#2871,#2872,#2873,#2874,#2875,
#2876,#2877,#2878,#2879,#2880,#2881,#2882,#2883,#2884,#2885,#2886,#2887,
#2888,#2889,#2890,#2891),.UNSPECIFIED.,.F.,.F.,(4,2,2,2,2,2,2,2,2,2,4),
(0.054537281502377,0.0976094720280329,0.224680336025265,0.477303338949872,
0.903212638365502,1.46860056933373,2.0193310175128,2.7356463363146,3.70037787469474,
4.34087011542672,5.32247191793918),.UNSPECIFIED.);
#225=B_SPLINE_CURVE_WITH_KNOTS('',3,(#2896,#2897,#2898,#2899),
 .UNSPECIFIED.,.F.,.F.,(4,4),(0.,2.90331142774979E-5),.UNSPECIFIED.);
#226=B_SPLINE_CURVE_WITH_KNOTS('',3,(#2901,#2902,#2903,#2904,#2905,#2906),
 .UNSPECIFIED.,.F.,.F.,(4,2,4),(0.,0.0101589948122404,0.0203181287489047),
 .UNSPECIFIED.);
#227=B_SPLINE_CURVE_WITH_KNOTS('',3,(#2908,#2909,#2910,#2911,#2912,#2913,
#2914,#2915,#2916,#2917,#2918,#2919,#2920,#2921,#2922,#2923,#2924,#2925,
#2926,#2927,#2928,#2929,#2930,#2931,#2932,#2933,#2934,#2935,#2936,#2937,
#2938,#2939,#2940,#2941,#2942,#2943,#2944,#2945,#2946,#2947,#2948,#2949,
#2950,#2951,#2952,#2953,#2954,#2955,#2956,#2957,#2958,#2959,#2960,#2961,
#2962,#2963,#2964,#2965,#2966,#2967,#2968,#2969,#2970,#2971,#2972,#2973,
#2974,#2975,#2976,#2977,#2978,#2979,#2980,#2981,#2982,#2983,#2984,#2985,
#2986,#2987,#2988,#2989,#2990,#2991,#2992,#2993,#2994,#2995,#2996,#2997,
#2998,#2999,#3000,#3001,#3002,#3003,#3004,#3005,#3006,#3007,#3008,#3009,
#3010,#3011,#3012,#3013,#3014,#3015,#3016,#3017,#3018,#3019,#3020,#3021,
#3022,#3023,#3024,#3025,#3026,#3027,#3028,#3029,#3030,#3031,#3032,#3033,
#3034,#3035,#3036,#3037,#3038,#3039,#3040,#3041,#3042,#3043,#3044,#3045,
#3046,#3047,#3048,#3049,#3050,#3051,#3052,#3053,#3054,#3055,#3056,#3057,
#3058,#3059,#3060,#3061,#3062,#3063,#3064,#3065,#3066,#3067,#3068,#3069,
#3070,#3071,#3072,#3073,#3074,#3075,#3076,#3077,#3078,#3079,#3080,#3081,
#3082),.UNSPECIFIED.,.F.,.F.,(4,3,3,3,3,3,3,3,3,3,3,3,3,3,3,3,3,3,3,3,3,
3,3,3,3,3,3,3,3,3,3,3,3,3,3,3,3,3,3,3,3,3,3,3,3,3,3,3,3,3,3,3,3,3,3,3,3,
3,4),(0.0513636796327008,0.103721982502736,0.149845515573032,0.187096169200436,
0.219004065601202,0.248168976711067,0.27520711347125,0.300483522936248,
0.323742604366962,0.344913037820885,0.364342875030513,0.39895995732875,
0.429090372978163,0.45585736413871,0.48087406535681,0.505303701782737,0.530070811180062,
0.556257609501055,0.583547235828719,0.610345168260607,0.636800714802023,
0.663055453479318,0.689243093377594,0.715495619331135,0.768755595542062,
0.822619486339646,0.876006744972767,0.929036010926603,0.981824213617113,
1.03448741024556,1.08714270031008,1.13991030948604,1.19291606012455,1.2441225462502,
1.29159220079955,1.33587640083689,1.37741553343043,1.41656508871667,1.45361588759118,
1.52234363739781,1.58509622523378,1.6429567625474,1.69673352864079,1.74704583643652,
1.79546612814539,1.84341863630759,1.89109005591151,1.93865677120093,1.98629170763139,
2.03417059708385,2.08247863444043,2.13175457397166,2.18445458989754,2.24167869516589,
2.30445119384171,2.37419647452046,2.45297665676031,2.54391338732654,2.65197531077671),
 .UNSPECIFIED.);
#228=B_SPLINE_CURVE_WITH_KNOTS('',3,(#3087,#3088,#3089,#3090,#3091,#3092),
 .UNSPECIFIED.,.F.,.F.,(4,2,4),(0.,0.00795893537477448,0.0158620979247677),
 .UNSPECIFIED.);
#229=B_SPLINE_CURVE_WITH_KNOTS('',3,(#3094,#3095,#3096,#3097,#3098,#3099,
#3100,#3101,#3102,#3103,#3104,#3105,#3106,#3107,#3108,#3109,#3110,#3111,
#3112,#3113,#3114,#3115),.UNSPECIFIED.,.F.,.F.,(4,2,2,2,2,2,2,2,2,2,4),
(0.0594975996373329,0.0875023030085147,0.181770683585085,0.295834341061289,
0.489550096135206,0.892385238332017,1.51711404510633,2.59454048116777,5.24274698024593,
8.97309928903223,14.3533940351509),.UNSPECIFIED.);
#230=B_SPLINE_CURVE_WITH_KNOTS('',3,(#3120,#3121,#3122,#3123,#3124,#3125),
 .UNSPECIFIED.,.F.,.F.,(4,2,4),(0.,0.0118192974930894,0.0236314385618439),
 .UNSPECIFIED.);
#231=B_SPLINE_CURVE_WITH_KNOTS('',3,(#3127,#3128,#3129,#3130,#3131,#3132,
#3133,#3134,#3135,#3136,#3137,#3138,#3139,#3140,#3141,#3142,#3143,#3144,
#3145,#3146,#3147,#3148),.UNSPECIFIED.,.F.,.F.,(4,2,2,2,2,2,2,2,2,2,4),
(0.0486982499880619,0.106500925133491,0.195121783318622,0.320684692914526,
0.487849200778741,0.630362058095434,0.760587295232961,0.918477134586772,
1.28549248148893,1.8084994544703,2.54943176049733),.UNSPECIFIED.);
#232=B_SPLINE_CURVE_WITH_KNOTS('',3,(#3153,#3154,#3155,#3156,#3157,#3158),
 .UNSPECIFIED.,.F.,.F.,(4,2,4),(0.,0.00438320837247827,0.00835843272302186),
 .UNSPECIFIED.);
#233=B_SPLINE_CURVE_WITH_KNOTS('',3,(#3160,#3161,#3162,#3163,#3164,#3165,
#3166,#3167,#3168,#3169,#3170,#3171,#3172,#3173,#3174,#3175,#3176,#3177,
#3178,#3179),.UNSPECIFIED.,.F.,.F.,(4,2,2,2,2,2,2,2,2,4),(0.0647414528976771,
0.0788234204474009,0.157053746758588,0.230252445631221,0.364168383910221,
0.621077120606001,0.989205608905173,1.86691150453832,3.33660066646369,4.32910003434246),
 .UNSPECIFIED.);
#234=B_SPLINE_CURVE_WITH_KNOTS('',3,(#3184,#3185,#3186,#3187),
 .UNSPECIFIED.,.F.,.F.,(4,4),(0.,0.0004788041970099),.UNSPECIFIED.);
#235=B_SPLINE_CURVE_WITH_KNOTS('',3,(#3189,#3190,#3191,#3192,#3193,#3194),
 .UNSPECIFIED.,.F.,.F.,(4,2,4),(0.,0.00529221453469286,0.0105847479920939),
 .UNSPECIFIED.);
#236=B_SPLINE_CURVE_WITH_KNOTS('',3,(#3196,#3197,#3198,#3199,#3200,#3201,
#3202,#3203,#3204,#3205,#3206,#3207,#3208,#3209,#3210,#3211,#3212,#3213,
#3214,#3215),.UNSPECIFIED.,.F.,.F.,(4,2,2,2,2,2,2,2,2,4),(0.0620954234099417,
0.0826228544869869,0.196469899942922,0.394419630500126,0.738653989164334,
0.887137363782897,1.01063468137394,1.23237281203623,1.5800059676621,2.21880219216231),
 .UNSPECIFIED.);
#237=B_SPLINE_CURVE_WITH_KNOTS('',3,(#3220,#3221,#3222,#3223,#3224,#3225),
 .UNSPECIFIED.,.F.,.F.,(4,2,4),(0.,0.00952572395455331,0.0190320582371121),
 .UNSPECIFIED.);
#238=B_SPLINE_CURVE_WITH_KNOTS('',3,(#3227,#3228,#3229,#3230,#3231,#3232,
#3233,#3234,#3235,#3236,#3237,#3238,#3239,#3240,#3241,#3242,#3243,#3244,
#3245,#3246,#3247,#3248,#3249,#3250,#3251,#3252,#3253,#3254,#3255,#3256,
#3257,#3258,#3259,#3260,#3261,#3262,#3263,#3264,#3265,#3266,#3267,#3268,
#3269,#3270,#3271,#3272,#3273,#3274,#3275,#3276,#3277,#3278,#3279,#3280,
#3281,#3282,#3283,#3284,#3285,#3286,#3287,#3288,#3289,#3290,#3291,#3292,
#3293,#3294,#3295,#3296,#3297,#3298,#3299,#3300,#3301,#3302,#3303,#3304,
#3305,#3306,#3307,#3308,#3309,#3310,#3311,#3312,#3313,#3314,#3315,#3316,
#3317,#3318,#3319,#3320,#3321,#3322,#3323,#3324,#3325,#3326,#3327,#3328,
#3329,#3330,#3331,#3332,#3333,#3334,#3335,#3336,#3337,#3338,#3339,#3340,
#3341,#3342,#3343,#3344,#3345,#3346,#3347,#3348,#3349,#3350,#3351,#3352,
#3353,#3354,#3355,#3356,#3357,#3358,#3359,#3360,#3361,#3362,#3363,#3364,
#3365,#3366,#3367,#3368,#3369,#3370,#3371,#3372,#3373,#3374,#3375,#3376,
#3377,#3378,#3379,#3380,#3381,#3382,#3383,#3384,#3385,#3386,#3387,#3388,
#3389,#3390,#3391,#3392,#3393,#3394,#3395,#3396,#3397,#3398,#3399,#3400,
#3401,#3402,#3403,#3404),.UNSPECIFIED.,.F.,.F.,(4,3,3,3,3,3,3,3,3,3,3,3,
3,3,3,3,3,3,3,3,3,3,3,3,3,3,3,3,3,3,3,3,3,3,3,3,3,3,3,3,3,3,3,3,3,3,3,3,
3,3,3,3,3,3,3,3,3,3,3,4),(0.05143256203638,0.0997994663777235,0.140415122787946,
0.169447649606687,0.192901783325014,0.213917459499718,0.233297387753392,
0.251317160778339,0.268362243899227,0.285800638456462,0.30403636958337,
0.344081041640045,0.393779592916646,0.444129152601231,0.453281770016915,
0.49545374713285,0.53011215342841,0.560696696384113,0.588670037581784,0.614815401718907,
0.639133004978474,0.660532045575323,0.679679053423846,0.697103014497644,
0.71315514965767,0.742067390579971,0.767866368023815,0.793195754025497,
0.818963654234981,0.845432059291485,0.872940728363159,0.901968500543273,
0.933260972171966,0.968146963389323,1.00877740561413,1.04818781512409,1.0840807540338,
1.11713209809208,1.14783289111039,1.17655226894826,1.22912698101363,1.27650856963598,
1.31979504156754,1.35975663365096,1.39695653913109,1.43236581758651,1.46806282518826,
1.50431525754107,1.54125437658281,1.57903500734361,1.61784440604166,1.65791551332211,
1.69954710189184,1.74313704201118,1.78923878862164,1.83866929811919,1.89273061751071,
1.95376083024211,2.02687728014352,2.12982720968269),.UNSPECIFIED.);
#239=B_SPLINE_CURVE_WITH_KNOTS('',3,(#3409,#3410,#3411,#3412,#3413,#3414,
#3415,#3416,#3417,#3418,#3419,#3420,#3421,#3422,#3423,#3424,#3425,#3426,
#3427,#3428,#3429,#3430,#3431,#3432,#3433,#3434,#3435,#3436,#3437,#3438,
#3439,#3440,#3441,#3442,#3443,#3444,#3445,#3446,#3447,#3448,#3449,#3450,
#3451,#3452,#3453,#3454,#3455,#3456,#3457,#3458,#3459,#3460,#3461,#3462,
#3463,#3464,#3465,#3466,#3467,#3468,#3469,#3470,#3471,#3472,#3473,#3474,
#3475,#3476,#3477,#3478,#3479,#3480,#3481,#3482,#3483,#3484,#3485,#3486,
#3487,#3488,#3489,#3490,#3491,#3492,#3493,#3494,#3495,#3496,#3497,#3498,
#3499,#3500,#3501,#3502,#3503,#3504,#3505,#3506,#3507,#3508,#3509,#3510,
#3511,#3512,#3513,#3514,#3515,#3516,#3517,#3518,#3519,#3520,#3521,#3522,
#3523,#3524,#3525,#3526,#3527,#3528,#3529,#3530,#3531,#3532,#3533,#3534,
#3535,#3536,#3537,#3538,#3539,#3540,#3541,#3542,#3543,#3544,#3545,#3546,
#3547,#3548,#3549,#3550,#3551,#3552,#3553,#3554,#3555,#3556,#3557,#3558,
#3559,#3560,#3561,#3562,#3563,#3564,#3565,#3566,#3567,#3568,#3569,#3570,
#3571,#3572,#3573,#3574,#3575,#3576,#3577,#3578,#3579,#3580,#3581,#3582,
#3583,#3584,#3585,#3586,#3587,#3588,#3589,#3590,#3591,#3592,#3593,#3594,
#3595,#3596,#3597,#3598,#3599,#3600,#3601,#3602,#3603,#3604,#3605,#3606,
#3607,#3608,#3609,#3610,#3611,#3612,#3613,#3614,#3615,#3616,#3617,#3618,
#3619,#3620,#3621,#3622,#3623,#3624,#3625,#3626,#3627,#3628,#3629,#3630,
#3631,#3632,#3633,#3634,#3635,#3636,#3637,#3638,#3639,#3640,#3641,#3642,
#3643,#3644,#3645,#3646,#3647,#3648,#3649,#3650,#3651,#3652,#3653,#3654,
#3655,#3656,#3657,#3658,#3659,#3660,#3661,#3662,#3663,#3664,#3665,#3666,
#3667,#3668,#3669,#3670,#3671,#3672,#3673,#3674,#3675,#3676,#3677,#3678,
#3679,#3680,#3681,#3682,#3683,#3684,#3685,#3686,#3687,#3688,#3689,#3690,
#3691,#3692,#3693,#3694,#3695,#3696,#3697,#3698,#3699,#3700,#3701,#3702,
#3703,#3704,#3705,#3706,#3707,#3708,#3709,#3710,#3711,#3712,#3713,#3714,
#3715,#3716,#3717,#3718,#3719,#3720,#3721,#3722,#3723,#3724,#3725,#3726,
#3727,#3728,#3729,#3730,#3731,#3732,#3733,#3734,#3735,#3736,#3737,#3738,
#3739,#3740,#3741,#3742,#3743,#3744,#3745,#3746,#3747,#3748,#3749,#3750,
#3751,#3752,#3753,#3754,#3755,#3756,#3757,#3758,#3759,#3760,#3761,#3762,
#3763,#3764,#3765,#3766,#3767,#3768,#3769,#3770,#3771,#3772,#3773,#3774,
#3775,#3776,#3777,#3778,#3779,#3780,#3781,#3782,#3783,#3784,#3785,#3786,
#3787,#3788,#3789,#3790,#3791,#3792,#3793,#3794,#3795,#3796,#3797,#3798,
#3799,#3800,#3801,#3802,#3803,#3804,#3805,#3806,#3807,#3808,#3809,#3810,
#3811,#3812,#3813,#3814,#3815,#3816,#3817,#3818,#3819,#3820,#3821,#3822,
#3823,#3824,#3825,#3826),.UNSPECIFIED.,.F.,.F.,(4,3,3,3,3,3,3,3,3,3,3,3,
3,3,3,3,3,3,3,3,3,3,3,3,3,3,3,3,3,3,3,3,3,3,3,3,3,3,3,3,3,3,3,3,3,3,3,3,
3,3,3,3,3,3,3,3,3,3,3,3,3,3,3,3,3,3,3,3,3,3,3,3,3,3,3,3,3,3,3,3,3,3,3,3,
3,3,3,3,3,3,3,3,3,3,3,3,3,3,3,3,3,3,3,3,3,3,3,3,3,3,3,3,3,3,3,3,3,3,3,3,
3,3,3,3,3,3,3,3,3,3,3,3,3,3,3,3,3,3,3,4),(-0.000393488201249158,0.00909885197097505,
0.0146451925500553,0.0192567639308202,0.0204510601791574,0.0245632094541005,
0.0312326056294482,0.0372320400705579,0.0564316603374498,0.0625133197804457,
0.0772387452724728,0.0964971976648782,0.107136691875682,0.115737744350852,
0.152148475584876,0.192468589593023,0.232384380341371,0.243734407822865,
0.260918271278029,0.362045757669165,0.479367874972452,0.613524089949952,
0.64477360820042,0.828989991201326,1.03703667683633,1.1156887173657,1.2205340635931,
1.39266463359316,1.56924295453209,1.62740090790874,1.77281790445709,2.00575697840473,
2.24909798241985,2.35889503953596,2.45226156755689,2.63211647379527,2.78983079010443,
2.79789832913966,2.94299929975648,3.094531699689,3.13298949162856,3.24410615880209,
3.39146729541994,3.46446653704809,3.51853280114217,3.53807082410096,3.68810340178292,
3.83837363474942,3.98817383387391,4.13766235093651,4.2874692827111,4.44202370892139,
4.61012107601038,4.63721275982201,4.78603905576946,4.95600894539589,5.11482303910044,
5.22432756029718,5.26777979363805,5.42897031891175,5.43471633422846,5.61712362671032,
5.82661919267239,6.07066662980607,6.35374247276202,6.66754151805782,6.98991384721066,
7.31118448268017,7.6358810988466,7.96861890858441,8.31469299884912,8.67925435704209,
8.87292330546948,9.03079855215821,9.08683839251479,9.53795814594914,9.54647643663003,
9.72544249534266,9.78161214129693,10.0385145249066,10.2137493711916,10.3077961816713,
11.1233554257288,12.5763418521143,14.0391780881554,15.5171640122416,16.4140529290832,
17.005963248879,18.519287466366,20.0153690759358,21.2912645408367,21.4905268354319,
22.9526856883713,24.4219507231948,25.9473379193726,27.5552870841215,29.2629317702627,
31.0419729389263,32.9495976051134,33.8207796264464,35.0273405288072,37.1523746297704,
39.2766067084763,41.4169360928424,43.5821615617513,45.2051153751691,45.7685046689555,
48.4242303710062,49.7727256101548,50.82385480462,53.0901006095499,55.3830954023142,
57.7760994724906,60.3725575475593,63.3479127548074,66.5615727664505,66.9364807958312,
70.6592712945933,74.3524136876618,77.992912220644,79.0572618689011,79.4678377658386,
80.1216115171581,80.8367117817664,81.4969101415249,81.8826185139101,82.2497350229551,
82.9486122629785,83.5804795808189,84.1706480205496,84.7321019446027,85.2774638727764,
85.8191528552656,86.3688511854017,86.9368442711048,87.5314552825246,88.1680699146575,
88.8562476713629,89.6110018999238,90.3664920777864),.UNSPECIFIED.);
#240=VERTEX_POINT('',#812);
#241=VERTEX_POINT('',#813);
#242=VERTEX_POINT('',#820);
#243=VERTEX_POINT('',#845);
#244=VERTEX_POINT('',#846);
#245=VERTEX_POINT('',#853);
#246=VERTEX_POINT('',#878);
#247=VERTEX_POINT('',#879);
#248=VERTEX_POINT('',#886);
#249=VERTEX_POINT('',#1067);
#250=VERTEX_POINT('',#1068);
#251=VERTEX_POINT('',#1075);
#252=VERTEX_POINT('',#1256);
#253=VERTEX_POINT('',#1257);
#254=VERTEX_POINT('',#1264);
#255=VERTEX_POINT('',#1442);
#256=VERTEX_POINT('',#1443);
#257=VERTEX_POINT('',#1450);
#258=VERTEX_POINT('',#1475);
#259=VERTEX_POINT('',#1476);
#260=VERTEX_POINT('',#1483);
#261=VERTEX_POINT('',#1664);
#262=VERTEX_POINT('',#1665);
#263=VERTEX_POINT('',#1672);
#264=VERTEX_POINT('',#1695);
#265=VERTEX_POINT('',#1696);
#266=VERTEX_POINT('',#1703);
#267=VERTEX_POINT('',#1884);
#268=VERTEX_POINT('',#1885);
#269=VERTEX_POINT('',#1892);
#270=VERTEX_POINT('',#1917);
#271=VERTEX_POINT('',#1918);
#272=VERTEX_POINT('',#1925);
#273=VERTEX_POINT('',#1950);
#274=VERTEX_POINT('',#1951);
#275=VERTEX_POINT('',#1958);
#276=VERTEX_POINT('',#1983);
#277=VERTEX_POINT('',#1984);
#278=VERTEX_POINT('',#1991);
#279=VERTEX_POINT('',#2016);
#280=VERTEX_POINT('',#2017);
#281=VERTEX_POINT('',#2024);
#282=VERTEX_POINT('',#2205);
#283=VERTEX_POINT('',#2206);
#284=VERTEX_POINT('',#2213);
#285=VERTEX_POINT('',#2238);
#286=VERTEX_POINT('',#2239);
#287=VERTEX_POINT('',#2246);
#288=VERTEX_POINT('',#2271);
#289=VERTEX_POINT('',#2272);
#290=VERTEX_POINT('',#2277);
#291=VERTEX_POINT('',#2284);
#292=VERTEX_POINT('',#2309);
#293=VERTEX_POINT('',#2310);
#294=VERTEX_POINT('',#2315);
#295=VERTEX_POINT('',#2322);
#296=VERTEX_POINT('',#2345);
#297=VERTEX_POINT('',#2346);
#298=VERTEX_POINT('',#2353);
#299=VERTEX_POINT('',#2534);
#300=VERTEX_POINT('',#2535);
#301=VERTEX_POINT('',#2537);
#302=VERTEX_POINT('',#2599);
#303=VERTEX_POINT('',#2600);
#304=VERTEX_POINT('',#2607);
#305=VERTEX_POINT('',#2632);
#306=VERTEX_POINT('',#2633);
#307=VERTEX_POINT('',#2638);
#308=VERTEX_POINT('',#2645);
#309=VERTEX_POINT('',#2823);
#310=VERTEX_POINT('',#2824);
#311=VERTEX_POINT('',#2829);
#312=VERTEX_POINT('',#2836);
#313=VERTEX_POINT('',#2861);
#314=VERTEX_POINT('',#2862);
#315=VERTEX_POINT('',#2869);
#316=VERTEX_POINT('',#2894);
#317=VERTEX_POINT('',#2895);
#318=VERTEX_POINT('',#2900);
#319=VERTEX_POINT('',#2907);
#320=VERTEX_POINT('',#3085);
#321=VERTEX_POINT('',#3086);
#322=VERTEX_POINT('',#3093);
#323=VERTEX_POINT('',#3118);
#324=VERTEX_POINT('',#3119);
#325=VERTEX_POINT('',#3126);
#326=VERTEX_POINT('',#3151);
#327=VERTEX_POINT('',#3152);
#328=VERTEX_POINT('',#3159);
#329=VERTEX_POINT('',#3182);
#330=VERTEX_POINT('',#3183);
#331=VERTEX_POINT('',#3188);
#332=VERTEX_POINT('',#3195);
#333=VERTEX_POINT('',#3218);
#334=VERTEX_POINT('',#3219);
#335=VERTEX_POINT('',#3226);
#336=VERTEX_POINT('',#3407);
#337=VERTEX_POINT('',#3408);
#338=VERTEX_POINT('',#3827);
#339=VERTEX_POINT('',#3829);
#340=VERTEX_POINT('',#3831);
#341=EDGE_CURVE('',#240,#241,#174,.T.);
#342=EDGE_CURVE('',#242,#240,#175,.T.);
#343=EDGE_CURVE('',#242,#241,#104,.T.);
#344=EDGE_CURVE('',#243,#244,#176,.T.);
#345=EDGE_CURVE('',#245,#243,#177,.T.);
#346=EDGE_CURVE('',#245,#244,#105,.T.);
#347=EDGE_CURVE('',#246,#247,#178,.T.);
#348=EDGE_CURVE('',#248,#246,#179,.T.);
#349=EDGE_CURVE('',#248,#247,#106,.T.);
#350=EDGE_CURVE('',#249,#250,#180,.T.);
#351=EDGE_CURVE('',#251,#249,#181,.T.);
#352=EDGE_CURVE('',#251,#250,#107,.T.);
#353=EDGE_CURVE('',#252,#253,#182,.T.);
#354=EDGE_CURVE('',#254,#252,#183,.T.);
#355=EDGE_CURVE('',#254,#253,#108,.T.);
#356=EDGE_CURVE('',#255,#256,#184,.T.);
#357=EDGE_CURVE('',#257,#255,#185,.T.);
#358=EDGE_CURVE('',#257,#256,#109,.T.);
#359=EDGE_CURVE('',#258,#259,#186,.T.);
#360=EDGE_CURVE('',#260,#258,#187,.T.);
#361=EDGE_CURVE('',#260,#259,#110,.T.);
#362=EDGE_CURVE('',#261,#262,#188,.T.);
#363=EDGE_CURVE('',#263,#261,#189,.T.);
#364=EDGE_CURVE('',#263,#262,#111,.T.);
#365=EDGE_CURVE('',#264,#265,#190,.T.);
#366=EDGE_CURVE('',#266,#264,#191,.T.);
#367=EDGE_CURVE('',#266,#265,#112,.T.);
#368=EDGE_CURVE('',#267,#268,#192,.T.);
#369=EDGE_CURVE('',#269,#267,#193,.T.);
#370=EDGE_CURVE('',#269,#268,#113,.T.);
#371=EDGE_CURVE('',#270,#271,#194,.T.);
#372=EDGE_CURVE('',#272,#270,#195,.T.);
#373=EDGE_CURVE('',#272,#271,#114,.T.);
#374=EDGE_CURVE('',#273,#274,#196,.T.);
#375=EDGE_CURVE('',#275,#273,#197,.T.);
#376=EDGE_CURVE('',#275,#274,#115,.T.);
#377=EDGE_CURVE('',#276,#277,#198,.T.);
#378=EDGE_CURVE('',#278,#276,#199,.T.);
#379=EDGE_CURVE('',#278,#277,#116,.T.);
#380=EDGE_CURVE('',#279,#280,#200,.T.);
#381=EDGE_CURVE('',#281,#279,#201,.T.);
#382=EDGE_CURVE('',#281,#280,#117,.T.);
#383=EDGE_CURVE('',#282,#283,#202,.T.);
#384=EDGE_CURVE('',#284,#282,#203,.T.);
#385=EDGE_CURVE('',#284,#283,#118,.T.);
#386=EDGE_CURVE('',#285,#286,#204,.T.);
#387=EDGE_CURVE('',#287,#285,#205,.T.);
#388=EDGE_CURVE('',#287,#286,#119,.T.);
#389=EDGE_CURVE('',#288,#289,#206,.T.);
#390=EDGE_CURVE('',#290,#288,#207,.T.);
#391=EDGE_CURVE('',#291,#290,#208,.T.);
#392=EDGE_CURVE('',#291,#289,#120,.T.);
#393=EDGE_CURVE('',#292,#293,#209,.T.);
#394=EDGE_CURVE('',#294,#292,#210,.T.);
#395=EDGE_CURVE('',#295,#294,#211,.T.);
#396=EDGE_CURVE('',#295,#293,#121,.T.);
#397=EDGE_CURVE('',#296,#297,#212,.T.);
#398=EDGE_CURVE('',#298,#296,#213,.T.);
#399=EDGE_CURVE('',#298,#297,#122,.T.);
#400=EDGE_CURVE('',#299,#300,#123,.T.);
#401=EDGE_CURVE('',#300,#301,#214,.T.);
#402=EDGE_CURVE('',#301,#299,#124,.T.);
#403=EDGE_CURVE('',#302,#303,#215,.T.);
#404=EDGE_CURVE('',#304,#302,#216,.T.);
#405=EDGE_CURVE('',#304,#303,#125,.T.);
#406=EDGE_CURVE('',#305,#306,#217,.T.);
#407=EDGE_CURVE('',#307,#305,#218,.T.);
#408=EDGE_CURVE('',#308,#307,#219,.T.);
#409=EDGE_CURVE('',#308,#306,#126,.T.);
#410=EDGE_CURVE('',#309,#310,#220,.T.);
#411=EDGE_CURVE('',#311,#309,#221,.T.);
#412=EDGE_CURVE('',#312,#311,#222,.T.);
#413=EDGE_CURVE('',#312,#310,#127,.T.);
#414=EDGE_CURVE('',#313,#314,#223,.T.);
#415=EDGE_CURVE('',#315,#313,#224,.T.);
#416=EDGE_CURVE('',#315,#314,#128,.T.);
#417=EDGE_CURVE('',#316,#317,#225,.T.);
#418=EDGE_CURVE('',#318,#316,#226,.T.);
#419=EDGE_CURVE('',#319,#318,#227,.T.);
#420=EDGE_CURVE('',#319,#317,#129,.T.);
#421=EDGE_CURVE('',#320,#321,#228,.T.);
#422=EDGE_CURVE('',#322,#320,#229,.T.);
#423=EDGE_CURVE('',#322,#321,#130,.T.);
#424=EDGE_CURVE('',#323,#324,#230,.T.);
#425=EDGE_CURVE('',#325,#323,#231,.T.);
#426=EDGE_CURVE('',#325,#324,#131,.T.);
#427=EDGE_CURVE('',#326,#327,#232,.T.);
#428=EDGE_CURVE('',#328,#326,#233,.T.);
#429=EDGE_CURVE('',#328,#327,#132,.T.);
#430=EDGE_CURVE('',#329,#330,#234,.T.);
#431=EDGE_CURVE('',#331,#329,#235,.T.);
#432=EDGE_CURVE('',#332,#331,#236,.T.);
#433=EDGE_CURVE('',#332,#330,#133,.T.);
#434=EDGE_CURVE('',#333,#334,#237,.T.);
#435=EDGE_CURVE('',#335,#333,#238,.T.);
#436=EDGE_CURVE('',#335,#334,#134,.T.);
#437=EDGE_CURVE('',#336,#337,#239,.T.);
#438=EDGE_CURVE('',#338,#337,#135,.T.);
#439=EDGE_CURVE('',#339,#338,#136,.T.);
#440=EDGE_CURVE('',#340,#339,#137,.T.);
#441=EDGE_CURVE('',#336,#340,#138,.T.);
#442=ORIENTED_EDGE('',*,*,#341,.F.);
#443=ORIENTED_EDGE('',*,*,#342,.F.);
#444=ORIENTED_EDGE('',*,*,#343,.T.);
#445=ORIENTED_EDGE('',*,*,#344,.F.);
#446=ORIENTED_EDGE('',*,*,#345,.F.);
#447=ORIENTED_EDGE('',*,*,#346,.T.);
#448=ORIENTED_EDGE('',*,*,#347,.F.);
#449=ORIENTED_EDGE('',*,*,#348,.F.);
#450=ORIENTED_EDGE('',*,*,#349,.T.);
#451=ORIENTED_EDGE('',*,*,#350,.F.);
#452=ORIENTED_EDGE('',*,*,#351,.F.);
#453=ORIENTED_EDGE('',*,*,#352,.T.);
#454=ORIENTED_EDGE('',*,*,#353,.F.);
#455=ORIENTED_EDGE('',*,*,#354,.F.);
#456=ORIENTED_EDGE('',*,*,#355,.T.);
#457=ORIENTED_EDGE('',*,*,#356,.F.);
#458=ORIENTED_EDGE('',*,*,#357,.F.);
#459=ORIENTED_EDGE('',*,*,#358,.T.);
#460=ORIENTED_EDGE('',*,*,#359,.F.);
#461=ORIENTED_EDGE('',*,*,#360,.F.);
#462=ORIENTED_EDGE('',*,*,#361,.T.);
#463=ORIENTED_EDGE('',*,*,#362,.F.);
#464=ORIENTED_EDGE('',*,*,#363,.F.);
#465=ORIENTED_EDGE('',*,*,#364,.T.);
#466=ORIENTED_EDGE('',*,*,#365,.F.);
#467=ORIENTED_EDGE('',*,*,#366,.F.);
#468=ORIENTED_EDGE('',*,*,#367,.T.);
#469=ORIENTED_EDGE('',*,*,#368,.F.);
#470=ORIENTED_EDGE('',*,*,#369,.F.);
#471=ORIENTED_EDGE('',*,*,#370,.T.);
#472=ORIENTED_EDGE('',*,*,#371,.F.);
#473=ORIENTED_EDGE('',*,*,#372,.F.);
#474=ORIENTED_EDGE('',*,*,#373,.T.);
#475=ORIENTED_EDGE('',*,*,#374,.F.);
#476=ORIENTED_EDGE('',*,*,#375,.F.);
#477=ORIENTED_EDGE('',*,*,#376,.T.);
#478=ORIENTED_EDGE('',*,*,#377,.F.);
#479=ORIENTED_EDGE('',*,*,#378,.F.);
#480=ORIENTED_EDGE('',*,*,#379,.T.);
#481=ORIENTED_EDGE('',*,*,#380,.F.);
#482=ORIENTED_EDGE('',*,*,#381,.F.);
#483=ORIENTED_EDGE('',*,*,#382,.T.);
#484=ORIENTED_EDGE('',*,*,#383,.F.);
#485=ORIENTED_EDGE('',*,*,#384,.F.);
#486=ORIENTED_EDGE('',*,*,#385,.T.);
#487=ORIENTED_EDGE('',*,*,#386,.F.);
#488=ORIENTED_EDGE('',*,*,#387,.F.);
#489=ORIENTED_EDGE('',*,*,#388,.T.);
#490=ORIENTED_EDGE('',*,*,#389,.F.);
#491=ORIENTED_EDGE('',*,*,#390,.F.);
#492=ORIENTED_EDGE('',*,*,#391,.F.);
#493=ORIENTED_EDGE('',*,*,#392,.T.);
#494=ORIENTED_EDGE('',*,*,#393,.F.);
#495=ORIENTED_EDGE('',*,*,#394,.F.);
#496=ORIENTED_EDGE('',*,*,#395,.F.);
#497=ORIENTED_EDGE('',*,*,#396,.T.);
#498=ORIENTED_EDGE('',*,*,#397,.F.);
#499=ORIENTED_EDGE('',*,*,#398,.F.);
#500=ORIENTED_EDGE('',*,*,#399,.T.);
#501=ORIENTED_EDGE('',*,*,#400,.T.);
#502=ORIENTED_EDGE('',*,*,#401,.T.);
#503=ORIENTED_EDGE('',*,*,#402,.T.);
#504=ORIENTED_EDGE('',*,*,#403,.F.);
#505=ORIENTED_EDGE('',*,*,#404,.F.);
#506=ORIENTED_EDGE('',*,*,#405,.T.);
#507=ORIENTED_EDGE('',*,*,#406,.F.);
#508=ORIENTED_EDGE('',*,*,#407,.F.);
#509=ORIENTED_EDGE('',*,*,#408,.F.);
#510=ORIENTED_EDGE('',*,*,#409,.T.);
#511=ORIENTED_EDGE('',*,*,#410,.F.);
#512=ORIENTED_EDGE('',*,*,#411,.F.);
#513=ORIENTED_EDGE('',*,*,#412,.F.);
#514=ORIENTED_EDGE('',*,*,#413,.T.);
#515=ORIENTED_EDGE('',*,*,#414,.F.);
#516=ORIENTED_EDGE('',*,*,#415,.F.);
#517=ORIENTED_EDGE('',*,*,#416,.T.);
#518=ORIENTED_EDGE('',*,*,#417,.F.);
#519=ORIENTED_EDGE('',*,*,#418,.F.);
#520=ORIENTED_EDGE('',*,*,#419,.F.);
#521=ORIENTED_EDGE('',*,*,#420,.T.);
#522=ORIENTED_EDGE('',*,*,#421,.F.);
#523=ORIENTED_EDGE('',*,*,#422,.F.);
#524=ORIENTED_EDGE('',*,*,#423,.T.);
#525=ORIENTED_EDGE('',*,*,#424,.F.);
#526=ORIENTED_EDGE('',*,*,#425,.F.);
#527=ORIENTED_EDGE('',*,*,#426,.T.);
#528=ORIENTED_EDGE('',*,*,#427,.F.);
#529=ORIENTED_EDGE('',*,*,#428,.F.);
#530=ORIENTED_EDGE('',*,*,#429,.T.);
#531=ORIENTED_EDGE('',*,*,#430,.F.);
#532=ORIENTED_EDGE('',*,*,#431,.F.);
#533=ORIENTED_EDGE('',*,*,#432,.F.);
#534=ORIENTED_EDGE('',*,*,#433,.T.);
#535=ORIENTED_EDGE('',*,*,#434,.F.);
#536=ORIENTED_EDGE('',*,*,#435,.F.);
#537=ORIENTED_EDGE('',*,*,#436,.T.);
#538=ORIENTED_EDGE('',*,*,#437,.T.);
#539=ORIENTED_EDGE('',*,*,#438,.F.);
#540=ORIENTED_EDGE('',*,*,#439,.F.);
#541=ORIENTED_EDGE('',*,*,#440,.F.);
#542=ORIENTED_EDGE('',*,*,#441,.F.);
#543=PLANE('',#680);
#544=PLANE('',#681);
#545=PLANE('',#682);
#546=PLANE('',#683);
#547=PLANE('',#684);
#548=PLANE('',#685);
#549=PLANE('',#686);
#550=PLANE('',#687);
#551=PLANE('',#688);
#552=PLANE('',#689);
#553=PLANE('',#690);
#554=PLANE('',#691);
#555=PLANE('',#692);
#556=PLANE('',#693);
#557=PLANE('',#694);
#558=PLANE('',#695);
#559=PLANE('',#696);
#560=PLANE('',#697);
#561=PLANE('',#698);
#562=PLANE('',#699);
#563=PLANE('',#700);
#564=PLANE('',#701);
#565=PLANE('',#702);
#566=PLANE('',#703);
#567=PLANE('',#704);
#568=PLANE('',#705);
#569=PLANE('',#706);
#570=PLANE('',#707);
#571=PLANE('',#708);
#572=PLANE('',#709);
#573=PLANE('',#710);
#574=ADVANCED_FACE('',(#42),#543,.T.);
#575=ADVANCED_FACE('',(#43),#544,.T.);
#576=ADVANCED_FACE('',(#44),#545,.T.);
#577=ADVANCED_FACE('',(#45),#546,.T.);
#578=ADVANCED_FACE('',(#46),#547,.T.);
#579=ADVANCED_FACE('',(#47),#548,.T.);
#580=ADVANCED_FACE('',(#48),#549,.T.);
#581=ADVANCED_FACE('',(#49),#550,.T.);
#582=ADVANCED_FACE('',(#50),#551,.T.);
#583=ADVANCED_FACE('',(#51),#552,.T.);
#584=ADVANCED_FACE('',(#52),#553,.T.);
#585=ADVANCED_FACE('',(#53),#554,.T.);
#586=ADVANCED_FACE('',(#54),#555,.T.);
#587=ADVANCED_FACE('',(#55),#556,.T.);
#588=ADVANCED_FACE('',(#56),#557,.T.);
#589=ADVANCED_FACE('',(#57),#558,.T.);
#590=ADVANCED_FACE('',(#58),#559,.T.);
#591=ADVANCED_FACE('',(#59),#560,.T.);
#592=ADVANCED_FACE('',(#60),#561,.T.);
#593=ADVANCED_FACE('',(#61),#562,.T.);
#594=ADVANCED_FACE('',(#62),#563,.T.);
#595=ADVANCED_FACE('',(#63),#564,.T.);
#596=ADVANCED_FACE('',(#64),#565,.T.);
#597=ADVANCED_FACE('',(#65),#566,.T.);
#598=ADVANCED_FACE('',(#66),#567,.T.);
#599=ADVANCED_FACE('',(#67),#568,.T.);
#600=ADVANCED_FACE('',(#68),#569,.T.);
#601=ADVANCED_FACE('',(#69),#570,.T.);
#602=ADVANCED_FACE('',(#70),#571,.T.);
#603=ADVANCED_FACE('',(#71),#572,.T.);
#604=ADVANCED_FACE('',(#72),#573,.T.);
#605=OPEN_SHELL('',(#574));
#606=OPEN_SHELL('',(#575));
#607=OPEN_SHELL('',(#576));
#608=OPEN_SHELL('',(#577));
#609=OPEN_SHELL('',(#578));
#610=OPEN_SHELL('',(#579));
#611=OPEN_SHELL('',(#580));
#612=OPEN_SHELL('',(#581));
#613=OPEN_SHELL('',(#582));
#614=OPEN_SHELL('',(#583));
#615=OPEN_SHELL('',(#584));
#616=OPEN_SHELL('',(#585));
#617=OPEN_SHELL('',(#586));
#618=OPEN_SHELL('',(#587));
#619=OPEN_SHELL('',(#588));
#620=OPEN_SHELL('',(#589));
#621=OPEN_SHELL('',(#590));
#622=OPEN_SHELL('',(#591));
#623=OPEN_SHELL('',(#592));
#624=OPEN_SHELL('',(#593));
#625=OPEN_SHELL('',(#594));
#626=OPEN_SHELL('',(#595));
#627=OPEN_SHELL('',(#596));
#628=OPEN_SHELL('',(#597));
#629=OPEN_SHELL('',(#598));
#630=OPEN_SHELL('',(#599));
#631=OPEN_SHELL('',(#600));
#632=OPEN_SHELL('',(#601));
#633=OPEN_SHELL('',(#602));
#634=OPEN_SHELL('',(#603));
#635=OPEN_SHELL('',(#604));
#636=SHELL_BASED_SURFACE_MODEL('Body3',(#605));
#637=SHELL_BASED_SURFACE_MODEL('Body4',(#606));
#638=SHELL_BASED_SURFACE_MODEL('Body5',(#607));
#639=SHELL_BASED_SURFACE_MODEL('Body6',(#608));
#640=SHELL_BASED_SURFACE_MODEL('Body7',(#609));
#641=SHELL_BASED_SURFACE_MODEL('Body8',(#610));
#642=SHELL_BASED_SURFACE_MODEL('Body9',(#611));
#643=SHELL_BASED_SURFACE_MODEL('Body10',(#612));
#644=SHELL_BASED_SURFACE_MODEL('Body11',(#613));
#645=SHELL_BASED_SURFACE_MODEL('Body12',(#614));
#646=SHELL_BASED_SURFACE_MODEL('Body13',(#615));
#647=SHELL_BASED_SURFACE_MODEL('Body14',(#616));
#648=SHELL_BASED_SURFACE_MODEL('Body15',(#617));
#649=SHELL_BASED_SURFACE_MODEL('Body16',(#618));
#650=SHELL_BASED_SURFACE_MODEL('Body17',(#619));
#651=SHELL_BASED_SURFACE_MODEL('Body18',(#620));
#652=SHELL_BASED_SURFACE_MODEL('Body19',(#621));
#653=SHELL_BASED_SURFACE_MODEL('Body20',(#622));
#654=SHELL_BASED_SURFACE_MODEL('Body21',(#623));
#655=SHELL_BASED_SURFACE_MODEL('Body52',(#624));
#656=SHELL_BASED_SURFACE_MODEL('Body43',(#625));
#657=SHELL_BASED_SURFACE_MODEL('Body49',(#626));
#658=SHELL_BASED_SURFACE_MODEL('Body44',(#627));
#659=SHELL_BASED_SURFACE_MODEL('Body47',(#628));
#660=SHELL_BASED_SURFACE_MODEL('Body45',(#629));
#661=SHELL_BASED_SURFACE_MODEL('Body48',(#630));
#662=SHELL_BASED_SURFACE_MODEL('Body2',(#631));
#663=SHELL_BASED_SURFACE_MODEL('Body51',(#632));
#664=SHELL_BASED_SURFACE_MODEL('Body50',(#633));
#665=SHELL_BASED_SURFACE_MODEL('Body46',(#634));
#666=SHELL_BASED_SURFACE_MODEL('Body63',(#635));
#667=DERIVED_UNIT_ELEMENT(#669,1.);
#668=DERIVED_UNIT_ELEMENT(#3841,-3.);
#669=(
MASS_UNIT()
NAMED_UNIT(*)
SI_UNIT(.KILO.,.GRAM.)
);
#670=DERIVED_UNIT((#667,#668));
#671=MEASURE_REPRESENTATION_ITEM('density measure',
POSITIVE_RATIO_MEASURE(7850.),#670);
#672=PROPERTY_DEFINITION_REPRESENTATION(#677,#674);
#673=PROPERTY_DEFINITION_REPRESENTATION(#678,#675);
#674=REPRESENTATION('material name',(#676),#3836);
#675=REPRESENTATION('density',(#671),#3836);
#676=DESCRIPTIVE_REPRESENTATION_ITEM('Steel','Steel');
#677=PROPERTY_DEFINITION('material property','material name',#3849);
#678=PROPERTY_DEFINITION('material property','density of part',#3849);
#679=AXIS2_PLACEMENT_3D('',#810,#711,#712);
#680=AXIS2_PLACEMENT_3D('',#811,#713,#714);
#681=AXIS2_PLACEMENT_3D('',#844,#716,#717);
#682=AXIS2_PLACEMENT_3D('',#877,#719,#720);
#683=AXIS2_PLACEMENT_3D('',#1066,#722,#723);
#684=AXIS2_PLACEMENT_3D('',#1255,#725,#726);
#685=AXIS2_PLACEMENT_3D('',#1441,#728,#729);
#686=AXIS2_PLACEMENT_3D('',#1474,#731,#732);
#687=AXIS2_PLACEMENT_3D('',#1663,#734,#735);
#688=AXIS2_PLACEMENT_3D('',#1694,#737,#738);
#689=AXIS2_PLACEMENT_3D('',#1883,#740,#741);
#690=AXIS2_PLACEMENT_3D('',#1916,#743,#744);
#691=AXIS2_PLACEMENT_3D('',#1949,#746,#747);
#692=AXIS2_PLACEMENT_3D('',#1982,#749,#750);
#693=AXIS2_PLACEMENT_3D('',#2015,#752,#753);
#694=AXIS2_PLACEMENT_3D('',#2204,#755,#756);
#695=AXIS2_PLACEMENT_3D('',#2237,#758,#759);
#696=AXIS2_PLACEMENT_3D('',#2270,#761,#762);
#697=AXIS2_PLACEMENT_3D('',#2308,#764,#765);
#698=AXIS2_PLACEMENT_3D('',#2344,#767,#768);
#699=AXIS2_PLACEMENT_3D('',#2533,#770,#771);
#700=AXIS2_PLACEMENT_3D('',#2598,#774,#775);
#701=AXIS2_PLACEMENT_3D('',#2631,#777,#778);
#702=AXIS2_PLACEMENT_3D('',#2822,#780,#781);
#703=AXIS2_PLACEMENT_3D('',#2860,#783,#784);
#704=AXIS2_PLACEMENT_3D('',#2893,#786,#787);
#705=AXIS2_PLACEMENT_3D('',#3084,#789,#790);
#706=AXIS2_PLACEMENT_3D('',#3117,#792,#793);
#707=AXIS2_PLACEMENT_3D('',#3150,#795,#796);
#708=AXIS2_PLACEMENT_3D('',#3181,#798,#799);
#709=AXIS2_PLACEMENT_3D('',#3217,#801,#802);
#710=AXIS2_PLACEMENT_3D('',#3406,#804,#805);
#711=DIRECTION('axis',(0.,0.,1.));
#712=DIRECTION('refdir',(1.,0.,0.));
#713=DIRECTION('center_axis',(-1.,0.,0.));
#714=DIRECTION('ref_axis',(0.,-1.,0.));
#715=DIRECTION('',(0.,-1.,0.));
#716=DIRECTION('center_axis',(-1.,0.,0.));
#717=DIRECTION('ref_axis',(0.,-1.,0.));
#718=DIRECTION('',(0.,-1.,0.));
#719=DIRECTION('center_axis',(-1.,0.,0.));
#720=DIRECTION('ref_axis',(0.,-1.,0.));
#721=DIRECTION('',(0.,-1.,0.));
#722=DIRECTION('center_axis',(-1.,0.,0.));
#723=DIRECTION('ref_axis',(0.,-1.,0.));
#724=DIRECTION('',(0.,-1.,0.));
#725=DIRECTION('center_axis',(-1.,0.,0.));
#726=DIRECTION('ref_axis',(0.,-1.,0.));
#727=DIRECTION('',(0.,-1.,0.));
#728=DIRECTION('center_axis',(-1.,0.,0.));
#729=DIRECTION('ref_axis',(0.,-1.,0.));
#730=DIRECTION('',(0.,-1.,0.));
#731=DIRECTION('center_axis',(-1.,0.,0.));
#732=DIRECTION('ref_axis',(0.,-1.,0.));
#733=DIRECTION('',(0.,-1.,0.));
#734=DIRECTION('center_axis',(-1.,0.,0.));
#735=DIRECTION('ref_axis',(0.,-1.,0.));
#736=DIRECTION('',(0.,-1.,0.));
#737=DIRECTION('center_axis',(-1.,0.,0.));
#738=DIRECTION('ref_axis',(0.,-1.,0.));
#739=DIRECTION('',(0.,-1.,0.));
#740=DIRECTION('center_axis',(-1.,0.,0.));
#741=DIRECTION('ref_axis',(0.,-1.,0.));
#742=DIRECTION('',(0.,-1.,0.));
#743=DIRECTION('center_axis',(-1.,0.,0.));
#744=DIRECTION('ref_axis',(0.,-1.,0.));
#745=DIRECTION('',(0.,-1.,0.));
#746=DIRECTION('center_axis',(-1.,0.,0.));
#747=DIRECTION('ref_axis',(0.,-1.,0.));
#748=DIRECTION('',(0.,-1.,0.));
#749=DIRECTION('center_axis',(-1.,0.,0.));
#750=DIRECTION('ref_axis',(0.,-1.,0.));
#751=DIRECTION('',(0.,-1.,0.));
#752=DIRECTION('center_axis',(-1.,0.,0.));
#753=DIRECTION('ref_axis',(0.,-1.,0.));
#754=DIRECTION('',(0.,-1.,0.));
#755=DIRECTION('center_axis',(-1.,0.,0.));
#756=DIRECTION('ref_axis',(0.,-1.,0.));
#757=DIRECTION('',(0.,-1.,0.));
#758=DIRECTION('center_axis',(-1.,0.,0.));
#759=DIRECTION('ref_axis',(0.,-1.,0.));
#760=DIRECTION('',(0.,-1.,0.));
#761=DIRECTION('center_axis',(-1.,0.,0.));
#762=DIRECTION('ref_axis',(0.,-1.,0.));
#763=DIRECTION('',(0.,-1.,0.));
#764=DIRECTION('center_axis',(-1.,0.,0.));
#765=DIRECTION('ref_axis',(0.,-1.,0.));
#766=DIRECTION('',(0.,-1.,0.));
#767=DIRECTION('center_axis',(-1.,0.,0.));
#768=DIRECTION('ref_axis',(0.,-1.,0.));
#769=DIRECTION('',(0.,-1.,0.));
#770=DIRECTION('center_axis',(1.,1.60946282576271E-16,-7.71829000726851E-16));
#771=DIRECTION('ref_axis',(-7.71829000726851E-16,0.,-1.));
#772=DIRECTION('',(-1.60946282576271E-16,1.,0.));
#773=DIRECTION('',(0.,-5.25263418558222E-13,-1.));
#774=DIRECTION('center_axis',(-1.,0.,0.));
#775=DIRECTION('ref_axis',(0.,-1.,0.));
#776=DIRECTION('',(0.,-1.,0.));
#777=DIRECTION('center_axis',(-1.,0.,0.));
#778=DIRECTION('ref_axis',(0.,-1.,0.));
#779=DIRECTION('',(0.,-1.,0.));
#780=DIRECTION('center_axis',(-1.,0.,0.));
#781=DIRECTION('ref_axis',(0.,-1.,0.));
#782=DIRECTION('',(0.,-1.,0.));
#783=DIRECTION('center_axis',(-1.,0.,0.));
#784=DIRECTION('ref_axis',(0.,-1.,0.));
#785=DIRECTION('',(0.,-1.,0.));
#786=DIRECTION('center_axis',(-1.,0.,0.));
#787=DIRECTION('ref_axis',(0.,-1.,0.));
#788=DIRECTION('',(0.,-1.,0.));
#789=DIRECTION('center_axis',(-1.,0.,0.));
#790=DIRECTION('ref_axis',(0.,-1.,0.));
#791=DIRECTION('',(0.,-1.,0.));
#792=DIRECTION('center_axis',(-1.,0.,0.));
#793=DIRECTION('ref_axis',(0.,-1.,0.));
#794=DIRECTION('',(0.,-1.,0.));
#795=DIRECTION('center_axis',(-1.,0.,0.));
#796=DIRECTION('ref_axis',(0.,-1.,0.));
#797=DIRECTION('',(0.,-1.,0.));
#798=DIRECTION('center_axis',(-1.,0.,0.));
#799=DIRECTION('ref_axis',(0.,-1.,0.));
#800=DIRECTION('',(0.,-1.,0.));
#801=DIRECTION('center_axis',(-1.,0.,0.));
#802=DIRECTION('ref_axis',(0.,-1.,0.));
#803=DIRECTION('',(0.,-1.,0.));
#804=DIRECTION('center_axis',(0.,1.,0.));
#805=DIRECTION('ref_axis',(1.,0.,0.));
#806=DIRECTION('',(0.,0.,-1.));
#807=DIRECTION('',(-1.,0.,0.));
#808=DIRECTION('',(0.,0.,1.));
#809=DIRECTION('',(1.,0.,0.));
#810=CARTESIAN_POINT('',(0.,0.,0.));
#811=CARTESIAN_POINT('Origin',(0.62250656168,5.15679937269774,0.));
#812=CARTESIAN_POINT('',(0.62250656168,-5.940598315444,0.0124752470675431));
#813=CARTESIAN_POINT('',(0.62250656168,-5.94059495544876,-1.8491232082522E-11));
#814=CARTESIAN_POINT('Ctrl Pts',(0.62250656168,-5.940598315444,0.0124752470675431));
#815=CARTESIAN_POINT('Ctrl Pts',(0.62250656168,-5.94059775594269,0.0103960260192603));
#816=CARTESIAN_POINT('Ctrl Pts',(0.622506561680179,-5.94059719619602,0.00831682479575433));
#817=CARTESIAN_POINT('Ctrl Pts',(0.622506561680179,-5.94059607620321,0.00415842982851153));
#818=CARTESIAN_POINT('Ctrl Pts',(0.62250656168,-5.94059551595138,0.00207921489318739));
#819=CARTESIAN_POINT('Ctrl Pts',(0.62250656168,-5.94059495544876,-1.84912316211389E-11));
#820=CARTESIAN_POINT('',(0.62250656168,2.12813764064037,0.));
#821=CARTESIAN_POINT('Ctrl Pts',(0.62250656168,2.12813764064037,-2.34938927455127E-16));
#822=CARTESIAN_POINT('Ctrl Pts',(0.62250656168,2.12813766174849,0.0111831346763205));
#823=CARTESIAN_POINT('Ctrl Pts',(0.622506561679928,2.12677348792076,0.0237143487402364));
#824=CARTESIAN_POINT('Ctrl Pts',(0.622506561679928,2.11855095457862,0.0549031583831309));
#825=CARTESIAN_POINT('Ctrl Pts',(0.622506561680796,2.11037403836828,0.074519416233149));
#826=CARTESIAN_POINT('Ctrl Pts',(0.622506561680796,2.08086509934557,0.121913762833824));
#827=CARTESIAN_POINT('Ctrl Pts',(0.622506561690675,2.05772417872234,0.14948054871773));
#828=CARTESIAN_POINT('Ctrl Pts',(0.622506561690675,1.99246540144748,0.209472515595427));
#829=CARTESIAN_POINT('Ctrl Pts',(0.62250656168,1.9354428949955,0.254838375979309));
#830=CARTESIAN_POINT('Ctrl Pts',(0.62250656168,1.74733281786905,0.344411870997749));
#831=CARTESIAN_POINT('Ctrl Pts',(0.62250656168,1.57666060724034,0.393893390600304));
#832=CARTESIAN_POINT('Ctrl Pts',(0.62250656168,1.47114899474304,0.423185291351688));
#833=CARTESIAN_POINT('Ctrl Pts',(0.62250656168,1.3041356663923,0.467582880111951));
#834=CARTESIAN_POINT('Ctrl Pts',(0.62250656168,0.68954410032876,0.556835546642758));
#835=CARTESIAN_POINT('Ctrl Pts',(0.62250656168,0.329554172198513,0.579976398561874));
#836=CARTESIAN_POINT('Ctrl Pts',(0.62250656168,-0.690882744524597,0.607729727238731));
#837=CARTESIAN_POINT('Ctrl Pts',(0.62250656168,-1.40432273729058,0.571686033438476));
#838=CARTESIAN_POINT('Ctrl Pts',(0.62250656168,-2.71384234633045,0.464110887702604));
#839=CARTESIAN_POINT('Ctrl Pts',(0.62250656168,-3.38542110898949,0.388468765858892));
#840=CARTESIAN_POINT('Ctrl Pts',(0.62250656168,-4.89788673611262,0.189917992539375));
#841=CARTESIAN_POINT('Ctrl Pts',(0.62250656168,-5.54108978402185,0.0819355856619336));
#842=CARTESIAN_POINT('Ctrl Pts',(0.62250656168,-5.940598315444,0.0124752470675431));
#843=CARTESIAN_POINT('',(0.62250656168,5.15679937269774,0.));
#844=CARTESIAN_POINT('Origin',(1.24501312336,5.15679937269774,0.));
#845=CARTESIAN_POINT('',(1.24501312336,-5.93066238160397,0.0124544521717997));
#846=CARTESIAN_POINT('',(1.24501312336,-5.93067425815869,1.45247589119914E-10));
#847=CARTESIAN_POINT('Ctrl Pts',(1.24501312336,-5.93066238160397,0.0124544521717997));
#848=CARTESIAN_POINT('Ctrl Pts',(1.24501312336,-5.93066435938842,0.0103787124189657));
#849=CARTESIAN_POINT('Ctrl Pts',(1.2450131233601,-5.93066633799248,0.00830297267193301));
#850=CARTESIAN_POINT('Ctrl Pts',(1.2450131233601,-5.93067029685022,0.00415148221745725));
#851=CARTESIAN_POINT('Ctrl Pts',(1.24501312336,-5.93067227709723,0.00207573850237695));
#852=CARTESIAN_POINT('Ctrl Pts',(1.24501312336,-5.93067425815869,1.4524759074838E-10));
#853=CARTESIAN_POINT('',(1.24501312336,2.06832257115179,0.));
#854=CARTESIAN_POINT('Ctrl Pts',(1.24501312336,2.06832257115179,-6.28325038542781E-17));
#855=CARTESIAN_POINT('Ctrl Pts',(1.24501312336,2.06832259337309,0.0116108887700161));
#856=CARTESIAN_POINT('Ctrl Pts',(1.24501312335997,2.06688755546412,0.0245393340030781));
#857=CARTESIAN_POINT('Ctrl Pts',(1.24501312335997,2.05943016591477,0.0526077528231728));
#858=CARTESIAN_POINT('Ctrl Pts',(1.24501312336047,2.05222608307848,0.0731584552407025));
#859=CARTESIAN_POINT('Ctrl Pts',(1.24501312336047,2.01906463887819,0.126182244364992));
#860=CARTESIAN_POINT('Ctrl Pts',(1.24501312336617,1.99488520793693,0.154690168791169));
#861=CARTESIAN_POINT('Ctrl Pts',(1.24501312336617,1.92638899575455,0.217265273597225));
#862=CARTESIAN_POINT('Ctrl Pts',(1.24501312336,1.86946895938671,0.261804481556101));
#863=CARTESIAN_POINT('Ctrl Pts',(1.24501312336,1.67312117245095,0.353060498700624));
#864=CARTESIAN_POINT('Ctrl Pts',(1.24501312336,1.50054062335235,0.402528103585747));
#865=CARTESIAN_POINT('Ctrl Pts',(1.24501312336,1.2931249331659,0.458848258579827));
#866=CARTESIAN_POINT('Ctrl Pts',(1.24501312336,1.11347655308611,0.490678907017344));
#867=CARTESIAN_POINT('Ctrl Pts',(1.24501312336,0.621280476613091,0.560331426296433));
#868=CARTESIAN_POINT('Ctrl Pts',(1.24501312336,0.264865200686735,0.581858144081594));
#869=CARTESIAN_POINT('Ctrl Pts',(1.24501312336,-0.740303434222827,0.604658862715491));
#870=CARTESIAN_POINT('Ctrl Pts',(1.24501312336,-1.44799436488395,0.567656209054207));
#871=CARTESIAN_POINT('Ctrl Pts',(1.24501312336,-2.75024187570723,0.458582000506916));
#872=CARTESIAN_POINT('Ctrl Pts',(1.24501312336,-3.41154767683305,0.383645825956181));
#873=CARTESIAN_POINT('Ctrl Pts',(1.24501312336,-4.90254089645529,0.187279762712934));
#874=CARTESIAN_POINT('Ctrl Pts',(1.24501312336,-5.53552843936997,0.0810772369925162));
#875=CARTESIAN_POINT('Ctrl Pts',(1.24501312336,-5.93066238160397,0.0124544521717997));
#876=CARTESIAN_POINT('',(1.24501312336,5.15679937269774,0.));
#877=CARTESIAN_POINT('Origin',(1.86751968504,5.15679937269774,0.));
#878=CARTESIAN_POINT('',(1.86751968504,-5.91410514148864,0.0124196640133975));
#879=CARTESIAN_POINT('',(1.86751968504,-5.91410346557791,2.64114944334029E-10));
#880=CARTESIAN_POINT('Ctrl Pts',(1.86751968504,-5.91410514148864,0.0124196640133975));
#881=CARTESIAN_POINT('Ctrl Pts',(1.86751968504,-5.91410486236358,0.0103497201452545));
#882=CARTESIAN_POINT('Ctrl Pts',(1.8675196850399,-5.91410458314179,0.00827977627712457));
#883=CARTESIAN_POINT('Ctrl Pts',(1.8675196850399,-5.91410402450485,0.00413988836069705));
#884=CARTESIAN_POINT('Ctrl Pts',(1.86751968504,-5.91410374508969,0.00206994431239947));
#885=CARTESIAN_POINT('Ctrl Pts',(1.86751968504,-5.91410346557791,2.64114943826149E-10));
#886=CARTESIAN_POINT('',(1.86751968504,1.8799369679858,0.));
#887=CARTESIAN_POINT('Ctrl Pts',(1.86751968504,1.8799369679858,4.15240895036968E-16));
#888=CARTESIAN_POINT('Ctrl Pts',(1.86751968504,1.87993698020341,0.00954369806042858));
#889=CARTESIAN_POINT('Ctrl Pts',(1.86751968504,1.87903932392965,0.019892733190325));
#890=CARTESIAN_POINT('Ctrl Pts',(1.86751968504,1.87681558376482,0.0311292787827344));
#891=CARTESIAN_POINT('Ctrl Pts',(1.86751968504,1.87505736828444,0.0400135309624851));
#892=CARTESIAN_POINT('Ctrl Pts',(1.86751968504,1.87268833097194,0.0491138310424716));
#893=CARTESIAN_POINT('Ctrl Pts',(1.86751968504,1.86817432636752,0.0611924890621627));
#894=CARTESIAN_POINT('Ctrl Pts',(1.86751968504,1.86504456050359,0.0695671751480252));
#895=CARTESIAN_POINT('Ctrl Pts',(1.86751968504,1.86090610183452,0.0790969990128184));
#896=CARTESIAN_POINT('Ctrl Pts',(1.86751968504,1.8552879455059,0.0897120301926237));
#897=CARTESIAN_POINT('Ctrl Pts',(1.86751968504,1.8508903496871,0.098020915528352));
#898=CARTESIAN_POINT('Ctrl Pts',(1.86751968504,1.84552278122132,0.107077576186561));
#899=CARTESIAN_POINT('Ctrl Pts',(1.86751968504,1.83917409182811,0.116543601973056));
#900=CARTESIAN_POINT('Ctrl Pts',(1.86751968504,1.83369676428438,0.124710409412959));
#901=CARTESIAN_POINT('Ctrl Pts',(1.86751968504,1.82753356996206,0.133132686811415));
#902=CARTESIAN_POINT('Ctrl Pts',(1.86751968504,1.82062594877114,0.141759795775163));
#903=CARTESIAN_POINT('Ctrl Pts',(1.86751968504,1.81442248477558,0.149507464381073));
#904=CARTESIAN_POINT('Ctrl Pts',(1.86751968504,1.80761884939577,0.157420063231377));
#905=CARTESIAN_POINT('Ctrl Pts',(1.86751968504,1.80018274993798,0.165469640481219));
#906=CARTESIAN_POINT('Ctrl Pts',(1.86751968504,1.79340363182457,0.172808035462273));
#907=CARTESIAN_POINT('Ctrl Pts',(1.86751968504,1.78609941027159,0.180261205398289));
#908=CARTESIAN_POINT('Ctrl Pts',(1.86751968504,1.77823536034337,0.187798707449054));
#909=CARTESIAN_POINT('Ctrl Pts',(1.86751968504,1.7709588500205,0.194773066968849));
#910=CARTESIAN_POINT('Ctrl Pts',(1.86751968504,1.76305811801561,0.20194105252894));
#911=CARTESIAN_POINT('Ctrl Pts',(1.86751968504,1.75504399052834,0.208836003555453));
#912=CARTESIAN_POINT('Ctrl Pts',(1.86751968504,1.74699076727188,0.215764590609635));
#913=CARTESIAN_POINT('Ctrl Pts',(1.86751968504,1.73889685185408,0.222370707399413));
#914=CARTESIAN_POINT('Ctrl Pts',(1.86751968504,1.73080912566851,0.228665981243688));
#915=CARTESIAN_POINT('Ctrl Pts',(1.86751968504,1.72239772890373,0.235213191773838));
#916=CARTESIAN_POINT('Ctrl Pts',(1.86751968504,1.71399298356033,0.241424144565088));
#917=CARTESIAN_POINT('Ctrl Pts',(1.86751968504,1.70564758769671,0.247310582143392));
#918=CARTESIAN_POINT('Ctrl Pts',(1.86751968504,1.68760616012746,0.26003613033131));
#919=CARTESIAN_POINT('Ctrl Pts',(1.86751968504,1.66983936778158,0.271242729882549));
#920=CARTESIAN_POINT('Ctrl Pts',(1.86751968504,1.65288595029896,0.28103587789321));
#921=CARTESIAN_POINT('Ctrl Pts',(1.86751968504,1.63293716583654,0.292559300770843));
#922=CARTESIAN_POINT('Ctrl Pts',(1.86751968504,1.61412606041986,0.302137813066352));
#923=CARTESIAN_POINT('Ctrl Pts',(1.86751968504,1.59739998082251,0.310083507381703));
#924=CARTESIAN_POINT('Ctrl Pts',(1.86751968504,1.58657776453794,0.315224581948));
#925=CARTESIAN_POINT('Ctrl Pts',(1.86751968504,1.57662742729793,0.319682148383546));
#926=CARTESIAN_POINT('Ctrl Pts',(1.86751968504,1.56779387294629,0.323522160094944));
#927=CARTESIAN_POINT('Ctrl Pts',(1.86751968504,1.55991836720653,0.326945700956296));
#928=CARTESIAN_POINT('Ctrl Pts',(1.86751968504,1.55179164198315,0.330398557878824));
#929=CARTESIAN_POINT('Ctrl Pts',(1.86751968504,1.54001519921618,0.335188126698775));
#930=CARTESIAN_POINT('Ctrl Pts',(1.86751968504,1.52481665980314,0.341369488245887));
#931=CARTESIAN_POINT('Ctrl Pts',(1.86751968504,1.50523528884228,0.349005813982497));
#932=CARTESIAN_POINT('Ctrl Pts',(1.86751968504,1.48158080976309,0.357759153902535));
#933=CARTESIAN_POINT('Ctrl Pts',(1.86751968504,1.46410386197451,0.36422649838499));
#934=CARTESIAN_POINT('Ctrl Pts',(1.86751968504,1.44441176926431,0.371329962156652));
#935=CARTESIAN_POINT('Ctrl Pts',(1.86751968504,1.4225871638724,0.378831141848564));
#936=CARTESIAN_POINT('Ctrl Pts',(1.86751968504,1.40424383931988,0.385135795295653));
#937=CARTESIAN_POINT('Ctrl Pts',(1.86751968504,1.38439301345599,0.391718000183649));
#938=CARTESIAN_POINT('Ctrl Pts',(1.86751968504,1.3630883446252,0.398440389563423));
#939=CARTESIAN_POINT('Ctrl Pts',(1.86751968504,1.3442226232826,0.40439320327776));
#940=CARTESIAN_POINT('Ctrl Pts',(1.86751968504,1.32421687717087,0.410456380101445));
#941=CARTESIAN_POINT('Ctrl Pts',(1.86751968504,1.30310523540528,0.416515822914946));
#942=CARTESIAN_POINT('Ctrl Pts',(1.86751968504,1.28386589078863,0.422037880828218));
#943=CARTESIAN_POINT('Ctrl Pts',(1.86751968504,1.26370789482541,0.42755483603476));
#944=CARTESIAN_POINT('Ctrl Pts',(1.86751968504,1.24266978488242,0.433021329377031));
#945=CARTESIAN_POINT('Ctrl Pts',(1.86751968504,1.2231465674899,0.438094196577798));
#946=CARTESIAN_POINT('Ctrl Pts',(1.86751968504,1.20286549883901,0.443123026237961));
#947=CARTESIAN_POINT('Ctrl Pts',(1.86751968504,1.1818629911486,0.448101993127616));
#948=CARTESIAN_POINT('Ctrl Pts',(1.86751968504,1.16210738854876,0.452785362022402));
#949=CARTESIAN_POINT('Ctrl Pts',(1.86751968504,1.14157126690155,0.457456078502665));
#950=CARTESIAN_POINT('Ctrl Pts',(1.86751968504,1.12077290595702,0.461990401179243));
#951=CARTESIAN_POINT('Ctrl Pts',(1.86751968504,1.10044512311171,0.466422131495198));
#952=CARTESIAN_POINT('Ctrl Pts',(1.86751968504,1.07999956346333,0.470697952399351));
#953=CARTESIAN_POINT('Ctrl Pts',(1.86751968504,1.05945354202575,0.474832983976411));
#954=CARTESIAN_POINT('Ctrl Pts',(1.86751968504,1.03904550838493,0.478940244537142));
#955=CARTESIAN_POINT('Ctrl Pts',(1.86751968504,1.0185382934764,0.482908672471747));
#956=CARTESIAN_POINT('Ctrl Pts',(1.86751968504,0.997945845244954,0.486738852021882));
#957=CARTESIAN_POINT('Ctrl Pts',(1.86751968504,0.97746782897428,0.490547747315229));
#958=CARTESIAN_POINT('Ctrl Pts',(1.86751968504,0.95690553699907,0.494219924412023));
#959=CARTESIAN_POINT('Ctrl Pts',(1.86751968504,0.936273298824194,0.497758095922585));
#960=CARTESIAN_POINT('Ctrl Pts',(1.86751968504,0.895257173382612,0.504791849860526));
#961=CARTESIAN_POINT('Ctrl Pts',(1.86751968504,0.853964622547977,0.511295203777277));
#962=CARTESIAN_POINT('Ctrl Pts',(1.86751968504,0.812513210353066,0.517318673194007));
#963=CARTESIAN_POINT('Ctrl Pts',(1.86751968504,0.77123594305885,0.523316836923239));
#964=CARTESIAN_POINT('Ctrl Pts',(1.86751968504,0.729801071943552,0.528839364231989));
#965=CARTESIAN_POINT('Ctrl Pts',(1.86751968504,0.688322505663339,0.533924111515826));
#966=CARTESIAN_POINT('Ctrl Pts',(1.86751968504,0.646900317258217,0.539001947585681));
#967=CARTESIAN_POINT('Ctrl Pts',(1.86751968504,0.605467535672294,0.543641396701766));
#968=CARTESIAN_POINT('Ctrl Pts',(1.86751968504,0.563810005527538,0.547911900505009));
#969=CARTESIAN_POINT('Ctrl Pts',(1.86751968504,0.522388147549824,0.552158244477313));
#970=CARTESIAN_POINT('Ctrl Pts',(1.86751968504,0.480796245539115,0.556032881191971));
#971=CARTESIAN_POINT('Ctrl Pts',(1.86751968504,0.439058171384432,0.559564942921138));
#972=CARTESIAN_POINT('Ctrl Pts',(1.86751968504,0.397551810432234,0.5630773960471));
#973=CARTESIAN_POINT('Ctrl Pts',(1.86751968504,0.355900873762843,0.566251096102004));
#974=CARTESIAN_POINT('Ctrl Pts',(1.86751968504,0.314128222284159,0.569111234276131));
#975=CARTESIAN_POINT('Ctrl Pts',(1.86751968504,0.272554493219735,0.571957752400522));
#976=CARTESIAN_POINT('Ctrl Pts',(1.86751968504,0.230860189557108,0.574493709287331));
#977=CARTESIAN_POINT('Ctrl Pts',(1.86751968504,0.189067568921857,0.576740760268474));
#978=CARTESIAN_POINT('Ctrl Pts',(1.86751968504,0.14743964040562,0.578978956299103));
#979=CARTESIAN_POINT('Ctrl Pts',(1.86751968504,0.105714169764675,0.580930531356196));
#980=CARTESIAN_POINT('Ctrl Pts',(1.86751968504,0.0639131965656575,0.582617004474793));
#981=CARTESIAN_POINT('Ctrl Pts',(1.86751968504,0.0222415049371817,0.584298261688669));
#982=CARTESIAN_POINT('Ctrl Pts',(1.86751968504,-0.0195052449782825,0.585716073978358));
#983=CARTESIAN_POINT('Ctrl Pts',(1.86751968504,-0.0613052780679701,0.586885957203694));
#984=CARTESIAN_POINT('Ctrl Pts',(1.86751968504,-0.103012689795203,0.588053248178014));
#985=CARTESIAN_POINT('Ctrl Pts',(1.86751968504,-0.144773145249598,0.588973716377477));
#986=CARTESIAN_POINT('Ctrl Pts',(1.86751968504,-0.186564749964253,0.589662503377387));
#987=CARTESIAN_POINT('Ctrl Pts',(1.86751968504,-0.228301545324439,0.590350387038671));
#988=CARTESIAN_POINT('Ctrl Pts',(1.86751968504,-0.270069360229553,0.590807199147826));
#989=CARTESIAN_POINT('Ctrl Pts',(1.86751968504,-0.311846221797852,0.591061580177903));
#990=CARTESIAN_POINT('Ctrl Pts',(1.86751968504,-0.353531848515955,0.59131540567522));
#991=CARTESIAN_POINT('Ctrl Pts',(1.86751968504,-0.395204975214148,0.591368424935585));
#992=CARTESIAN_POINT('Ctrl Pts',(1.86751968504,-0.437134643412357,0.591237603327427));
#993=CARTESIAN_POINT('Ctrl Pts',(1.86751968504,-0.478717176697778,0.591107864788836));
#994=CARTESIAN_POINT('Ctrl Pts',(1.86751968504,-0.520486729644955,0.590796645426354));
#995=CARTESIAN_POINT('Ctrl Pts',(1.86751968504,-0.562419295469468,0.590316712155793));
#996=CARTESIAN_POINT('Ctrl Pts',(1.86751968504,-0.604024349412067,0.589840527376304));
#997=CARTESIAN_POINT('Ctrl Pts',(1.86751968504,-0.645789912009354,0.589198311190104));
#998=CARTESIAN_POINT('Ctrl Pts',(1.86751968504,-0.687692357257363,0.588390842598239));
#999=CARTESIAN_POINT('Ctrl Pts',(1.86751968504,-0.729316488401128,0.587588737175432));
#1000=CARTESIAN_POINT('Ctrl Pts',(1.86751968504,-0.771075672989577,0.586623554278313));
#1001=CARTESIAN_POINT('Ctrl Pts',(1.86751968504,-0.812946751281917,0.585502053655378));
#1002=CARTESIAN_POINT('Ctrl Pts',(1.86751968504,-0.854587026319195,0.584386735008281));
#1003=CARTESIAN_POINT('Ctrl Pts',(1.86751968504,-0.896337959291507,0.583116820040378));
#1004=CARTESIAN_POINT('Ctrl Pts',(1.86751968504,-0.938176851876861,0.581701381746086));
#1005=CARTESIAN_POINT('Ctrl Pts',(1.86751968504,-1.02134542846699,0.578887732031354));
#1006=CARTESIAN_POINT('Ctrl Pts',(1.86751968504,-1.10486156580121,0.575498385149447));
#1007=CARTESIAN_POINT('Ctrl Pts',(1.86751968504,-1.18854670872372,0.571591909676466));
#1008=CARTESIAN_POINT('Ctrl Pts',(1.86751968504,-1.27184758403555,0.567703372058925));
#1009=CARTESIAN_POINT('Ctrl Pts',(1.86751968504,-1.3553159160783,0.563302614938303));
#1010=CARTESIAN_POINT('Ctrl Pts',(1.86751968504,-1.43877578586107,0.558449798791121));
#1011=CARTESIAN_POINT('Ctrl Pts',(1.86751968504,-1.52220028531751,0.553599039269371));
#1012=CARTESIAN_POINT('Ctrl Pts',(1.86751968504,-1.60561634163055,0.548296739205003));
#1013=CARTESIAN_POINT('Ctrl Pts',(1.86751968504,-1.68884831068854,0.542602288966005));
#1014=CARTESIAN_POINT('Ctrl Pts',(1.86751968504,-1.77239546849698,0.53688627457713));
#1015=CARTESIAN_POINT('Ctrl Pts',(1.86751968504,-1.85575715192307,0.530775238617525));
#1016=CARTESIAN_POINT('Ctrl Pts',(1.86751968504,-1.93875572366923,0.524328694862372));
#1017=CARTESIAN_POINT('Ctrl Pts',(1.86751968504,-2.02243168512262,0.517829537883941));
#1018=CARTESIAN_POINT('Ctrl Pts',(1.86751968504,-2.10573859413855,0.510989452840391));
#1019=CARTESIAN_POINT('Ctrl Pts',(1.86751968504,-2.18849431887519,0.503867968528276));
#1020=CARTESIAN_POINT('Ctrl Pts',(1.86751968504,-2.27228757779501,0.496657199959));
#1021=CARTESIAN_POINT('Ctrl Pts',(1.86751968504,-2.35542619204282,0.489166561441248));
#1022=CARTESIAN_POINT('Ctrl Pts',(1.86751968504,-2.43806352626194,0.481423582613944));
#1023=CARTESIAN_POINT('Ctrl Pts',(1.86751968504,-2.52172561943403,0.473584585601266));
#1024=CARTESIAN_POINT('Ctrl Pts',(1.86751968504,-2.60489992716662,0.465483786540357));
#1025=CARTESIAN_POINT('Ctrl Pts',(1.86751968504,-2.68746463834542,0.457167959964641));
#1026=CARTESIAN_POINT('Ctrl Pts',(1.86751968504,-2.77121259979361,0.448732957727853));
#1027=CARTESIAN_POINT('Ctrl Pts',(1.86751968504,-2.85433337637277,0.440076734622806));
#1028=CARTESIAN_POINT('Ctrl Pts',(1.86751968504,-2.93669978743669,0.431245323496867));
#1029=CARTESIAN_POINT('Ctrl Pts',(1.86751968504,-3.02055018560304,0.422254797750807));
#1030=CARTESIAN_POINT('Ctrl Pts',(1.86751968504,-3.10361879806496,0.413082714494056));
#1031=CARTESIAN_POINT('Ctrl Pts',(1.86751968504,-3.18577125172739,0.403774606097412));
#1032=CARTESIAN_POINT('Ctrl Pts',(1.86751968504,-3.26974623541295,0.394259999826934));
#1033=CARTESIAN_POINT('Ctrl Pts',(1.86751968504,-3.35276396425933,0.384603262031303));
#1034=CARTESIAN_POINT('Ctrl Pts',(1.86751968504,-3.43468073195214,0.374850823276678));
#1035=CARTESIAN_POINT('Ctrl Pts',(1.86751968504,-3.51881008962932,0.364834968997742));
#1036=CARTESIAN_POINT('Ctrl Pts',(1.86751968504,-3.60177821069661,0.354718145346668));
#1037=CARTESIAN_POINT('Ctrl Pts',(1.86751968504,-3.68342907419394,0.344547719368437));
#1038=CARTESIAN_POINT('Ctrl Pts',(1.86751968504,-3.76775347964759,0.334044277186804));
#1039=CARTESIAN_POINT('Ctrl Pts',(1.86751968504,-3.85067295124326,0.323483653459349));
#1040=CARTESIAN_POINT('Ctrl Pts',(1.86751968504,-3.93201551438976,0.312917416503712));
#1041=CARTESIAN_POINT('Ctrl Pts',(1.86751968504,-4.01659241656419,0.301931045349667));
#1042=CARTESIAN_POINT('Ctrl Pts',(1.86751968504,-4.09946450927281,0.290938516334826));
#1043=CARTESIAN_POINT('Ctrl Pts',(1.86751968504,-4.18043795093606,0.279994435127435));
#1044=CARTESIAN_POINT('Ctrl Pts',(1.86751968504,-4.26535142961051,0.268517832588049));
#1045=CARTESIAN_POINT('Ctrl Pts',(1.86751968504,-4.34817699026598,0.257094550425978));
#1046=CARTESIAN_POINT('Ctrl Pts',(1.86751968504,-4.42869152815285,0.245791390088887));
#1047=CARTESIAN_POINT('Ctrl Pts',(1.86751968504,-4.51407239848538,0.233805061999356));
#1048=CARTESIAN_POINT('Ctrl Pts',(1.86751968504,-4.59685441307277,0.221953504925641));
#1049=CARTESIAN_POINT('Ctrl Pts',(1.86751968504,-4.67677043817907,0.210309588671369));
#1050=CARTESIAN_POINT('Ctrl Pts',(1.86751968504,-4.76283596381525,0.197769678540022));
#1051=CARTESIAN_POINT('Ctrl Pts',(1.86751968504,-4.84557749763703,0.185471068620434));
#1052=CARTESIAN_POINT('Ctrl Pts',(1.86751968504,-4.92466380370101,0.173521646746549));
#1053=CARTESIAN_POINT('Ctrl Pts',(1.86751968504,-5.01181823727346,0.160353183750007));
#1054=CARTESIAN_POINT('Ctrl Pts',(1.86751968504,-5.09453342352337,0.147607284336549));
#1055=CARTESIAN_POINT('Ctrl Pts',(1.86751968504,-5.17236246127319,0.135405226406661));
#1056=CARTESIAN_POINT('Ctrl Pts',(1.86751968504,-5.26148359800043,0.121432790095436));
#1057=CARTESIAN_POINT('Ctrl Pts',(1.86751968504,-5.34419843957801,0.10817770763046));
#1058=CARTESIAN_POINT('Ctrl Pts',(1.86751968504,-5.41984625061848,0.0958854933847794));
#1059=CARTESIAN_POINT('Ctrl Pts',(1.86751968504,-5.51353272667581,0.08066212842841));
#1060=CARTESIAN_POINT('Ctrl Pts',(1.86751968504,-5.59637750173987,0.0668989555091491));
#1061=CARTESIAN_POINT('Ctrl Pts',(1.86751968504,-5.66710388352919,0.0549303221846233));
#1062=CARTESIAN_POINT('Ctrl Pts',(1.86751968504,-5.78508785556355,0.0349645489649948));
#1063=CARTESIAN_POINT('Ctrl Pts',(1.86751968504,-5.86938251106115,0.020194411535666));
#1064=CARTESIAN_POINT('Ctrl Pts',(1.86751968504,-5.91410514148864,0.0124196640133976));
#1065=CARTESIAN_POINT('',(1.86751968504,5.15679937269774,0.));
#1066=CARTESIAN_POINT('Origin',(2.49002624672,5.15679937269774,0.));
#1067=CARTESIAN_POINT('',(2.49002624672,-5.89082924629968,0.0123706947135556));
#1068=CARTESIAN_POINT('',(2.49002624672,-5.89082609394445,-1.94223359380412E-10));
#1069=CARTESIAN_POINT('Ctrl Pts',(2.49002624672,-5.89082924629968,0.0123706947135556));
#1070=CARTESIAN_POINT('Ctrl Pts',(2.49002624672,-5.89082872140738,0.0103089614295588));
#1071=CARTESIAN_POINT('Ctrl Pts',(2.49002624671985,-5.89082819625244,0.00824715419372425));
#1072=CARTESIAN_POINT('Ctrl Pts',(2.49002624671985,-5.89082714544762,0.0041235115521806));
#1073=CARTESIAN_POINT('Ctrl Pts',(2.49002624672,-5.89082661981799,0.00206175566951435));
#1074=CARTESIAN_POINT('Ctrl Pts',(2.49002624672,-5.89082609394445,-1.94223358415483E-10));
#1075=CARTESIAN_POINT('',(2.49002624672,1.81567241285093,0.));
#1076=CARTESIAN_POINT('Ctrl Pts',(2.49002624672,1.81567241285093,-5.46369598732853E-17));
#1077=CARTESIAN_POINT('Ctrl Pts',(2.49002624672,1.81567242382827,0.00944807770095853));
#1078=CARTESIAN_POINT('Ctrl Pts',(2.49002624672,1.81481558760206,0.0196925286667085));
#1079=CARTESIAN_POINT('Ctrl Pts',(2.49002624672,1.81269302872085,0.0308121551309629));
#1080=CARTESIAN_POINT('Ctrl Pts',(2.49002624672,1.81096785027066,0.0398499915462458));
#1081=CARTESIAN_POINT('Ctrl Pts',(2.49002624672,1.80856812807618,0.0491412674158271));
#1082=CARTESIAN_POINT('Ctrl Pts',(2.49002624672,1.80441350029999,0.0606399352028954));
#1083=CARTESIAN_POINT('Ctrl Pts',(2.49002624672,1.80136053406458,0.0690895596691853));
#1084=CARTESIAN_POINT('Ctrl Pts',(2.49002624672,1.79736363847793,0.0785576267524458));
#1085=CARTESIAN_POINT('Ctrl Pts',(2.49002624672,1.79199781503056,0.0890166497968651));
#1086=CARTESIAN_POINT('Ctrl Pts',(2.49002624672,1.7877355508627,0.0973246233241941));
#1087=CARTESIAN_POINT('Ctrl Pts',(2.49002624672,1.78255828935891,0.106328312481191));
#1088=CARTESIAN_POINT('Ctrl Pts',(2.49002624672,1.77639995485055,0.115781621846369));
#1089=CARTESIAN_POINT('Ctrl Pts',(2.49002624672,1.77095909599897,0.124133575100368));
#1090=CARTESIAN_POINT('Ctrl Pts',(2.49002624672,1.76495373526681,0.132541037693296));
#1091=CARTESIAN_POINT('Ctrl Pts',(2.49002624672,1.75837578682157,0.140983018956231));
#1092=CARTESIAN_POINT('Ctrl Pts',(2.49002624672,1.75223313950966,0.148866345185318));
#1093=CARTESIAN_POINT('Ctrl Pts',(2.49002624672,1.74559122944161,0.156779571963632));
#1094=CARTESIAN_POINT('Ctrl Pts',(2.49002624672,1.73844930698688,0.164711729974228));
#1095=CARTESIAN_POINT('Ctrl Pts',(2.49002624672,1.73174549729079,0.172157299163672));
#1096=CARTESIAN_POINT('Ctrl Pts',(2.49002624672,1.72460141738293,0.179620299249654));
#1097=CARTESIAN_POINT('Ctrl Pts',(2.49002624672,1.71700425671622,0.187080424919074));
#1098=CARTESIAN_POINT('Ctrl Pts',(2.49002624672,1.70983942659582,0.19411601827337));
#1099=CARTESIAN_POINT('Ctrl Pts',(2.49002624672,1.70227161309267,0.201148746170516));
#1100=CARTESIAN_POINT('Ctrl Pts',(2.49002624672,1.69429759979386,0.208168164609433));
#1101=CARTESIAN_POINT('Ctrl Pts',(2.49002624672,1.68645677502884,0.215070338943674));
#1102=CARTESIAN_POINT('Ctrl Pts',(2.49002624672,1.67847663703367,0.221733468693338));
#1103=CARTESIAN_POINT('Ctrl Pts',(2.49002624672,1.67053004564632,0.228054292218891));
#1104=CARTESIAN_POINT('Ctrl Pts',(2.49002624672,1.66229435872012,0.234605066146329));
#1105=CARTESIAN_POINT('Ctrl Pts',(2.49002624672,1.65404590504292,0.240831244923373));
#1106=CARTESIAN_POINT('Ctrl Pts',(2.49002624672,1.64581672566225,0.246754221662001));
#1107=CARTESIAN_POINT('Ctrl Pts',(2.49002624672,1.62832795018553,0.259341820685438));
#1108=CARTESIAN_POINT('Ctrl Pts',(2.49002624672,1.61092555026918,0.270561483261558));
#1109=CARTESIAN_POINT('Ctrl Pts',(2.49002624672,1.59389827717168,0.280576091730137));
#1110=CARTESIAN_POINT('Ctrl Pts',(2.49002624672,1.57505478312843,0.29165891244621));
#1111=CARTESIAN_POINT('Ctrl Pts',(2.49002624672,1.55667671096316,0.301270588053237));
#1112=CARTESIAN_POINT('Ctrl Pts',(2.49002624672,1.53920679288383,0.30971757768993));
#1113=CARTESIAN_POINT('Ctrl Pts',(2.49002624672,1.52165359734535,0.318204833333098));
#1114=CARTESIAN_POINT('Ctrl Pts',(2.49002624672,1.50501933732365,0.325523069320116));
#1115=CARTESIAN_POINT('Ctrl Pts',(2.49002624672,1.48973432358812,0.331961241434679));
#1116=CARTESIAN_POINT('Ctrl Pts',(2.49002624672,1.48744602021449,0.332925093428843));
#1117=CARTESIAN_POINT('Ctrl Pts',(2.49002624672,1.48507083949918,0.333918176554534));
#1118=CARTESIAN_POINT('Ctrl Pts',(2.49002624672,1.48259711817725,0.334944311743739));
#1119=CARTESIAN_POINT('Ctrl Pts',(2.49002624672,1.46711574822461,0.341366206702018));
#1120=CARTESIAN_POINT('Ctrl Pts',(2.49002624672,1.44791528377626,0.348999706639781));
#1121=CARTESIAN_POINT('Ctrl Pts',(2.49002624672,1.42493513229045,0.357681752292444));
#1122=CARTESIAN_POINT('Ctrl Pts',(2.49002624672,1.40767438444502,0.364202971305544));
#1123=CARTESIAN_POINT('Ctrl Pts',(2.49002624672,1.38828817327645,0.371339121276961));
#1124=CARTESIAN_POINT('Ctrl Pts',(2.49002624672,1.36669607102397,0.378897984552217));
#1125=CARTESIAN_POINT('Ctrl Pts',(2.49002624672,1.34866108629157,0.385211588580646));
#1126=CARTESIAN_POINT('Ctrl Pts',(2.49002624672,1.32908581822216,0.391816228511798));
#1127=CARTESIAN_POINT('Ctrl Pts',(2.49002624672,1.30792550552282,0.398596617694435));
#1128=CARTESIAN_POINT('Ctrl Pts',(2.49002624672,1.28939411077056,0.404534623918761));
#1129=CARTESIAN_POINT('Ctrl Pts',(2.49002624672,1.26964699833667,0.41060783355798));
#1130=CARTESIAN_POINT('Ctrl Pts',(2.49002624672,1.24864938768317,0.416713434842042));
#1131=CARTESIAN_POINT('Ctrl Pts',(2.49002624672,1.2297527520895,0.422208122997233));
#1132=CARTESIAN_POINT('Ctrl Pts',(2.49002624672,1.20984301634878,0.427726655122105));
#1133=CARTESIAN_POINT('Ctrl Pts',(2.49002624672,1.18890721040626,0.433231697667789));
#1134=CARTESIAN_POINT('Ctrl Pts',(2.49002624672,1.16973007690876,0.4382742996148));
#1135=CARTESIAN_POINT('Ctrl Pts',(2.49002624672,1.14969202838127,0.443304938271326));
#1136=CARTESIAN_POINT('Ctrl Pts',(2.49002624672,1.12878823539783,0.448320283564435));
#1137=CARTESIAN_POINT('Ctrl Pts',(2.49002624672,1.10940093046769,0.452971785261013));
#1138=CARTESIAN_POINT('Ctrl Pts',(2.49002624672,1.08926904347333,0.45761112796722));
#1139=CARTESIAN_POINT('Ctrl Pts',(2.49002624672,1.06838340972154,0.462219948742803));
#1140=CARTESIAN_POINT('Ctrl Pts',(2.49002624672,1.04882570157933,0.466535736938642));
#1141=CARTESIAN_POINT('Ctrl Pts',(2.49002624672,1.02848943015529,0.47084855508955));
#1142=CARTESIAN_POINT('Ctrl Pts',(2.49002624672,1.0077459059506,0.475070451588618));
#1143=CARTESIAN_POINT('Ctrl Pts',(2.49002624672,0.987529596563201,0.479185044894196));
#1144=CARTESIAN_POINT('Ctrl Pts',(2.49002624672,0.967247532000968,0.483150223950557));
#1145=CARTESIAN_POINT('Ctrl Pts',(2.49002624672,0.946915123718625,0.486968824164185));
#1146=CARTESIAN_POINT('Ctrl Pts',(2.49002624672,0.926626736168351,0.490779156907746));
#1147=CARTESIAN_POINT('Ctrl Pts',(2.49002624672,0.906288229876129,0.494443548411927));
#1148=CARTESIAN_POINT('Ctrl Pts',(2.49002624672,0.885915260268654,0.497965664264901));
#1149=CARTESIAN_POINT('Ctrl Pts',(2.49002624672,0.845201014245015,0.505004416794584));
#1150=CARTESIAN_POINT('Ctrl Pts',(2.49002624672,0.804349203968119,0.511474270704522));
#1151=CARTESIAN_POINT('Ctrl Pts',(2.49002624672,0.76349065733247,0.517440156438134));
#1152=CARTESIAN_POINT('Ctrl Pts',(2.49002624672,0.722500368254473,0.52342527830279));
#1153=CARTESIAN_POINT('Ctrl Pts',(2.49002624672,0.681503157618748,0.528903348101978));
#1154=CARTESIAN_POINT('Ctrl Pts',(2.49002624672,0.640627805292973,0.533921484473814));
#1155=CARTESIAN_POINT('Ctrl Pts',(2.49002624672,0.599397945590646,0.538983142583301));
#1156=CARTESIAN_POINT('Ctrl Pts',(2.49002624672,0.558333586297773,0.543572788750665));
#1157=CARTESIAN_POINT('Ctrl Pts',(2.49002624672,0.517438690664585,0.547753936928915));
#1158=CARTESIAN_POINT('Ctrl Pts',(2.49002624672,0.476409234173519,0.551948842787118));
#1159=CARTESIAN_POINT('Ctrl Pts',(2.49002624672,0.435262235485157,0.555761587548327));
#1160=CARTESIAN_POINT('Ctrl Pts',(2.49002624672,0.394007907429149,0.559224446058026));
#1161=CARTESIAN_POINT('Ctrl Pts',(2.49002624672,0.35290802777564,0.562674340280336));
#1162=CARTESIAN_POINT('Ctrl Pts',(2.49002624672,0.311701595071723,0.56577696960605));
#1163=CARTESIAN_POINT('Ctrl Pts',(2.49002624672,0.270397876147942,0.568560925947149));
#1164=CARTESIAN_POINT('Ctrl Pts',(2.49002624672,0.229244736728682,0.571334732917263));
#1165=CARTESIAN_POINT('Ctrl Pts',(2.49002624672,0.187994991123774,0.573792193652854));
#1166=CARTESIAN_POINT('Ctrl Pts',(2.49002624672,0.146657277104488,0.575956803539385));
#1167=CARTESIAN_POINT('Ctrl Pts',(2.49002624672,0.105464034440674,0.578113848321464));
#1168=CARTESIAN_POINT('Ctrl Pts',(2.49002624672,0.0641834339952926,0.579980086308979));
#1169=CARTESIAN_POINT('Ctrl Pts',(2.49002624672,0.0228239814097996,0.581578237211664));
#1170=CARTESIAN_POINT('Ctrl Pts',(2.49002624672,-0.0183990008130197,0.583171114828083));
#1171=CARTESIAN_POINT('Ctrl Pts',(2.49002624672,-0.0597003430520998,0.584497683074072));
#1172=CARTESIAN_POINT('Ctrl Pts',(2.49002624672,-0.10107170675092,0.585573684479718));
#1173=CARTESIAN_POINT('Ctrl Pts',(2.49002624672,-0.142316458495101,0.586646392915807));
#1174=CARTESIAN_POINT('Ctrl Pts',(2.49002624672,-0.183630801887427,0.587470067474386));
#1175=CARTESIAN_POINT('Ctrl Pts',(2.49002624672,-0.225006183194152,0.58805950366616));
#1176=CARTESIAN_POINT('Ctrl Pts',(2.49002624672,-0.266266384938129,0.588647299002897));
#1177=CARTESIAN_POINT('Ctrl Pts',(2.49002624672,-0.307587235468177,0.589002140928165));
#1178=CARTESIAN_POINT('Ctrl Pts',(2.49002624672,-0.348960083822553,0.589152325654659));
#1179=CARTESIAN_POINT('Ctrl Pts',(2.49002624672,-0.390229863902162,0.589302136240109));
#1180=CARTESIAN_POINT('Ctrl Pts',(2.49002624672,-0.43153344124454,0.589248428366753));
#1181=CARTESIAN_POINT('Ctrl Pts',(2.49002624672,-0.472918125457374,0.589012387617893));
#1182=CARTESIAN_POINT('Ctrl Pts',(2.49002624672,-0.514041581589095,0.588777836803608));
#1183=CARTESIAN_POINT('Ctrl Pts',(2.49002624672,-0.555366500314123,0.588362286993156));
#1184=CARTESIAN_POINT('Ctrl Pts',(2.49002624672,-0.596869512653304,0.587781505199961));
#1185=CARTESIAN_POINT('Ctrl Pts',(2.49002624672,-0.638014485658268,0.587205733711194));
#1186=CARTESIAN_POINT('Ctrl Pts',(2.49002624672,-0.679334529283432,0.586467639470492));
#1187=CARTESIAN_POINT('Ctrl Pts',(2.49002624672,-0.720806740791689,0.585569578829257));
#1188=CARTESIAN_POINT('Ctrl Pts',(2.49002624672,-0.761969812021761,0.584678212470926));
#1189=CARTESIAN_POINT('Ctrl Pts',(2.49002624672,-0.803282779050904,0.58362924748012));
#1190=CARTESIAN_POINT('Ctrl Pts',(2.49002624672,-0.844723259294969,0.582429322412909));
#1191=CARTESIAN_POINT('Ctrl Pts',(2.49002624672,-0.885901595765331,0.581236987819635));
#1192=CARTESIAN_POINT('Ctrl Pts',(2.49002624672,-0.927205835140012,0.579895603176488));
#1193=CARTESIAN_POINT('Ctrl Pts',(2.49002624672,-0.968614047896442,0.578412686496276));
#1194=CARTESIAN_POINT('Ctrl Pts',(2.49002624672,-1.05082423503183,0.575468563829027));
#1195=CARTESIAN_POINT('Ctrl Pts',(2.49002624672,-1.13344423010449,0.571965898638189));
#1196=CARTESIAN_POINT('Ctrl Pts',(2.49002624672,-1.21630229516375,0.567959149838316));
#1197=CARTESIAN_POINT('Ctrl Pts',(2.49002624672,-1.29863850367109,0.563977636338249));
#1198=CARTESIAN_POINT('Ctrl Pts',(2.49002624672,-1.38120979652999,0.559498538820268));
#1199=CARTESIAN_POINT('Ctrl Pts',(2.49002624672,-1.46384775346536,0.554576566265735));
#1200=CARTESIAN_POINT('Ctrl Pts',(2.49002624672,-1.54629988536573,0.549665661575851));
#1201=CARTESIAN_POINT('Ctrl Pts',(2.49002624672,-1.628818389123,0.544314002167125));
#1202=CARTESIAN_POINT('Ctrl Pts',(2.49002624672,-1.71123605968583,0.53857635277131));
#1203=CARTESIAN_POINT('Ctrl Pts',(2.49002624672,-1.79380108492005,0.532828445023912));
#1204=CARTESIAN_POINT('Ctrl Pts',(2.49002624672,-1.8762649252995,0.526693266820478));
#1205=CARTESIAN_POINT('Ctrl Pts',(2.49002624672,-1.95845948699839,0.520225408175982));
#1206=CARTESIAN_POINT('Ctrl Pts',(2.49002624672,-2.0411407457756,0.513719251524414));
#1207=CARTESIAN_POINT('Ctrl Pts',(2.49002624672,-2.12354953631749,0.506876540165305));
#1208=CARTESIAN_POINT('Ctrl Pts',(2.49002624672,-2.20551470132964,0.499751946187245));
#1209=CARTESIAN_POINT('Ctrl Pts',(2.49002624672,-2.28832077440239,0.492554258615051));
#1210=CARTESIAN_POINT('Ctrl Pts',(2.49002624672,-2.37060757509966,0.485075220667888));
#1211=CARTESIAN_POINT('Ctrl Pts',(2.49002624672,-2.45240123265404,0.477350687196109));
#1212=CARTESIAN_POINT('Ctrl Pts',(2.49002624672,-2.53419646125146,0.469626005356169));
#1213=CARTESIAN_POINT('Ctrl Pts',(2.49002624672,-2.61649026162576,0.461561434835778));
#1214=CARTESIAN_POINT('Ctrl Pts',(2.49002624672,-2.69912027038968,0.453186582551719));
#1215=CARTESIAN_POINT('Ctrl Pts',(2.49002624672,-2.78102707991797,0.444885029143707));
#1216=CARTESIAN_POINT('Ctrl Pts',(2.49002624672,-2.86326424216826,0.436278671355272));
#1217=CARTESIAN_POINT('Ctrl Pts',(2.49002624672,-2.94567372556917,0.427397670528328));
#1218=CARTESIAN_POINT('Ctrl Pts',(2.49002624672,-3.02768491848692,0.418559592165696));
#1219=CARTESIAN_POINT('Ctrl Pts',(2.49002624672,-3.10986677566782,0.40944957073364));
#1220=CARTESIAN_POINT('Ctrl Pts',(2.49002624672,-3.19206358157389,0.400097702728798));
#1221=CARTESIAN_POINT('Ctrl Pts',(2.49002624672,-3.27417625617574,0.390755406687774));
#1222=CARTESIAN_POINT('Ctrl Pts',(2.49002624672,-3.35630385181345,0.381171793598174));
#1223=CARTESIAN_POINT('Ctrl Pts',(2.49002624672,-3.43829120285,0.371377445151574));
#1224=CARTESIAN_POINT('Ctrl Pts',(2.49002624672,-3.5205063718559,0.361555881182748));
#1225=CARTESIAN_POINT('Ctrl Pts',(2.49002624672,-3.60258051933257,0.351522428043262));
#1226=CARTESIAN_POINT('Ctrl Pts',(2.49002624672,-3.68435710636975,0.341307247837441));
#1227=CARTESIAN_POINT('Ctrl Pts',(2.49002624672,-3.76667953447613,0.331023883508418));
#1228=CARTESIAN_POINT('Ctrl Pts',(2.49002624672,-3.84870041602141,0.32055636885481));
#1229=CARTESIAN_POINT('Ctrl Pts',(2.49002624672,-3.9302602012179,0.309936566412965));
#1230=CARTESIAN_POINT('Ctrl Pts',(2.49002624672,-4.01269934714565,0.29920226345817));
#1231=CARTESIAN_POINT('Ctrl Pts',(2.49002624672,-4.09471944418437,0.288305302317303));
#1232=CARTESIAN_POINT('Ctrl Pts',(2.49002624672,-4.17599810128824,0.277297928340612));
#1233=CARTESIAN_POINT('Ctrl Pts',(2.49002624672,-4.2603798726475,0.26587030702817));
#1234=CARTESIAN_POINT('Ctrl Pts',(2.49002624672,-4.34222236217847,0.254560244391668));
#1235=CARTESIAN_POINT('Ctrl Pts',(2.49002624672,-4.42156572198479,0.243402762549114));
#1236=CARTESIAN_POINT('Ctrl Pts',(2.49002624672,-4.50619006461349,0.231502654353261));
#1237=CARTESIAN_POINT('Ctrl Pts',(2.49002624672,-4.58797150691052,0.219775806970094));
#1238=CARTESIAN_POINT('Ctrl Pts',(2.49002624672,-4.66695705698042,0.208251432483821));
#1239=CARTESIAN_POINT('Ctrl Pts',(2.49002624672,-4.75190574682957,0.195857007008865));
#1240=CARTESIAN_POINT('Ctrl Pts',(2.49002624672,-4.83362049984118,0.183697241471359));
#1241=CARTESIAN_POINT('Ctrl Pts',(2.49002624672,-4.9121611448287,0.171816807648696));
#1242=CARTESIAN_POINT('Ctrl Pts',(2.49002624672,-4.99755904306784,0.15889911288332));
#1243=CARTESIAN_POINT('Ctrl Pts',(2.49002624672,-5.07920426532712,0.146310470580435));
#1244=CARTESIAN_POINT('Ctrl Pts',(2.49002624672,-5.15716878320734,0.134076470471751));
#1245=CARTESIAN_POINT('Ctrl Pts',(2.49002624672,-5.2432139009309,0.120574482539254));
#1246=CARTESIAN_POINT('Ctrl Pts',(2.49002624672,-5.32477615613623,0.107507252336674));
#1247=CARTESIAN_POINT('Ctrl Pts',(2.49002624672,-5.40195988869701,0.0949573531482185));
#1248=CARTESIAN_POINT('Ctrl Pts',(2.49002624672,-5.48900934662661,0.0808033094763116));
#1249=CARTESIAN_POINT('Ctrl Pts',(2.49002624672,-5.57048829408699,0.0672989742196192));
#1250=CARTESIAN_POINT('Ctrl Pts',(2.49002624672,-5.64652324412687,0.0544271530789802));
#1251=CARTESIAN_POINT('Ctrl Pts',(2.49002624672,-5.73528434120629,0.0394009451936063));
#1252=CARTESIAN_POINT('Ctrl Pts',(2.49002624672,-5.81663178207812,0.0252709398802969));
#1253=CARTESIAN_POINT('Ctrl Pts',(2.49002624672,-5.89082924629968,0.0123706947135557));
#1254=CARTESIAN_POINT('',(2.49002624672,5.15679937269774,0.));
#1255=CARTESIAN_POINT('Origin',(3.1125328084,5.15679937269774,0.));
#1256=CARTESIAN_POINT('',(3.1125328084,-5.86075782618206,0.0123074562779855));
#1257=CARTESIAN_POINT('',(3.1125328084,-5.86076212449299,-1.02157114999329E-9));
#1258=CARTESIAN_POINT('Ctrl Pts',(3.1125328084,-5.86075782618206,0.0123074562779855));
#1259=CARTESIAN_POINT('Ctrl Pts',(3.1125328084,-5.86075854198603,0.0102562055963248));
#1260=CARTESIAN_POINT('Ctrl Pts',(3.11253280839996,-5.86075925808198,0.00820495491827523));
#1261=CARTESIAN_POINT('Ctrl Pts',(3.11253280839996,-5.8607606908445,0.00410249149937069));
#1262=CARTESIAN_POINT('Ctrl Pts',(3.1125328084,-5.86076140751927,0.00205125530602311));
#1263=CARTESIAN_POINT('Ctrl Pts',(3.1125328084,-5.860762124493,-1.0215711506163E-9));
#1264=CARTESIAN_POINT('',(3.1125328084,1.95358731053077,0.));
#1265=CARTESIAN_POINT('Ctrl Pts',(3.1125328084,1.95358731053077,1.20201311721228E-16));
#1266=CARTESIAN_POINT('Ctrl Pts',(3.1125328084,1.95358732571015,0.00951789429385939));
#1267=CARTESIAN_POINT('Ctrl Pts',(3.1125328084,1.95264636880109,0.0198785168782267));
#1268=CARTESIAN_POINT('Ctrl Pts',(3.1125328084,1.95029399596262,0.0311552057392408));
#1269=CARTESIAN_POINT('Ctrl Pts',(3.1125328084,1.94850812822101,0.0397162104148913));
#1270=CARTESIAN_POINT('Ctrl Pts',(3.1125328084,1.94608372647432,0.0487640069483241));
#1271=CARTESIAN_POINT('Ctrl Pts',(3.1125328084,1.94122237594814,0.0611370062358711));
#1272=CARTESIAN_POINT('Ctrl Pts',(3.1125328084,1.9379554101964,0.0694520134958646));
#1273=CARTESIAN_POINT('Ctrl Pts',(3.1125328084,1.93363503082398,0.0789278346841796));
#1274=CARTESIAN_POINT('Ctrl Pts',(3.1125328084,1.9277952660487,0.0894550099880052));
#1275=CARTESIAN_POINT('Ctrl Pts',(3.1125328084,1.92317686062395,0.0977804760643482));
#1276=CARTESIAN_POINT('Ctrl Pts',(3.1125328084,1.91749292898132,0.106894204200118));
#1277=CARTESIAN_POINT('Ctrl Pts',(3.1125328084,1.91111424880375,0.115990895727318));
#1278=CARTESIAN_POINT('Ctrl Pts',(3.1125328084,1.9053527520646,0.124207416561088));
#1279=CARTESIAN_POINT('Ctrl Pts',(3.1125328084,1.89898828444524,0.13250785642963));
#1280=CARTESIAN_POINT('Ctrl Pts',(3.1125328084,1.8920197815663,0.140852515353351));
#1281=CARTESIAN_POINT('Ctrl Pts',(3.1125328084,1.88555269221723,0.148596740445127));
#1282=CARTESIAN_POINT('Ctrl Pts',(3.1125328084,1.87856573327993,0.156378885723798));
#1283=CARTESIAN_POINT('Ctrl Pts',(3.1125328084,1.87106856089843,0.164176004103209));
#1284=CARTESIAN_POINT('Ctrl Pts',(3.1125328084,1.8640453128671,0.17148023742234));
#1285=CARTESIAN_POINT('Ctrl Pts',(3.1125328084,1.85657470197328,0.178798299625503));
#1286=CARTESIAN_POINT('Ctrl Pts',(3.1125328084,1.84865719771005,0.186104623081807));
#1287=CARTESIAN_POINT('Ctrl Pts',(3.1125328084,1.84141333933786,0.192789301811268));
#1288=CARTESIAN_POINT('Ctrl Pts',(3.1125328084,1.83370432448017,0.199561829104158));
#1289=CARTESIAN_POINT('Ctrl Pts',(3.1125328084,1.82504921064951,0.20674396285712));
#1290=CARTESIAN_POINT('Ctrl Pts',(3.1125328084,1.81751482786077,0.212996098414607));
#1291=CARTESIAN_POINT('Ctrl Pts',(3.1125328084,1.8093439021626,0.219484409422422));
#1292=CARTESIAN_POINT('Ctrl Pts',(3.1125328084,1.80043926499627,0.226181722166748));
#1293=CARTESIAN_POINT('Ctrl Pts',(3.1125328084,1.79254621688347,0.232118203432626));
#1294=CARTESIAN_POINT('Ctrl Pts',(3.1125328084,1.78407653627967,0.238219308584796));
#1295=CARTESIAN_POINT('Ctrl Pts',(3.1125328084,1.77494893019002,0.244454733334864));
#1296=CARTESIAN_POINT('Ctrl Pts',(3.1125328084,1.75927963462063,0.255159042049531));
#1297=CARTESIAN_POINT('Ctrl Pts',(3.1125328084,1.74167459178457,0.266270730965839));
#1298=CARTESIAN_POINT('Ctrl Pts',(3.1125328084,1.72164999313675,0.277508469493437));
#1299=CARTESIAN_POINT('Ctrl Pts',(3.1125328084,1.70481253791584,0.286957593671686));
#1300=CARTESIAN_POINT('Ctrl Pts',(3.1125328084,1.68626024999548,0.296484080966654));
#1301=CARTESIAN_POINT('Ctrl Pts',(3.1125328084,1.6657449750306,0.30595531296464));
#1302=CARTESIAN_POINT('Ctrl Pts',(3.1125328084,1.64973040523148,0.313348716473736));
#1303=CARTESIAN_POINT('Ctrl Pts',(3.1125328084,1.63125776513889,0.321312287204482));
#1304=CARTESIAN_POINT('Ctrl Pts',(3.1125328084,1.60800045777279,0.330472268485509));
#1305=CARTESIAN_POINT('Ctrl Pts',(3.1125328084,1.59042033466605,0.337396268587548));
#1306=CARTESIAN_POINT('Ctrl Pts',(3.1125328084,1.57065954874088,0.34475527995338));
#1307=CARTESIAN_POINT('Ctrl Pts',(3.1125328084,1.54922734449329,0.352426409348751));
#1308=CARTESIAN_POINT('Ctrl Pts',(3.1125328084,1.53062369772783,0.359085126292423));
#1309=CARTESIAN_POINT('Ctrl Pts',(3.1125328084,1.51076601558373,0.365997955916395));
#1310=CARTESIAN_POINT('Ctrl Pts',(3.1125328084,1.48993660561477,0.372951524491853));
#1311=CARTESIAN_POINT('Ctrl Pts',(3.1125328084,1.47076589838971,0.379351361430492));
#1312=CARTESIAN_POINT('Ctrl Pts',(3.1125328084,1.4507718564518,0.385783924237213));
#1313=CARTESIAN_POINT('Ctrl Pts',(3.1125328084,1.43019028193994,0.392121599896755));
#1314=CARTESIAN_POINT('Ctrl Pts',(3.1125328084,1.41059193374238,0.398156511087217));
#1315=CARTESIAN_POINT('Ctrl Pts',(3.1125328084,1.39046090013967,0.404105632248974));
#1316=CARTESIAN_POINT('Ctrl Pts',(3.1125328084,1.37000106019387,0.409857346092764));
#1317=CARTESIAN_POINT('Ctrl Pts',(3.1125328084,1.35004041256991,0.415468725926325));
#1318=CARTESIAN_POINT('Ctrl Pts',(3.1125328084,1.32976722700608,0.420891554682087));
#1319=CARTESIAN_POINT('Ctrl Pts',(3.1125328084,1.30938654423268,0.426086939522255));
#1320=CARTESIAN_POINT('Ctrl Pts',(3.1125328084,1.29268514492877,0.43034441203767));
#1321=CARTESIAN_POINT('Ctrl Pts',(3.1125328084,1.27241558859644,0.435342462386638));
#1322=CARTESIAN_POINT('Ctrl Pts',(3.1125328084,1.24841532932499,0.440922900030225));
#1323=CARTESIAN_POINT('Ctrl Pts',(3.1125328084,1.23015113430347,0.445169612545916));
#1324=CARTESIAN_POINT('Ctrl Pts',(3.1125328084,1.20974530415783,0.449748805367925));
#1325=CARTESIAN_POINT('Ctrl Pts',(3.1125328084,1.18716805389526,0.454576499670562));
#1326=CARTESIAN_POINT('Ctrl Pts',(3.1125328084,1.1682153075696,0.458629166155257));
#1327=CARTESIAN_POINT('Ctrl Pts',(3.1125328084,1.14773236766221,0.462856882215723));
#1328=CARTESIAN_POINT('Ctrl Pts',(3.1125328084,1.12570202983738,0.467213977716444));
#1329=CARTESIAN_POINT('Ctrl Pts',(3.1125328084,1.10635235118125,0.471040900321234));
#1330=CARTESIAN_POINT('Ctrl Pts',(3.1125328084,1.08580903642694,0.474968476942088));
#1331=CARTESIAN_POINT('Ctrl Pts',(3.1125328084,1.0640579891459,0.478953568698197));
#1332=CARTESIAN_POINT('Ctrl Pts',(3.1125328084,1.04444339434918,0.482547232902676));
#1333=CARTESIAN_POINT('Ctrl Pts',(3.1125328084,1.02384664644802,0.486187488042935));
#1334=CARTESIAN_POINT('Ctrl Pts',(3.1125328084,1.00225788831365,0.489843884828583));
#1335=CARTESIAN_POINT('Ctrl Pts',(3.1125328084,0.964050872224783,0.496314845777193));
#1336=CARTESIAN_POINT('Ctrl Pts',(3.1125328084,0.922736550385274,0.502834685885711));
#1337=CARTESIAN_POINT('Ctrl Pts',(3.1125328084,0.878264041125582,0.509251368698513));
#1338=CARTESIAN_POINT('Ctrl Pts',(3.1125328084,0.838771885628527,0.514949464885051));
#1339=CARTESIAN_POINT('Ctrl Pts',(3.1125328084,0.796212127612966,0.520625778697742));
#1340=CARTESIAN_POINT('Ctrl Pts',(3.1125328084,0.753856527345913,0.525809126051285));
#1341=CARTESIAN_POINT('Ctrl Pts',(3.1125328084,0.712548354035594,0.530864292533586));
#1342=CARTESIAN_POINT('Ctrl Pts',(3.1125328084,0.670953050477322,0.535532423066872));
#1343=CARTESIAN_POINT('Ctrl Pts',(3.1125328084,0.629137895719101,0.539840823859622));
#1344=CARTESIAN_POINT('Ctrl Pts',(3.1125328084,0.587681624388892,0.544112247301583));
#1345=CARTESIAN_POINT('Ctrl Pts',(3.1125328084,0.546009250928035,0.548030191550552));
#1346=CARTESIAN_POINT('Ctrl Pts',(3.1125328084,0.504185844717829,0.551618849265416));
#1347=CARTESIAN_POINT('Ctrl Pts',(3.1125328084,0.462604881505968,0.555186704156808));
#1348=CARTESIAN_POINT('Ctrl Pts',(3.1125328084,0.420874621303769,0.55842915674053));
#1349=CARTESIAN_POINT('Ctrl Pts',(3.1125328084,0.379058731578046,0.561366984478859));
#1350=CARTESIAN_POINT('Ctrl Pts',(3.1125328084,0.337370260997006,0.564295860225491));
#1351=CARTESIAN_POINT('Ctrl Pts',(3.1125328084,0.295596687611609,0.566922014868049));
#1352=CARTESIAN_POINT('Ctrl Pts',(3.1125328084,0.253801178678508,0.569266274631875));
#1353=CARTESIAN_POINT('Ctrl Pts',(3.1125328084,0.212017738954943,0.571609857448273));
#1354=CARTESIAN_POINT('Ctrl Pts',(3.1125328084,0.170212382748961,0.573671750030596));
#1355=CARTESIAN_POINT('Ctrl Pts',(3.1125328084,0.128448292844999,0.575473582066462));
#1356=CARTESIAN_POINT('Ctrl Pts',(3.1125328084,0.0865789023406629,0.577279957095976));
#1357=CARTESIAN_POINT('Ctrl Pts',(3.1125328084,0.0447509771703955,0.578824988312165));
#1358=CARTESIAN_POINT('Ctrl Pts',(3.1125328084,0.00302812574110237,0.580127686875906));
#1359=CARTESIAN_POINT('Ctrl Pts',(3.1125328084,-0.0389214470370309,0.581437464284102));
#1360=CARTESIAN_POINT('Ctrl Pts',(3.1125328084,-0.0807647976940478,0.582502293923097));
#1361=CARTESIAN_POINT('Ctrl Pts',(3.1125328084,-0.122437158153913,0.583341756688176));
#1362=CARTESIAN_POINT('Ctrl Pts',(3.1125328084,-0.164361249469356,0.584186290408627));
#1363=CARTESIAN_POINT('Ctrl Pts',(3.1125328084,-0.206005462248938,0.584802689734366));
#1364=CARTESIAN_POINT('Ctrl Pts',(3.1125328084,-0.247929432190853,0.585223988856686));
#1365=CARTESIAN_POINT('Ctrl Pts',(3.1125328084,-0.289589398730749,0.585642634976399));
#1366=CARTESIAN_POINT('Ctrl Pts',(3.1125328084,-0.331432059777415,0.585865749441751));
#1367=CARTESIAN_POINT('Ctrl Pts',(3.1125328084,-0.373434147089801,0.585903560952664));
#1368=CARTESIAN_POINT('Ctrl Pts',(3.1125328084,-0.415120095572276,0.58594108786613));
#1369=CARTESIAN_POINT('Ctrl Pts',(3.1125328084,-0.45696308470562,0.585796110301593));
#1370=CARTESIAN_POINT('Ctrl Pts',(3.1125328084,-0.498940392443843,0.585476957705922));
#1371=CARTESIAN_POINT('Ctrl Pts',(3.1125328084,-0.540648321995264,0.58515985318699));
#1372=CARTESIAN_POINT('Ctrl Pts',(3.1125328084,-0.582488870208691,0.584670832360549));
#1373=CARTESIAN_POINT('Ctrl Pts',(3.1125328084,-0.624439577134237,0.584011136083135));
#1374=CARTESIAN_POINT('Ctrl Pts',(3.1125328084,-0.666166066745888,0.58335496573742));
#1375=CARTESIAN_POINT('Ctrl Pts',(3.1125328084,-0.708001523816239,0.582529929768994));
#1376=CARTESIAN_POINT('Ctrl Pts',(3.1125328084,-0.74992382537293,0.581543127696087));
#1377=CARTESIAN_POINT('Ctrl Pts',(3.1125328084,-0.791665940668909,0.580560566997556));
#1378=CARTESIAN_POINT('Ctrl Pts',(3.1125328084,-0.833494147156471,0.579417629147472));
#1379=CARTESIAN_POINT('Ctrl Pts',(3.1125328084,-0.875386724190506,0.578124850508722));
#1380=CARTESIAN_POINT('Ctrl Pts',(3.1125328084,-0.958802745537838,0.575550684435345));
#1381=CARTESIAN_POINT('Ctrl Pts',(3.1125328084,-1.04247398054306,0.572381803374467));
#1382=CARTESIAN_POINT('Ctrl Pts',(3.1125328084,-1.12622873607129,0.568682388280791));
#1383=CARTESIAN_POINT('Ctrl Pts',(3.1125328084,-1.20977133491299,0.56499234406574));
#1384=CARTESIAN_POINT('Ctrl Pts',(3.1125328084,-1.29339703434444,0.560774614476164));
#1385=CARTESIAN_POINT('Ctrl Pts',(3.1125328084,-1.37693570304944,0.556094756047928));
#1386=CARTESIAN_POINT('Ctrl Pts',(3.1125328084,-1.46059781658291,0.551407982207585));
#1387=CARTESIAN_POINT('Ctrl Pts',(3.1125328084,-1.54417265966442,0.546257841547453));
#1388=CARTESIAN_POINT('Ctrl Pts',(3.1125328084,-1.62748935221256,0.540707983692336));
#1389=CARTESIAN_POINT('Ctrl Pts',(3.1125328084,-1.71127167774505,0.535127109281032));
#1390=CARTESIAN_POINT('Ctrl Pts',(3.1125328084,-1.79479297102712,0.529142137549154));
#1391=CARTESIAN_POINT('Ctrl Pts',(3.1125328084,-1.87787941421102,0.522816452084761));
#1392=CARTESIAN_POINT('Ctrl Pts',(3.1125328084,-1.9617898876248,0.516428030079392));
#1393=CARTESIAN_POINT('Ctrl Pts',(3.1125328084,-2.04525685493733,0.509692176564559));
#1394=CARTESIAN_POINT('Ctrl Pts',(3.1125328084,-2.12810105505236,0.502671813306513));
#1395=CARTESIAN_POINT('Ctrl Pts',(3.1125328084,-2.21194993575165,0.495566311648314));
#1396=CARTESIAN_POINT('Ctrl Pts',(3.1125328084,-2.29521651635063,0.488165759126222));
#1397=CARTESIAN_POINT('Ctrl Pts',(3.1125328084,-2.37815294731783,0.480488034764721));
#1398=CARTESIAN_POINT('Ctrl Pts',(3.1125328084,-2.46193340261484,0.472732176028697));
#1399=CARTESIAN_POINT('Ctrl Pts',(3.1125328084,-2.54527044835455,0.464702354512349));
#1400=CARTESIAN_POINT('Ctrl Pts',(3.1125328084,-2.62803589265015,0.456446409650533));
#1401=CARTESIAN_POINT('Ctrl Pts',(3.1125328084,-2.71190592670755,0.448080280734901));
#1402=CARTESIAN_POINT('Ctrl Pts',(3.1125328084,-2.79518901009291,0.43948197151257));
#1403=CARTESIAN_POINT('Ctrl Pts',(3.1125328084,-2.87775169573025,0.430698597036478));
#1404=CARTESIAN_POINT('Ctrl Pts',(3.1125328084,-2.96172740582362,0.421764898926347));
#1405=CARTESIAN_POINT('Ctrl Pts',(3.1125328084,-3.04495785633286,0.412639750666954));
#1406=CARTESIAN_POINT('Ctrl Pts',(3.1125328084,-3.12730243408175,0.403369751735797));
#1407=CARTESIAN_POINT('Ctrl Pts',(3.1125328084,-3.21140560650275,0.393901777768803));
#1408=CARTESIAN_POINT('Ctrl Pts',(3.1125328084,-3.294584668333,0.384282699029402));
#1409=CARTESIAN_POINT('Ctrl Pts',(3.1125328084,-3.3766896126571,0.374560045608248));
#1410=CARTESIAN_POINT('Ctrl Pts',(3.1125328084,-3.46094980275894,0.364582173601818));
#1411=CARTESIAN_POINT('Ctrl Pts',(3.1125328084,-3.54407874672262,0.354495190487702));
#1412=CARTESIAN_POINT('Ctrl Pts',(3.1125328084,-3.62591394617301,0.344347512310743));
#1413=CARTESIAN_POINT('Ctrl Pts',(3.1125328084,-3.71037171657374,0.333874631700371));
#1414=CARTESIAN_POINT('Ctrl Pts',(3.1125328084,-3.79345149203129,0.323337094019268));
#1415=CARTESIAN_POINT('Ctrl Pts',(3.1125328084,-3.87497452788147,0.312787621424822));
#1416=CARTESIAN_POINT('Ctrl Pts',(3.1125328084,-3.95968736773492,0.301825372863888));
#1417=CARTESIAN_POINT('Ctrl Pts',(3.1125328084,-4.04271925551525,0.290850145271904));
#1418=CARTESIAN_POINT('Ctrl Pts',(3.1125328084,-4.1238690810997,0.279917607184904));
#1419=CARTESIAN_POINT('Ctrl Pts',(3.1125328084,-4.2089213547721,0.268459329676447));
#1420=CARTESIAN_POINT('Ctrl Pts',(3.1125328084,-4.29190619811362,0.257047994146985));
#1421=CARTESIAN_POINT('Ctrl Pts',(3.1125328084,-4.37259253551272,0.245751847350176));
#1422=CARTESIAN_POINT('Ctrl Pts',(3.1125328084,-4.45811577686616,0.23377853042926));
#1423=CARTESIAN_POINT('Ctrl Pts',(3.1125328084,-4.54105664148711,0.221934300829819));
#1424=CARTESIAN_POINT('Ctrl Pts',(3.1125328084,-4.62113881083792,0.2102932347603));
#1425=CARTESIAN_POINT('Ctrl Pts',(3.1125328084,-4.70735196508357,0.197760944079728));
#1426=CARTESIAN_POINT('Ctrl Pts',(3.1125328084,-4.79025199545015,0.185464615904287));
#1427=CARTESIAN_POINT('Ctrl Pts',(3.1125328084,-4.86949670528218,0.173514529769619));
#1428=CARTESIAN_POINT('Ctrl Pts',(3.1125328084,-4.95680807031855,0.160347993669841));
#1429=CARTESIAN_POINT('Ctrl Pts',(3.1125328084,-5.03968185826605,0.147600193611168));
#1430=CARTESIAN_POINT('Ctrl Pts',(3.1125328084,-5.11765659453279,0.135394316972774));
#1431=CARTESIAN_POINT('Ctrl Pts',(3.1125328084,-5.20695598223924,0.121415721309427));
#1432=CARTESIAN_POINT('Ctrl Pts',(3.1125328084,-5.2898305389989,0.108152354416405));
#1433=CARTESIAN_POINT('Ctrl Pts',(3.1125328084,-5.3655979008713,0.0958559505018648));
#1434=CARTESIAN_POINT('Ctrl Pts',(3.1125328084,-5.45953684809276,0.0806104515192399));
#1435=CARTESIAN_POINT('Ctrl Pts',(3.1125328084,-5.54254811115993,0.0668339926085873));
#1436=CARTESIAN_POINT('Ctrl Pts',(3.1125328084,-5.61330883989041,0.0548694931137399));
#1437=CARTESIAN_POINT('Ctrl Pts',(3.1125328084,-5.73279369227177,0.0346665291023925));
#1438=CARTESIAN_POINT('Ctrl Pts',(3.1125328084,-5.81738465677163,0.0198442134624141));
#1439=CARTESIAN_POINT('Ctrl Pts',(3.1125328084,-5.86075782618206,0.0123074562779855));
#1440=CARTESIAN_POINT('',(3.1125328084,5.15679937269774,0.));
#1441=CARTESIAN_POINT('Origin',(3.73503937008,5.15679937269774,0.));
#1442=CARTESIAN_POINT('',(3.73503937008,-5.82379952012184,0.0122299357946373));
#1443=CARTESIAN_POINT('',(3.73503937008,-5.82380653348572,-5.75386824149527E-10));
#1444=CARTESIAN_POINT('Ctrl Pts',(3.73503937008,-5.82379952012184,0.0122299357946373));
#1445=CARTESIAN_POINT('Ctrl Pts',(3.73503937008,-5.82380068790789,0.0101916648643614));
#1446=CARTESIAN_POINT('Ctrl Pts',(3.7350393700802,-5.82380185627735,0.00815331644485998));
#1447=CARTESIAN_POINT('Ctrl Pts',(3.7350393700802,-5.82380419410945,0.00407659387075501));
#1448=CARTESIAN_POINT('Ctrl Pts',(3.73503937008,-5.82380536352796,0.00203829663855687));
#1449=CARTESIAN_POINT('Ctrl Pts',(3.73503937008,-5.82380653348572,-5.75386822341471E-10));
#1450=CARTESIAN_POINT('',(3.73503937008,2.08920699743777,0.));
#1451=CARTESIAN_POINT('Ctrl Pts',(3.73503937008,2.08920699743777,1.52983487645199E-16));
#1452=CARTESIAN_POINT('Ctrl Pts',(3.73503937008,2.08920701889544,0.010903187963655));
#1453=CARTESIAN_POINT('Ctrl Pts',(3.73503937007992,2.08788316404462,0.0230874256796552));
#1454=CARTESIAN_POINT('Ctrl Pts',(3.73503937007992,2.0798374282544,0.0538307834686745));
#1455=CARTESIAN_POINT('Ctrl Pts',(3.7350393700809,2.0717758468982,0.0729813311935141));
#1456=CARTESIAN_POINT('Ctrl Pts',(3.7350393700809,2.04312752469458,0.119175413036317));
#1457=CARTESIAN_POINT('Ctrl Pts',(3.73503937009193,2.02050392938936,0.146133204469075));
#1458=CARTESIAN_POINT('Ctrl Pts',(3.73503937009193,1.95714252905434,0.204577401258918));
#1459=CARTESIAN_POINT('Ctrl Pts',(3.73503937008,1.90140509112283,0.249071641673747));
#1460=CARTESIAN_POINT('Ctrl Pts',(3.73503937008,1.71756774338067,0.337092351386849));
#1461=CARTESIAN_POINT('Ctrl Pts',(3.73503937008,1.55049822084128,0.385568529116253));
#1462=CARTESIAN_POINT('Ctrl Pts',(3.73503937008,1.44699806757415,0.414426922731878));
#1463=CARTESIAN_POINT('Ctrl Pts',(3.73503937008,1.28375868735375,0.457908830887182));
#1464=CARTESIAN_POINT('Ctrl Pts',(3.73503937008,0.681897923883994,0.545616544166239));
#1465=CARTESIAN_POINT('Ctrl Pts',(3.73503937008,0.328654551059461,0.568386545134572));
#1466=CARTESIAN_POINT('Ctrl Pts',(3.73503937008,-0.670392738673871,0.595718266135514));
#1467=CARTESIAN_POINT('Ctrl Pts',(3.73503937008,-1.36832391898191,0.56083502024191));
#1468=CARTESIAN_POINT('Ctrl Pts',(3.73503937008,-2.65593549755402,0.455258684523196));
#1469=CARTESIAN_POINT('Ctrl Pts',(3.73503937008,-3.31522951000712,0.381069045225788));
#1470=CARTESIAN_POINT('Ctrl Pts',(3.73503937008,-4.80118415706511,0.186165564126247));
#1471=CARTESIAN_POINT('Ctrl Pts',(3.73503937008,-5.43326085445644,0.0800785188914949));
#1472=CARTESIAN_POINT('Ctrl Pts',(3.73503937008,-5.82379952012184,0.0122299357946373));
#1473=CARTESIAN_POINT('',(3.73503937008,5.15679937269774,0.));
#1474=CARTESIAN_POINT('Origin',(4.35754593176,5.15679937269774,0.));
#1475=CARTESIAN_POINT('',(4.35754593176,-5.77983085985941,0.0121378368076213));
#1476=CARTESIAN_POINT('',(4.35754593176,-5.77982707649937,2.4141171063661E-9));
#1477=CARTESIAN_POINT('Ctrl Pts',(4.35754593176,-5.77983085985941,0.0121378368076213));
#1478=CARTESIAN_POINT('Ctrl Pts',(4.35754593176,-5.77983022985121,0.0101148169212472));
#1479=CARTESIAN_POINT('Ctrl Pts',(4.35754593176009,-5.7798295995818,0.00809186790419262));
#1480=CARTESIAN_POINT('Ctrl Pts',(4.35754593176009,-5.77982833848341,0.00404599236283264));
#1481=CARTESIAN_POINT('Ctrl Pts',(4.35754593176,-5.77982770763307,0.00202299737525176));
#1482=CARTESIAN_POINT('Ctrl Pts',(4.35754593176,-5.77982707649937,2.41411710585914E-9));
#1483=CARTESIAN_POINT('',(4.35754593176,2.01804028523309,0.));
#1484=CARTESIAN_POINT('Ctrl Pts',(4.35754593176,2.01804028523309,-1.58447183632527E-16));
#1485=CARTESIAN_POINT('Ctrl Pts',(4.35754593176,2.01804030230168,0.00945856097411742));
#1486=CARTESIAN_POINT('Ctrl Pts',(4.35754593176,2.01705572260642,0.0197929943921463));
#1487=CARTESIAN_POINT('Ctrl Pts',(4.35754593176,2.01458055567837,0.0310491344083843));
#1488=CARTESIAN_POINT('Ctrl Pts',(4.35754593176,2.01276901234239,0.0392873607697313));
#1489=CARTESIAN_POINT('Ctrl Pts',(4.35754593176,2.01019650614362,0.0484767188954192));
#1490=CARTESIAN_POINT('Ctrl Pts',(4.35754593176,2.00509770853998,0.0608156305777922));
#1491=CARTESIAN_POINT('Ctrl Pts',(4.35754593176,2.00167771340464,0.0690918990648794));
#1492=CARTESIAN_POINT('Ctrl Pts',(4.35754593176,1.99717920604901,0.078465019188512));
#1493=CARTESIAN_POINT('Ctrl Pts',(4.35754593176,1.99116620567524,0.0887996887479637));
#1494=CARTESIAN_POINT('Ctrl Pts',(4.35754593176,1.98631125917899,0.0971439868768147));
#1495=CARTESIAN_POINT('Ctrl Pts',(4.35754593176,1.98047915907839,0.106041891910483));
#1496=CARTESIAN_POINT('Ctrl Pts',(4.35754593176,1.9739702829491,0.114911864861311));
#1497=CARTESIAN_POINT('Ctrl Pts',(4.35754593176,1.96807121137793,0.122950826462659));
#1498=CARTESIAN_POINT('Ctrl Pts',(4.35754593176,1.96155044708319,0.131090713686674));
#1499=CARTESIAN_POINT('Ctrl Pts',(4.35754593176,1.95439515705807,0.139297228330716));
#1500=CARTESIAN_POINT('Ctrl Pts',(4.35754593176,1.94780572551949,0.146854750978626));
#1501=CARTESIAN_POINT('Ctrl Pts',(4.35754593176,1.94067852026243,0.154468675422783));
#1502=CARTESIAN_POINT('Ctrl Pts',(4.35754593176,1.93301241965095,0.162119611164893));
#1503=CARTESIAN_POINT('Ctrl Pts',(4.35754593176,1.92592124792851,0.169196755326479));
#1504=CARTESIAN_POINT('Ctrl Pts',(4.35754593176,1.91853837210298,0.176160545955769));
#1505=CARTESIAN_POINT('Ctrl Pts',(4.35754593176,1.91022202792792,0.18353986659782));
#1506=CARTESIAN_POINT('Ctrl Pts',(4.35754593176,1.90300921688077,0.189939991980681));
#1507=CARTESIAN_POINT('Ctrl Pts',(4.35754593176,1.8950503698188,0.196675562182006));
#1508=CARTESIAN_POINT('Ctrl Pts',(4.35754593176,1.88628876090502,0.203679166742857));
#1509=CARTESIAN_POINT('Ctrl Pts',(4.35754593176,1.87862290027934,0.209806883349381));
#1510=CARTESIAN_POINT('Ctrl Pts',(4.35754593176,1.87034280160052,0.216140427967785));
#1511=CARTESIAN_POINT('Ctrl Pts',(4.35754593176,1.86140172480561,0.2226301733144));
#1512=CARTESIAN_POINT('Ctrl Pts',(4.35754593176,1.85337564426241,0.228455782472173));
#1513=CARTESIAN_POINT('Ctrl Pts',(4.35754593176,1.84481701245012,0.234407691508684));
#1514=CARTESIAN_POINT('Ctrl Pts',(4.35754593176,1.83568473744274,0.24044215351935));
#1515=CARTESIAN_POINT('Ctrl Pts',(4.35754593176,1.81966319887135,0.251028931270074));
#1516=CARTESIAN_POINT('Ctrl Pts',(4.35754593176,1.80187729040172,0.261876460917936));
#1517=CARTESIAN_POINT('Ctrl Pts',(4.35754593176,1.78206711074911,0.272665862106046));
#1518=CARTESIAN_POINT('Ctrl Pts',(4.35754593176,1.76496843732253,0.281978470604248));
#1519=CARTESIAN_POINT('Ctrl Pts',(4.35754593176,1.74663216017328,0.291121093524113));
#1520=CARTESIAN_POINT('Ctrl Pts',(4.35754593176,1.72597661786857,0.300378639420668));
#1521=CARTESIAN_POINT('Ctrl Pts',(4.35754593176,1.70821582980071,0.308338794049953));
#1522=CARTESIAN_POINT('Ctrl Pts',(4.35754593176,1.68864078149432,0.316374513882869));
#1523=CARTESIAN_POINT('Ctrl Pts',(4.35754593176,1.66811587936338,0.324193121016643));
#1524=CARTESIAN_POINT('Ctrl Pts',(4.35754593176,1.64905221604357,0.331455094451511));
#1525=CARTESIAN_POINT('Ctrl Pts',(4.35754593176,1.62917593661727,0.338540702475304));
#1526=CARTESIAN_POINT('Ctrl Pts',(4.35754593176,1.60925283199756,0.345425594479434));
#1527=CARTESIAN_POINT('Ctrl Pts',(4.35754593176,1.58928870927827,0.352324661241524));
#1528=CARTESIAN_POINT('Ctrl Pts',(4.35754593176,1.56927733086119,0.359027803165832));
#1529=CARTESIAN_POINT('Ctrl Pts',(4.35754593176,1.54991272008819,0.365295753630163));
#1530=CARTESIAN_POINT('Ctrl Pts',(4.35754593176,1.52893217470291,0.372086750915425));
#1531=CARTESIAN_POINT('Ctrl Pts',(4.35754593176,1.50871161199485,0.378366577347637));
#1532=CARTESIAN_POINT('Ctrl Pts',(4.35754593176,1.49017125132634,0.383931268925433));
#1533=CARTESIAN_POINT('Ctrl Pts',(4.35754593176,1.46684346824833,0.390932854296062));
#1534=CARTESIAN_POINT('Ctrl Pts',(4.35754593176,1.44617546141045,0.396799159358022));
#1535=CARTESIAN_POINT('Ctrl Pts',(4.35754593176,1.43003101033841,0.401240322601796));
#1536=CARTESIAN_POINT('Ctrl Pts',(4.35754593176,1.41437032388804,0.405548407449356));
#1537=CARTESIAN_POINT('Ctrl Pts',(4.35754593176,1.39955300415201,0.409473708769997));
#1538=CARTESIAN_POINT('Ctrl Pts',(4.35754593176,1.38414448839827,0.413415036964956));
#1539=CARTESIAN_POINT('Ctrl Pts',(4.35754593176,1.37927329738735,0.414661033839749));
#1540=CARTESIAN_POINT('Ctrl Pts',(4.35754593176,1.37439028218655,0.415895620754526));
#1541=CARTESIAN_POINT('Ctrl Pts',(4.35754593176,1.36949638757563,0.417118693908708));
#1542=CARTESIAN_POINT('Ctrl Pts',(4.35754593176,1.34936532493899,0.422149812114868));
#1543=CARTESIAN_POINT('Ctrl Pts',(4.35754593176,1.3290501069278,0.426985518849983));
#1544=CARTESIAN_POINT('Ctrl Pts',(4.35754593176,1.30862186929023,0.431641278445735));
#1545=CARTESIAN_POINT('Ctrl Pts',(4.35754593176,1.28832999535126,0.436265959658245));
#1546=CARTESIAN_POINT('Ctrl Pts',(4.35754593176,1.26792661985168,0.440713236770949));
#1547=CARTESIAN_POINT('Ctrl Pts',(4.35754593176,1.24748062460951,0.444997782489051));
#1548=CARTESIAN_POINT('Ctrl Pts',(4.35754593176,1.2270508246926,0.449278934407505));
#1549=CARTESIAN_POINT('Ctrl Pts',(4.35754593176,1.20657847968759,0.453397723454091));
#1550=CARTESIAN_POINT('Ctrl Pts',(4.35754593176,1.18613160518296,0.457367703190375));
#1551=CARTESIAN_POINT('Ctrl Pts',(4.35754593176,1.16557900569578,0.461358210564673));
#1552=CARTESIAN_POINT('Ctrl Pts',(4.35754593176,1.14505205212825,0.465198381083675));
#1553=CARTESIAN_POINT('Ctrl Pts',(4.35754593176,1.12461642966323,0.468883438051854));
#1554=CARTESIAN_POINT('Ctrl Pts',(4.35754593176,1.10394602964591,0.472610831320604));
#1555=CARTESIAN_POINT('Ctrl Pts',(4.35754593176,1.08336911848499,0.476179565420277));
#1556=CARTESIAN_POINT('Ctrl Pts',(4.35754593176,1.06295540081995,0.479591696063327));
#1557=CARTESIAN_POINT('Ctrl Pts',(4.35754593176,1.02082425842942,0.486633870562667));
#1558=CARTESIAN_POINT('Ctrl Pts',(4.35754593176,0.979387914401114,0.493006987916441));
#1559=CARTESIAN_POINT('Ctrl Pts',(4.35754593176,0.939264584715275,0.498752166861923));
#1560=CARTESIAN_POINT('Ctrl Pts',(4.35754593176,0.898188410646967,0.504633781679685));
#1561=CARTESIAN_POINT('Ctrl Pts',(4.35754593176,0.856874317597645,0.510091923777072));
#1562=CARTESIAN_POINT('Ctrl Pts',(4.35754593176,0.81518148755029,0.515183367103842));
#1563=CARTESIAN_POINT('Ctrl Pts',(4.35754593176,0.773986213063033,0.520214049960928));
#1564=CARTESIAN_POINT('Ctrl Pts',(4.35754593176,0.732496388482934,0.524876113902006));
#1565=CARTESIAN_POINT('Ctrl Pts',(4.35754593176,0.69080157999751,0.529192014719126));
#1566=CARTESIAN_POINT('Ctrl Pts',(4.35754593176,0.649439402808231,0.53347348430284));
#1567=CARTESIAN_POINT('Ctrl Pts',(4.35754593176,0.607875519157762,0.537414405847181));
#1568=CARTESIAN_POINT('Ctrl Pts',(4.35754593176,0.566197455442547,0.541038341032764));
#1569=CARTESIAN_POINT('Ctrl Pts',(4.35754593176,0.524690985869433,0.544647355994283));
#1570=CARTESIAN_POINT('Ctrl Pts',(4.35754593176,0.483071260470591,0.547942087524457));
#1571=CARTESIAN_POINT('Ctrl Pts',(4.35754593176,0.441424368689234,0.550941466174669));
#1572=CARTESIAN_POINT('Ctrl Pts',(4.35754593176,0.399789284514915,0.553939994449669));
#1573=CARTESIAN_POINT('Ctrl Pts',(4.35754593176,0.358127065396451,0.556643399192937));
#1574=CARTESIAN_POINT('Ctrl Pts',(4.35754593176,0.316523957848346,0.559072788819197));
#1575=CARTESIAN_POINT('Ctrl Pts',(4.35754593176,0.274770445002933,0.56151096127661));
#1576=CARTESIAN_POINT('Ctrl Pts',(4.35754593176,0.23307647842784,0.563673186237826));
#1577=CARTESIAN_POINT('Ctrl Pts',(4.35754593176,0.191529276943493,0.565581656714457));
#1578=CARTESIAN_POINT('Ctrl Pts',(4.35754593176,0.149662992326209,0.567504784273082));
#1579=CARTESIAN_POINT('Ctrl Pts',(4.35754593176,0.107945731740678,0.569170279066445));
#1580=CARTESIAN_POINT('Ctrl Pts',(4.35754593176,0.0664666736300938,0.570599437648251));
#1581=CARTESIAN_POINT('Ctrl Pts',(4.35754593176,0.0244887182045097,0.572045785708595));
#1582=CARTESIAN_POINT('Ctrl Pts',(4.35754593176,-0.0172452659187777,0.573250112885853));
#1583=CARTESIAN_POINT('Ctrl Pts',(4.35754593176,-0.0586428028174516,0.574235302233854));
#1584=CARTESIAN_POINT('Ctrl Pts',(4.35754593176,-0.100235814114372,0.575225143532415));
#1585=CARTESIAN_POINT('Ctrl Pts',(4.35754593176,-0.141933689313987,0.576004634898505));
#1586=CARTESIAN_POINT('Ctrl Pts',(4.35754593176,-0.183781933215674,0.576592531292661));
#1587=CARTESIAN_POINT('Ctrl Pts',(4.35754593176,-0.22537841315357,0.577176890832873));
#1588=CARTESIAN_POINT('Ctrl Pts',(4.35754593176,-0.267102657565566,0.577571498009874));
#1589=CARTESIAN_POINT('Ctrl Pts',(4.35754593176,-0.308936776265034,0.577782911027251));
#1590=CARTESIAN_POINT('Ctrl Pts',(4.35754593176,-0.350553866643628,0.577993227269708));
#1591=CARTESIAN_POINT('Ctrl Pts',(4.35754593176,-0.392279701878265,0.578022258175878));
#1592=CARTESIAN_POINT('Ctrl Pts',(4.35754593176,-0.434096557480025,0.577873508744093));
#1593=CARTESIAN_POINT('Ctrl Pts',(4.35754593176,-0.475730741216063,0.577725409106174));
#1594=CARTESIAN_POINT('Ctrl Pts',(4.35754593176,-0.517455158445171,0.57740108878992));
#1595=CARTESIAN_POINT('Ctrl Pts',(4.35754593176,-0.559252099070189,0.576901000499453));
#1596=CARTESIAN_POINT('Ctrl Pts',(4.35754593176,-0.60090017915101,0.576402693282289));
#1597=CARTESIAN_POINT('Ctrl Pts',(4.35754593176,-0.642620247814026,0.575729859463738));
#1598=CARTESIAN_POINT('Ctrl Pts',(4.35754593176,-0.684394746495671,0.574889609107811));
#1599=CARTESIAN_POINT('Ctrl Pts',(4.35754593176,-0.726053836964299,0.574051680067404));
#1600=CARTESIAN_POINT('Ctrl Pts',(4.35754593176,-0.767767042911644,0.573047256987533));
#1601=CARTESIAN_POINT('Ctrl Pts',(4.35754593176,-0.809517149017409,0.571889259046177));
#1602=CARTESIAN_POINT('Ctrl Pts',(4.35754593176,-0.892803331701716,0.569579199573571));
#1603=CARTESIAN_POINT('Ctrl Pts',(4.35754593176,-0.976236369734187,0.566657511347084));
#1604=CARTESIAN_POINT('Ctrl Pts',(4.35754593176,-1.05967941347962,0.563191747837897));
#1605=CARTESIAN_POINT('Ctrl Pts',(4.35754593176,-1.14305664194674,0.559728717932131));
#1606=CARTESIAN_POINT('Ctrl Pts',(4.35754593176,-1.2264438629749,0.555722598804147));
#1607=CARTESIAN_POINT('Ctrl Pts',(4.35754593176,-1.30970498999538,0.551242815191265));
#1608=CARTESIAN_POINT('Ctrl Pts',(4.35754593176,-1.3931667323915,0.546752237664051));
#1609=CARTESIAN_POINT('Ctrl Pts',(4.35754593176,-1.47650180343694,0.541785808877169));
#1610=CARTESIAN_POINT('Ctrl Pts',(4.35754593176,-1.55957301768111,0.536407718277616));
#1611=CARTESIAN_POINT('Ctrl Pts',(4.35754593176,-1.64311925462522,0.530998874364292));
#1612=CARTESIAN_POINT('Ctrl Pts',(4.35754593176,-1.72639862223892,0.525173726979138));
#1613=CARTESIAN_POINT('Ctrl Pts',(4.35754593176,-1.80927139908467,0.518995152522093));
#1614=CARTESIAN_POINT('Ctrl Pts',(4.35754593176,-1.8929077583377,0.51275964922862));
#1615=CARTESIAN_POINT('Ctrl Pts',(4.35754593176,-1.97613001458413,0.506164230972827));
#1616=CARTESIAN_POINT('Ctrl Pts',(4.35754593176,-2.05879411427186,0.49926943762893));
#1617=CARTESIAN_POINT('Ctrl Pts',(4.35754593176,-2.14140543464779,0.492379046467469));
#1618=CARTESIAN_POINT('Ctrl Pts',(4.35754593176,-2.22455442761721,0.485098063377016));
#1619=CARTESIAN_POINT('Ctrl Pts',(4.35754593176,-2.3081390139639,0.477454622618645));
#1620=CARTESIAN_POINT('Ctrl Pts',(4.35754593176,-2.3908505410333,0.469891019269972));
#1621=CARTESIAN_POINT('Ctrl Pts',(4.35754593176,-2.47396387913294,0.461974658487705));
#1622=CARTESIAN_POINT('Ctrl Pts',(4.35754593176,-2.55730636748479,0.453740707792159));
#1623=CARTESIAN_POINT('Ctrl Pts',(4.35754593176,-2.64013357439395,0.445557665127767));
#1624=CARTESIAN_POINT('Ctrl Pts',(4.35754593176,-2.72318711146269,0.437061025361062));
#1625=CARTESIAN_POINT('Ctrl Pts',(4.35754593176,-2.80629761266059,0.428286537697589));
#1626=CARTESIAN_POINT('Ctrl Pts',(4.35754593176,-2.88923596731399,0.419530224605431));
#1627=CARTESIAN_POINT('Ctrl Pts',(4.35754593176,-2.97223105613903,0.410497270052962));
#1628=CARTESIAN_POINT('Ctrl Pts',(4.35754593176,-3.0551145871364,0.40122334720962));
#1629=CARTESIAN_POINT('Ctrl Pts',(4.35754593176,-3.13816434235842,0.391930825368196));
#1630=CARTESIAN_POINT('Ctrl Pts',(4.35754593176,-3.22110209540882,0.382396405615977));
#1631=CARTESIAN_POINT('Ctrl Pts',(4.35754593176,-3.30375859710419,0.372656372970823));
#1632=CARTESIAN_POINT('Ctrl Pts',(4.35754593176,-3.38692469006188,0.362856291383009));
#1633=CARTESIAN_POINT('Ctrl Pts',(4.35754593176,-3.46980605691541,0.352848071540084));
#1634=CARTESIAN_POINT('Ctrl Pts',(4.35754593176,-3.55223019840296,0.342667774439064));
#1635=CARTESIAN_POINT('Ctrl Pts',(4.35754593176,-3.6355224424579,0.332380257027456));
#1636=CARTESIAN_POINT('Ctrl Pts',(4.35754593176,-3.71834777873407,0.321917030273346));
#1637=CARTESIAN_POINT('Ctrl Pts',(4.35754593176,-3.80052834377644,0.311316413358859));
#1638=CARTESIAN_POINT('Ctrl Pts',(4.35754593176,-3.88432257778876,0.300507646420478));
#1639=CARTESIAN_POINT('Ctrl Pts',(4.35754593176,-3.96778755186874,0.289508295395225));
#1640=CARTESIAN_POINT('Ctrl Pts',(4.35754593176,-4.04865057069398,0.278642204525178));
#1641=CARTESIAN_POINT('Ctrl Pts',(4.35754593176,-4.13375151051735,0.267206636589658));
#1642=CARTESIAN_POINT('Ctrl Pts',(4.35754593176,-4.21639751663487,0.255865939496884));
#1643=CARTESIAN_POINT('Ctrl Pts',(4.35754593176,-4.29659159453979,0.244661327468874));
#1644=CARTESIAN_POINT('Ctrl Pts',(4.35754593176,-4.3819536620194,0.232734650674213));
#1645=CARTESIAN_POINT('Ctrl Pts',(4.35754593176,-4.46453757125599,0.220961809837322));
#1646=CARTESIAN_POINT('Ctrl Pts',(4.35754593176,-4.54434508747679,0.209378394344961));
#1647=CARTESIAN_POINT('Ctrl Pts',(4.35754593176,-4.63006485743397,0.196936863041363));
#1648=CARTESIAN_POINT('Ctrl Pts',(4.35754593176,-4.71258169399617,0.18471438346332));
#1649=CARTESIAN_POINT('Ctrl Pts',(4.35754593176,-4.7918995244598,0.17276639969494));
#1650=CARTESIAN_POINT('Ctrl Pts',(4.35754593176,-4.87812903110094,0.159777280606816));
#1651=CARTESIAN_POINT('Ctrl Pts',(4.35754593176,-4.96057758320404,0.147111210646267));
#1652=CARTESIAN_POINT('Ctrl Pts',(4.35754593176,-5.03924486582609,0.134805001424542));
#1653=CARTESIAN_POINT('Ctrl Pts',(4.35754593176,-5.12623731415768,0.121196456242906));
#1654=CARTESIAN_POINT('Ctrl Pts',(4.35754593176,-5.20860621851895,0.108031191944357));
#1655=CARTESIAN_POINT('Ctrl Pts',(4.35754593176,-5.28636011803657,0.095415968062546));
#1656=CARTESIAN_POINT('Ctrl Pts',(4.35754593176,-5.37460031482503,0.0810993891543811));
#1657=CARTESIAN_POINT('Ctrl Pts',(4.35754593176,-5.45689544326986,0.067481476382094));
#1658=CARTESIAN_POINT('Ctrl Pts',(4.35754593176,-5.53323307616778,0.0545717455792994));
#1659=CARTESIAN_POINT('Ctrl Pts',(4.35754593176,-5.62379549280451,0.0392564105964348));
#1660=CARTESIAN_POINT('Ctrl Pts',(4.35754593176,-5.70597953771438,0.0249784953040721));
#1661=CARTESIAN_POINT('Ctrl Pts',(4.35754593176,-5.77983085985941,0.0121378368076213));
#1662=CARTESIAN_POINT('',(4.35754593176,5.15679937269774,0.));
#1663=CARTESIAN_POINT('Origin',(4.98005249344,5.15679937269774,0.));
#1664=CARTESIAN_POINT('',(4.98005249344,-5.72867160314458,0.012030400620898));
#1665=CARTESIAN_POINT('',(4.98005249344,-5.72866207061885,3.97934510452306E-9));
#1666=CARTESIAN_POINT('Ctrl Pts',(4.98005249344,-5.72867160314458,0.012030400620898));
#1667=CARTESIAN_POINT('Ctrl Pts',(4.98005249344,-5.7286700157579,0.0100253599129196));
#1668=CARTESIAN_POINT('Ctrl Pts',(4.98005249343989,-5.72866842766766,0.00802028151475917));
#1669=CARTESIAN_POINT('Ctrl Pts',(4.98005249343989,-5.72866525012886,0.0040101111470446));
#1670=CARTESIAN_POINT('Ctrl Pts',(4.98005249344,-5.72866366071073,0.00200505756233844));
#1671=CARTESIAN_POINT('Ctrl Pts',(4.98005249344,-5.72866207061885,3.97934510556396E-9));
#1672=CARTESIAN_POINT('',(4.98005249344,1.81812336883189,0.));
#1673=CARTESIAN_POINT('Ctrl Pts',(4.98005249344,1.81812336883189,8.19554398099279E-18));
#1674=CARTESIAN_POINT('Ctrl Pts',(4.98005249344,1.81812338373952,0.0124948604671149));
#1675=CARTESIAN_POINT('Ctrl Pts',(4.98005249344007,1.81654632454534,0.0262999841667563));
#1676=CARTESIAN_POINT('Ctrl Pts',(4.98005249344007,1.80836908061386,0.0566476908871102));
#1677=CARTESIAN_POINT('Ctrl Pts',(4.98005249343918,1.80062597220585,0.0783872789696798));
#1678=CARTESIAN_POINT('Ctrl Pts',(4.98005249343918,1.76529779477617,0.134167777603883));
#1679=CARTESIAN_POINT('Ctrl Pts',(4.98005249342851,1.73956446285492,0.164676370224603));
#1680=CARTESIAN_POINT('Ctrl Pts',(4.98005249342851,1.63290373905566,0.259542895188699));
#1681=CARTESIAN_POINT('Ctrl Pts',(4.98005249344,1.55624600079068,0.295872647891949));
#1682=CARTESIAN_POINT('Ctrl Pts',(4.98005249344,1.47044127907176,0.332988767604543));
#1683=CARTESIAN_POINT('Ctrl Pts',(4.98005249344,1.3247758581675,0.392856473739368));
#1684=CARTESIAN_POINT('Ctrl Pts',(4.98005249344,0.955045928595893,0.476515403132088));
#1685=CARTESIAN_POINT('Ctrl Pts',(4.98005249344,0.792907149800012,0.502203411532961));
#1686=CARTESIAN_POINT('Ctrl Pts',(4.98005249344,0.315509644892403,0.55797616634477));
#1687=CARTESIAN_POINT('Ctrl Pts',(4.98005249344,-0.0115407875382908,0.571544157451615));
#1688=CARTESIAN_POINT('Ctrl Pts',(4.98005249344,-0.965176021083696,0.57485744459502));
#1689=CARTESIAN_POINT('Ctrl Pts',(4.98005249344,-1.64154939735335,0.532148431275263));
#1690=CARTESIAN_POINT('Ctrl Pts',(4.98005249344,-3.97131255107236,0.320039780790911));
#1691=CARTESIAN_POINT('Ctrl Pts',(4.98005249344,-5.48269108825651,0.0548189086413407));
#1692=CARTESIAN_POINT('Ctrl Pts',(4.98005249344,-5.72867160314458,0.012030400620898));
#1693=CARTESIAN_POINT('',(4.98005249344,5.15679937269774,0.));
#1694=CARTESIAN_POINT('Origin',(5.60255905512,5.15679937269774,0.));
#1695=CARTESIAN_POINT('',(5.60255905512,-5.67011893167779,0.0119071743582411));
#1696=CARTESIAN_POINT('',(5.60255905512,-5.6701169096994,-2.64766299010883E-9));
#1697=CARTESIAN_POINT('Ctrl Pts',(5.60255905512,-5.67011893167779,0.0119071743582411));
#1698=CARTESIAN_POINT('Ctrl Pts',(5.60255905512,-5.67011859503152,0.00992282667344261));
#1699=CARTESIAN_POINT('Ctrl Pts',(5.60255905511986,-5.67011825817935,0.00793820593245377));
#1700=CARTESIAN_POINT('Ctrl Pts',(5.60255905511986,-5.67011758414133,0.00396888040170855));
#1701=CARTESIAN_POINT('Ctrl Pts',(5.60255905512,-5.6701172470002,0.00198443887807571));
#1702=CARTESIAN_POINT('Ctrl Pts',(5.60255905512,-5.6701169096994,-2.64766298889648E-9));
#1703=CARTESIAN_POINT('',(5.60255905512,1.74210467420606,0.));
#1704=CARTESIAN_POINT('Ctrl Pts',(5.60255905512,1.74210467420606,1.09273919746571E-16));
#1705=CARTESIAN_POINT('Ctrl Pts',(5.60255905512,1.74210468485764,0.00915228424367203));
#1706=CARTESIAN_POINT('Ctrl Pts',(5.60255905512,1.74127198438553,0.0190031153000095));
#1707=CARTESIAN_POINT('Ctrl Pts',(5.60255905512,1.73924974501855,0.0296375009188462));
#1708=CARTESIAN_POINT('Ctrl Pts',(5.60255905512,1.73760448514581,0.0382894578611104));
#1709=CARTESIAN_POINT('Ctrl Pts',(5.60255905512,1.73536051531394,0.047093232719333));
#1710=CARTESIAN_POINT('Ctrl Pts',(5.60255905512,1.73131361581049,0.0583345874029893));
#1711=CARTESIAN_POINT('Ctrl Pts',(5.60255905512,1.72840986816751,0.066400529524553));
#1712=CARTESIAN_POINT('Ctrl Pts',(5.60255905512,1.72458421835044,0.0755175112459928));
#1713=CARTESIAN_POINT('Ctrl Pts',(5.60255905512,1.7194072655805,0.0856435516683081));
#1714=CARTESIAN_POINT('Ctrl Pts',(5.60255905512,1.71532953803775,0.0936195243619122));
#1715=CARTESIAN_POINT('Ctrl Pts',(5.60255905512,1.71036942659543,0.10228126525445));
#1716=CARTESIAN_POINT('Ctrl Pts',(5.60255905512,1.70444284257194,0.11140884448925));
#1717=CARTESIAN_POINT('Ctrl Pts',(5.60255905512,1.69927522906168,0.119367527194625));
#1718=CARTESIAN_POINT('Ctrl Pts',(5.60255905512,1.69351895766295,0.127466333735077));
#1719=CARTESIAN_POINT('Ctrl Pts',(5.60255905512,1.68714349027864,0.135674345113187));
#1720=CARTESIAN_POINT('Ctrl Pts',(5.60255905512,1.68129348281725,0.143205860045459));
#1721=CARTESIAN_POINT('Ctrl Pts',(5.60255905512,1.67492226264883,0.150829142976215));
#1722=CARTESIAN_POINT('Ctrl Pts',(5.60255905512,1.66801274181445,0.158526497872559));
#1723=CARTESIAN_POINT('Ctrl Pts',(5.60255905512,1.66161670598805,0.165651819420255));
#1724=CARTESIAN_POINT('Ctrl Pts',(5.60255905512,1.65475978493221,0.172841392430801));
#1725=CARTESIAN_POINT('Ctrl Pts',(5.60255905512,1.6474177676986,0.180071456415243));
#1726=CARTESIAN_POINT('Ctrl Pts',(5.60255905512,1.64057300045547,0.186811852624059));
#1727=CARTESIAN_POINT('Ctrl Pts',(5.60255905512,1.63330658417572,0.193587118537866));
#1728=CARTESIAN_POINT('Ctrl Pts',(5.60255905512,1.62560592364584,0.200384348803581));
#1729=CARTESIAN_POINT('Ctrl Pts',(5.60255905512,1.61806470260678,0.20704084478704));
#1730=CARTESIAN_POINT('Ctrl Pts',(5.60255905512,1.61040441320467,0.213453591546137));
#1731=CARTESIAN_POINT('Ctrl Pts',(5.60255905512,1.60277058426894,0.219541368583947));
#1732=CARTESIAN_POINT('Ctrl Pts',(5.60255905512,1.59485581668297,0.225853186778347));
#1733=CARTESIAN_POINT('Ctrl Pts',(5.60255905512,1.58692926746106,0.231851232925938));
#1734=CARTESIAN_POINT('Ctrl Pts',(5.60255905512,1.57902216223676,0.237556208021141));
#1735=CARTESIAN_POINT('Ctrl Pts',(5.60255905512,1.56220665924403,0.249688590614472));
#1736=CARTESIAN_POINT('Ctrl Pts',(5.60255905512,1.54547847216835,0.260496978733965));
#1737=CARTESIAN_POINT('Ctrl Pts',(5.60255905512,1.52911969984456,0.270139951486601));
#1738=CARTESIAN_POINT('Ctrl Pts',(5.60255905512,1.51098965898397,0.28082703035551));
#1739=CARTESIAN_POINT('Ctrl Pts',(5.60255905512,1.49331916276807,0.290087292721674));
#1740=CARTESIAN_POINT('Ctrl Pts',(5.60255905512,1.47654085501424,0.298217674036334));
#1741=CARTESIAN_POINT('Ctrl Pts',(5.60255905512,1.46127492348713,0.30561519268124));
#1742=CARTESIAN_POINT('Ctrl Pts',(5.60255905512,1.44674843298429,0.312080766424342));
#1743=CARTESIAN_POINT('Ctrl Pts',(5.60255905512,1.43327619907701,0.31782764999928));
#1744=CARTESIAN_POINT('Ctrl Pts',(5.60255905512,1.42962575516265,0.319384828735713));
#1745=CARTESIAN_POINT('Ctrl Pts',(5.60255905512,1.42604298015513,0.320893989229462));
#1746=CARTESIAN_POINT('Ctrl Pts',(5.60255905512,1.42211234956958,0.322528731471522));
#1747=CARTESIAN_POINT('Ctrl Pts',(5.60255905512,1.40698107067177,0.328821803346955));
#1748=CARTESIAN_POINT('Ctrl Pts',(5.60255905512,1.38829367385618,0.336260722147051));
#1749=CARTESIAN_POINT('Ctrl Pts',(5.60255905512,1.3666708322659,0.344449661587436));
#1750=CARTESIAN_POINT('Ctrl Pts',(5.60255905512,1.34971254576483,0.350872054342348));
#1751=CARTESIAN_POINT('Ctrl Pts',(5.60255905512,1.33095562561755,0.357776543715759));
#1752=CARTESIAN_POINT('Ctrl Pts',(5.60255905512,1.31066718079144,0.364892869737774));
#1753=CARTESIAN_POINT('Ctrl Pts',(5.60255905512,1.29293568513125,0.371112326431345));
#1754=CARTESIAN_POINT('Ctrl Pts',(5.60255905512,1.27403375750405,0.377491025035259));
#1755=CARTESIAN_POINT('Ctrl Pts',(5.60255905512,1.25415066030401,0.383874003892798));
#1756=CARTESIAN_POINT('Ctrl Pts',(5.60255905512,1.23591741096595,0.389727339711569));
#1757=CARTESIAN_POINT('Ctrl Pts',(5.60255905512,1.21678030818478,0.395607080582158));
#1758=CARTESIAN_POINT('Ctrl Pts',(5.60255905512,1.19714394127959,0.401325211232761));
#1759=CARTESIAN_POINT('Ctrl Pts',(5.60255905512,1.17826379237547,0.406823130407823));
#1760=CARTESIAN_POINT('Ctrl Pts',(5.60255905512,1.15908902504734,0.41212551551938));
#1761=CARTESIAN_POINT('Ctrl Pts',(5.60255905512,1.13968709994517,0.417234805822045));
#1762=CARTESIAN_POINT('Ctrl Pts',(5.60255905512,1.12061030076214,0.422258477677206));
#1763=CARTESIAN_POINT('Ctrl Pts',(5.60255905512,1.10131404025022,0.427095472435699));
#1764=CARTESIAN_POINT('Ctrl Pts',(5.60255905512,1.08186693802954,0.431768422624611));
#1765=CARTESIAN_POINT('Ctrl Pts',(5.60255905512,1.06262903036623,0.436391105388827));
#1766=CARTESIAN_POINT('Ctrl Pts',(5.60255905512,1.0432434153943,0.440853552535942));
#1767=CARTESIAN_POINT('Ctrl Pts',(5.60255905512,1.02377084444295,0.445156505927064));
#1768=CARTESIAN_POINT('Ctrl Pts',(5.60255905512,1.00439620825041,0.449437818174671));
#1769=CARTESIAN_POINT('Ctrl Pts',(5.60255905512,0.984935532398972,0.453561297800378));
#1770=CARTESIAN_POINT('Ctrl Pts',(5.60255905512,0.965449765626213,0.457531870964302));
#1771=CARTESIAN_POINT('Ctrl Pts',(5.60255905512,0.945952405147073,0.461504806553065));
#1772=CARTESIAN_POINT('Ctrl Pts',(5.60255905512,0.92642989143918,0.465324696716119));
#1773=CARTESIAN_POINT('Ctrl Pts',(5.60255905512,0.90694188891095,0.468988345042049));
#1774=CARTESIAN_POINT('Ctrl Pts',(5.60255905512,0.887329235965842,0.472675427031356));
#1775=CARTESIAN_POINT('Ctrl Pts',(5.60255905512,0.867751562257842,0.476204282460375));
#1776=CARTESIAN_POINT('Ctrl Pts',(5.60255905512,0.848270624419235,0.479574792595382));
#1777=CARTESIAN_POINT('Ctrl Pts',(5.60255905512,0.808442659270886,0.486465660032124));
#1778=CARTESIAN_POINT('Ctrl Pts',(5.60255905512,0.76918386527525,0.492668866681834));
#1779=CARTESIAN_POINT('Ctrl Pts',(5.60255905512,0.730517560078016,0.498316617765548));
#1780=CARTESIAN_POINT('Ctrl Pts',(5.60255905512,0.691473381774526,0.504019562466405));
#1781=CARTESIAN_POINT('Ctrl Pts',(5.60255905512,0.652050739143502,0.509297037230284));
#1782=CARTESIAN_POINT('Ctrl Pts',(5.60255905512,0.612341429772044,0.51417149303931));
#1783=CARTESIAN_POINT('Ctrl Pts',(5.60255905512,0.573094609676203,0.518989176681512));
#1784=CARTESIAN_POINT('Ctrl Pts',(5.60255905512,0.533567819315321,0.523413311807385));
#1785=CARTESIAN_POINT('Ctrl Pts',(5.60255905512,0.493850374838821,0.527471143057751));
#1786=CARTESIAN_POINT('Ctrl Pts',(5.60255905512,0.454434490291584,0.531498164689801));
#1787=CARTESIAN_POINT('Ctrl Pts',(5.60255905512,0.414830819432574,0.535164567178255));
#1788=CARTESIAN_POINT('Ctrl Pts',(5.60255905512,0.375126154651078,0.538492281762368));
#1789=CARTESIAN_POINT('Ctrl Pts',(5.60255905512,0.335565336562003,0.541807940313799));
#1790=CARTESIAN_POINT('Ctrl Pts',(5.60255905512,0.295904276048196,0.544787446963571));
#1791=CARTESIAN_POINT('Ctrl Pts',(5.60255905512,0.256229072846332,0.547454673797399));
#1792=CARTESIAN_POINT('Ctrl Pts',(5.60255905512,0.216540207671395,0.550122819078475));
#1793=CARTESIAN_POINT('Ctrl Pts',(5.60255905512,0.176837191692428,0.552478537993465));
#1794=CARTESIAN_POINT('Ctrl Pts',(5.60255905512,0.137206178903332,0.554545145539957));
#1795=CARTESIAN_POINT('Ctrl Pts',(5.60255905512,0.0974003641650102,0.556620868347503));
#1796=CARTESIAN_POINT('Ctrl Pts',(5.60255905512,0.0576672055736036,0.558404985989338));
#1797=CARTESIAN_POINT('Ctrl Pts',(5.60255905512,0.0180940957775701,0.559924050368613));
#1798=CARTESIAN_POINT('Ctrl Pts',(5.60255905512,-0.0218225765353902,0.561456302834046));
#1799=CARTESIAN_POINT('Ctrl Pts',(5.60255905512,-0.0615764273992507,0.562718903464418));
#1800=CARTESIAN_POINT('Ctrl Pts',(5.60255905512,-0.101077948524654,0.56373473907374));
#1801=CARTESIAN_POINT('Ctrl Pts',(5.60255905512,-0.141092605601593,0.564763770675448));
#1802=CARTESIAN_POINT('Ctrl Pts',(5.60255905512,-0.180548402915684,0.565535585545049));
#1803=CARTESIAN_POINT('Ctrl Pts',(5.60255905512,-0.22028717569184,0.566088700940777));
#1804=CARTESIAN_POINT('Ctrl Pts',(5.60255905512,-0.258138274054779,0.566615542204036));
#1805=CARTESIAN_POINT('Ctrl Pts',(5.60255905512,-0.297844974123094,0.566962680917754));
#1806=CARTESIAN_POINT('Ctrl Pts',(5.60255905512,-0.33951485186566,0.567100226528555));
#1807=CARTESIAN_POINT('Ctrl Pts',(5.60255905512,-0.377591902458041,0.56722591279079));
#1808=CARTESIAN_POINT('Ctrl Pts',(5.60255905512,-0.417308198653106,0.567176764978572));
#1809=CARTESIAN_POINT('Ctrl Pts',(5.60255905512,-0.458746270650258,0.566928048892174));
#1810=CARTESIAN_POINT('Ctrl Pts',(5.60255905512,-0.496998904419511,0.566698452173336));
#1811=CARTESIAN_POINT('Ctrl Pts',(5.60255905512,-0.536718775024334,0.566298797261971));
#1812=CARTESIAN_POINT('Ctrl Pts',(5.60255905512,-0.577971144474269,0.565710958306536));
#1813=CARTESIAN_POINT('Ctrl Pts',(5.60255905512,-0.616363316848699,0.565163876652647));
#1814=CARTESIAN_POINT('Ctrl Pts',(5.60255905512,-0.656082889889044,0.564454249441165));
#1815=CARTESIAN_POINT('Ctrl Pts',(5.60255905512,-0.697182372036989,0.563554874535881));
#1816=CARTESIAN_POINT('Ctrl Pts',(5.60255905512,-0.735687242292347,0.562712277203043));
#1817=CARTESIAN_POINT('Ctrl Pts',(5.60255905512,-0.775403280494542,0.561702971864726));
#1818=CARTESIAN_POINT('Ctrl Pts',(5.60255905512,-0.816373661594527,0.560507950643482));
#1819=CARTESIAN_POINT('Ctrl Pts',(5.60255905512,-0.854970603853751,0.559382157720973));
#1820=CARTESIAN_POINT('Ctrl Pts',(5.60255905512,-0.894680767902217,0.558091528166381));
#1821=CARTESIAN_POINT('Ctrl Pts',(5.60255905512,-0.935540243065896,0.556620343425187));
#1822=CARTESIAN_POINT('Ctrl Pts',(5.60255905512,-1.01096308548772,0.553904671369588));
#1823=CARTESIAN_POINT('Ctrl Pts',(5.60255905512,-1.09030207755357,0.550573375355229));
#1824=CARTESIAN_POINT('Ctrl Pts',(5.60255905512,-1.17378379975872,0.54652273105855));
#1825=CARTESIAN_POINT('Ctrl Pts',(5.60255905512,-1.24967260302576,0.542840505296843));
#1826=CARTESIAN_POINT('Ctrl Pts',(5.60255905512,-1.32898481609794,0.538563857614714));
#1827=CARTESIAN_POINT('Ctrl Pts',(5.60255905512,-1.41189036339259,0.533614439158631));
#1828=CARTESIAN_POINT('Ctrl Pts',(5.60255905512,-1.48812652195901,0.529063179773194));
#1829=CARTESIAN_POINT('Ctrl Pts',(5.60255905512,-1.56740112950914,0.523943077688713));
#1830=CARTESIAN_POINT('Ctrl Pts',(5.60255905512,-1.64984618303884,0.518193828601369));
#1831=CARTESIAN_POINT('Ctrl Pts',(5.60255905512,-1.72634718114547,0.512859084129563));
#1832=CARTESIAN_POINT('Ctrl Pts',(5.60255905512,-1.8055779465976,0.50698270861607));
#1833=CARTESIAN_POINT('Ctrl Pts',(5.60255905512,-1.8876438609368,0.500516821159191));
#1834=CARTESIAN_POINT('Ctrl Pts',(5.60255905512,-1.96435348976703,0.494472949828822));
#1835=CARTESIAN_POINT('Ctrl Pts',(5.60255905512,-2.04372702023726,0.487897794152837));
#1836=CARTESIAN_POINT('Ctrl Pts',(5.60255905512,-2.12528018643172,0.480802162090146));
#1837=CARTESIAN_POINT('Ctrl Pts',(5.60255905512,-2.20480119921314,0.473883339998015));
#1838=CARTESIAN_POINT('Ctrl Pts',(5.60255905512,-2.28399753983289,0.466679909555021));
#1839=CARTESIAN_POINT('Ctrl Pts',(5.60255905512,-2.36275468848855,0.459236558560818));
#1840=CARTESIAN_POINT('Ctrl Pts',(5.60255905512,-2.44234722670226,0.451714254762918));
#1841=CARTESIAN_POINT('Ctrl Pts',(5.60255905512,-2.52149121701465,0.443946937292254));
#1842=CARTESIAN_POINT('Ctrl Pts',(5.60255905512,-2.60006847405676,0.435978150064598));
#1843=CARTESIAN_POINT('Ctrl Pts',(5.60255905512,-2.67974386709573,0.427897997125852));
#1844=CARTESIAN_POINT('Ctrl Pts',(5.60255905512,-2.75883658385975,0.419610717814554));
#1845=CARTESIAN_POINT('Ctrl Pts',(5.60255905512,-2.83722333816871,0.411159286256561));
#1846=CARTESIAN_POINT('Ctrl Pts',(5.60255905512,-2.9169971410799,0.40255830715788));
#1847=CARTESIAN_POINT('Ctrl Pts',(5.60255905512,-2.99603978283572,0.393787316409047));
#1848=CARTESIAN_POINT('Ctrl Pts',(5.60255905512,-3.07422112746579,0.384889008156694));
#1849=CARTESIAN_POINT('Ctrl Pts',(5.60255905512,-3.1541142367418,0.375795873254235));
#1850=CARTESIAN_POINT('Ctrl Pts',(5.60255905512,-3.23310792376777,0.366569781069269));
#1851=CARTESIAN_POINT('Ctrl Pts',(5.60255905512,-3.31106312852459,0.357254374737022));
#1852=CARTESIAN_POINT('Ctrl Pts',(5.60255905512,-3.39110373972682,0.347689768771892));
#1853=CARTESIAN_POINT('Ctrl Pts',(5.60255905512,-3.47004956548926,0.338030980625434));
#1854=CARTESIAN_POINT('Ctrl Pts',(5.60255905512,-3.54774976129481,0.328322736043139));
#1855=CARTESIAN_POINT('Ctrl Pts',(5.60255905512,-3.62797649333845,0.318298813598118));
#1856=CARTESIAN_POINT('Ctrl Pts',(5.60255905512,-3.70687527054924,0.308222154873881));
#1857=CARTESIAN_POINT('Ctrl Pts',(5.60255905512,-3.78427993748202,0.298141539739958));
#1858=CARTESIAN_POINT('Ctrl Pts',(5.60255905512,-3.86474746887711,0.287662039641143));
#1859=CARTESIAN_POINT('Ctrl Pts',(5.60255905512,-3.9436003023042,0.27717818263402));
#1860=CARTESIAN_POINT('Ctrl Pts',(5.60255905512,-4.02065129848362,0.266741886778713));
#1861=CARTESIAN_POINT('Ctrl Pts',(5.60255905512,-4.10143982499507,0.255799355128318));
#1862=CARTESIAN_POINT('Ctrl Pts',(5.60255905512,-4.18024746886894,0.244909147275158));
#1863=CARTESIAN_POINT('Ctrl Pts',(5.60255905512,-4.2568589175419,0.234134712067895));
#1864=CARTESIAN_POINT('Ctrl Pts',(5.60255905512,-4.33809342191653,0.222710102311267));
#1865=CARTESIAN_POINT('Ctrl Pts',(5.60255905512,-4.41685864849813,0.21141537688382));
#1866=CARTESIAN_POINT('Ctrl Pts',(5.60255905512,-4.49289695211491,0.200320251245102));
#1867=CARTESIAN_POINT('Ctrl Pts',(5.60255905512,-4.57478539642022,0.188371502591982));
#1868=CARTESIAN_POINT('Ctrl Pts',(5.60255905512,-4.65351121223498,0.176654679454378));
#1869=CARTESIAN_POINT('Ctrl Pts',(5.60255905512,-4.72875485340551,0.165272490745577));
#1870=CARTESIAN_POINT('Ctrl Pts',(5.60255905512,-4.81168493758645,0.152727565312676));
#1871=CARTESIAN_POINT('Ctrl Pts',(5.60255905512,-4.8903848974473,0.140587752746315));
#1872=CARTESIAN_POINT('Ctrl Pts',(5.60255905512,-4.96442366675468,0.128969695101786));
#1873=CARTESIAN_POINT('Ctrl Pts',(5.60255905512,-5.04923977358671,0.115660473087734));
#1874=CARTESIAN_POINT('Ctrl Pts',(5.60255905512,-5.12793944534593,0.103039894469721));
#1875=CARTESIAN_POINT('Ctrl Pts',(5.60255905512,-5.19988417216677,0.0913419996583863));
#1876=CARTESIAN_POINT('Ctrl Pts',(5.60255905512,-5.28910018659672,0.0768358697666596));
#1877=CARTESIAN_POINT('Ctrl Pts',(5.60255905512,-5.36792641105107,0.063733049760772));
#1878=CARTESIAN_POINT('Ctrl Pts',(5.60255905512,-5.43512526633073,0.0523576248937295));
#1879=CARTESIAN_POINT('Ctrl Pts',(5.60255905512,-5.54846847711516,0.0331708817103563));
#1880=CARTESIAN_POINT('Ctrl Pts',(5.60255905512,-5.62876621868571,0.0190963376447357));
#1881=CARTESIAN_POINT('Ctrl Pts',(5.60255905512,-5.67011893167779,0.0119071743582411));
#1882=CARTESIAN_POINT('',(5.60255905512,5.15679937269774,0.));
#1883=CARTESIAN_POINT('Origin',(6.2250656168,5.15679937269774,0.));
#1884=CARTESIAN_POINT('',(6.2250656168,-5.60395335744956,0.011768053408206));
#1885=CARTESIAN_POINT('',(6.2250656168,-5.60396046489018,-1.41563646858864E-8));
#1886=CARTESIAN_POINT('Ctrl Pts',(6.2250656168,-5.60395335744956,0.011768053408206));
#1887=CARTESIAN_POINT('Ctrl Pts',(6.2250656168,-5.60395454104647,0.00980670367717795));
#1888=CARTESIAN_POINT('Ctrl Pts',(6.22506561679997,-5.6039557251332,0.00784535394812305));
#1889=CARTESIAN_POINT('Ctrl Pts',(6.22506561679997,-5.60395809427085,0.00392268005998767));
#1890=CARTESIAN_POINT('Ctrl Pts',(6.2250656168,-5.60395927933112,0.00196134039392455));
#1891=CARTESIAN_POINT('Ctrl Pts',(6.2250656168,-5.60396046489019,-1.41563646864071E-8));
#1892=CARTESIAN_POINT('',(6.2250656168,1.86798677649637,0.));
#1893=CARTESIAN_POINT('Ctrl Pts',(6.2250656168,1.86798677649637,-1.09273919746571E-17));
#1894=CARTESIAN_POINT('Ctrl Pts',(6.2250656168,1.8679867950605,0.011468834815846));
#1895=CARTESIAN_POINT('Ctrl Pts',(6.22506561680003,1.86656715206506,0.0241004760629959));
#1896=CARTESIAN_POINT('Ctrl Pts',(6.22506561680003,1.85930956275596,0.0515950065761544));
#1897=CARTESIAN_POINT('Ctrl Pts',(6.22506561679985,1.85228618353717,0.0718681538041113));
#1898=CARTESIAN_POINT('Ctrl Pts',(6.22506561679985,1.81934830736698,0.124591821775051));
#1899=CARTESIAN_POINT('Ctrl Pts',(6.22506561679738,1.7953662954547,0.152819573716569));
#1900=CARTESIAN_POINT('Ctrl Pts',(6.22506561679738,1.72369240104784,0.217956475140754));
#1901=CARTESIAN_POINT('Ctrl Pts',(6.22506561676272,1.66975093370334,0.257773321545607));
#1902=CARTESIAN_POINT('Ctrl Pts',(6.22506561676272,1.51210343473318,0.32915115328558));
#1903=CARTESIAN_POINT('Ctrl Pts',(6.2250656168,1.41367787163643,0.360943171247697));
#1904=CARTESIAN_POINT('Ctrl Pts',(6.2250656168,1.30173880637333,0.395107667220477));
#1905=CARTESIAN_POINT('Ctrl Pts',(6.2250656168,1.1486270755414,0.439427393792782));
#1906=CARTESIAN_POINT('Ctrl Pts',(6.2250656168,0.583921874584759,0.526961450320911));
#1907=CARTESIAN_POINT('Ctrl Pts',(6.2250656168,0.249150092253114,0.548780757137205));
#1908=CARTESIAN_POINT('Ctrl Pts',(6.2250656168,-0.680821537777606,0.571913929927497));
#1909=CARTESIAN_POINT('Ctrl Pts',(6.2250656168,-1.34967270780897,0.537420633121711));
#1910=CARTESIAN_POINT('Ctrl Pts',(6.2250656168,-2.57845789108343,0.435570930022219));
#1911=CARTESIAN_POINT('Ctrl Pts',(6.2250656168,-3.20745905040156,0.364550034126613));
#1912=CARTESIAN_POINT('Ctrl Pts',(6.2250656168,-4.62506258315698,0.178205066274547));
#1913=CARTESIAN_POINT('Ctrl Pts',(6.2250656168,-5.22737524151812,0.0771888393417245));
#1914=CARTESIAN_POINT('Ctrl Pts',(6.2250656168,-5.60395335744956,0.0117680534082059));
#1915=CARTESIAN_POINT('',(6.2250656168,5.15679937269774,0.));
#1916=CARTESIAN_POINT('Origin',(6.84757217848,5.15679937269774,0.));
#1917=CARTESIAN_POINT('',(6.84757217848,-5.5299117803348,0.0116127264664989));
#1918=CARTESIAN_POINT('',(6.84757217848,-5.52991929675221,-7.51271203013451E-9));
#1919=CARTESIAN_POINT('Ctrl Pts',(6.84757217848,-5.52991178033479,0.0116127264664989));
#1920=CARTESIAN_POINT('Ctrl Pts',(6.84757217848,-5.52991303187182,0.009677345116818));
#1921=CARTESIAN_POINT('Ctrl Pts',(6.84757217848017,-5.52991428405613,0.00774185266622773));
#1922=CARTESIAN_POINT('Ctrl Pts',(6.84757217848017,-5.52991678960034,0.00387083037629878));
#1923=CARTESIAN_POINT('Ctrl Pts',(6.84757217848,-5.52991804288843,0.00193541142542056));
#1924=CARTESIAN_POINT('Ctrl Pts',(6.84757217848,-5.52991929675221,-7.51271202946861E-9));
#1925=CARTESIAN_POINT('',(6.84757217848,1.99124553899659,0.));
#1926=CARTESIAN_POINT('Ctrl Pts',(6.84757217848,1.99124553899659,1.44787943664206E-16));
#1927=CARTESIAN_POINT('Ctrl Pts',(6.84757217848,1.99124555874493,0.00993792256342088));
#1928=CARTESIAN_POINT('Ctrl Pts',(6.84757217848,1.99008060102383,0.0209997308452638));
#1929=CARTESIAN_POINT('Ctrl Pts',(6.84757217848,1.98231015352895,0.0519090472980302));
#1930=CARTESIAN_POINT('Ctrl Pts',(6.84757217848074,1.97393309225599,0.0700118492461126));
#1931=CARTESIAN_POINT('Ctrl Pts',(6.84757217848074,1.94924903578212,0.110627097877554));
#1932=CARTESIAN_POINT('Ctrl Pts',(6.84757217848932,1.92842885892958,0.135793714859776));
#1933=CARTESIAN_POINT('Ctrl Pts',(6.84757217848932,1.87778332577759,0.183290029922001));
#1934=CARTESIAN_POINT('Ctrl Pts',(6.84757217848,1.82593367009531,0.228626213841229));
#1935=CARTESIAN_POINT('Ctrl Pts',(6.84757217848,1.72994585854897,0.275907936831509));
#1936=CARTESIAN_POINT('Ctrl Pts',(6.84757217848,1.6708083558599,0.30659045502018));
#1937=CARTESIAN_POINT('Ctrl Pts',(6.84757217848,1.42252778555986,0.383109848948903));
#1938=CARTESIAN_POINT('Ctrl Pts',(6.84757217848,1.2776147123768,0.422763896232219));
#1939=CARTESIAN_POINT('Ctrl Pts',(6.84757217848,0.731108947623719,0.510599912493604));
#1940=CARTESIAN_POINT('Ctrl Pts',(6.84757217848,0.393818714866918,0.535010024478049));
#1941=CARTESIAN_POINT('Ctrl Pts',(6.84757217848,-0.550652893997853,0.567462983745722));
#1942=CARTESIAN_POINT('Ctrl Pts',(6.84757217848,-1.21060932586402,0.537761998893006));
#1943=CARTESIAN_POINT('Ctrl Pts',(6.84757217848,-2.45275639196528,0.439622792156424));
#1944=CARTESIAN_POINT('Ctrl Pts',(6.84757217848,-3.09383641397653,0.368342929528398));
#1945=CARTESIAN_POINT('Ctrl Pts',(6.84757217848,-4.5394885094645,0.180070761513603));
#1946=CARTESIAN_POINT('Ctrl Pts',(6.84757217848,-5.15624897051859,0.0765250814820941));
#1947=CARTESIAN_POINT('Ctrl Pts',(6.84757217848,-5.52991178033479,0.0116127264664989));
#1948=CARTESIAN_POINT('',(6.84757217848,5.15679937269774,0.));
#1949=CARTESIAN_POINT('Origin',(7.47007874016,5.15679937269774,0.));
#1950=CARTESIAN_POINT('',(7.47007874016,-5.44767895241761,0.0114404426721699));
#1951=CARTESIAN_POINT('',(7.47007874016,-5.44767213383659,3.480620026705E-8));
#1952=CARTESIAN_POINT('Ctrl Pts',(7.47007874016,-5.44767895241761,0.0114404426721699));
#1953=CARTESIAN_POINT('Ctrl Pts',(7.47007874016,-5.44767781695437,0.00953364906555342));
#1954=CARTESIAN_POINT('Ctrl Pts',(7.47007874016011,-5.44767668104235,0.0076269431738238));
#1955=CARTESIAN_POINT('Ctrl Pts',(7.47007874016011,-5.44767440823467,0.00381356216794869));
#1956=CARTESIAN_POINT('Ctrl Pts',(7.47007874016,-5.44767327128619,0.00190679847684869));
#1957=CARTESIAN_POINT('Ctrl Pts',(7.47007874016,-5.44767213383658,3.48062002653092E-8));
#1958=CARTESIAN_POINT('',(7.47007874016,1.90732180869017,0.));
#1959=CARTESIAN_POINT('Ctrl Pts',(7.47007874016,1.90732180869017,-3.55140239176354E-17));
#1960=CARTESIAN_POINT('Ctrl Pts',(7.47007874016,1.90732182704435,0.0101053916143312));
#1961=CARTESIAN_POINT('Ctrl Pts',(7.47007874016,1.90613067422172,0.0213232817561405));
#1962=CARTESIAN_POINT('Ctrl Pts',(7.47007874016,1.8988735248511,0.0500345908939858));
#1963=CARTESIAN_POINT('Ctrl Pts',(7.4700787401605,1.89141294710774,0.0682282474460743));
#1964=CARTESIAN_POINT('Ctrl Pts',(7.4700787401605,1.86438100589251,0.112557685407558));
#1965=CARTESIAN_POINT('Ctrl Pts',(7.47007874016618,1.84307646039283,0.13811548998113));
#1966=CARTESIAN_POINT('Ctrl Pts',(7.47007874016618,1.78390315334613,0.193364233205114));
#1967=CARTESIAN_POINT('Ctrl Pts',(7.47007874016,1.7326350362032,0.234658739021001));
#1968=CARTESIAN_POINT('Ctrl Pts',(7.47007874016,1.58944023662762,0.303772118642276));
#1969=CARTESIAN_POINT('Ctrl Pts',(7.47007874016,1.49856534952188,0.334208304118124));
#1970=CARTESIAN_POINT('Ctrl Pts',(7.47007874016,1.36531771466107,0.375378428716278));
#1971=CARTESIAN_POINT('Ctrl Pts',(7.47007874016,1.21944580428231,0.417996258296044));
#1972=CARTESIAN_POINT('Ctrl Pts',(7.47007874016,0.666358974961915,0.506185944621306));
#1973=CARTESIAN_POINT('Ctrl Pts',(7.47007874016,0.336357617610982,0.529351252187518));
#1974=CARTESIAN_POINT('Ctrl Pts',(7.47007874016,-0.584492331273187,0.558168321968284));
#1975=CARTESIAN_POINT('Ctrl Pts',(7.47007874016,-1.23454851848911,0.527484014350713));
#1976=CARTESIAN_POINT('Ctrl Pts',(7.47007874016,-2.44817986172761,0.429987108817964));
#1977=CARTESIAN_POINT('Ctrl Pts',(7.47007874016,-3.07281689345358,0.360136136451766));
#1978=CARTESIAN_POINT('Ctrl Pts',(7.47007874016,-4.51661394273838,0.171367743577653));
#1979=CARTESIAN_POINT('Ctrl Pts',(7.47007874016,-5.13190937833725,0.0663582497929989));
#1980=CARTESIAN_POINT('Ctrl Pts',(7.47007874016,-5.44767895241761,0.0114404426721699));
#1981=CARTESIAN_POINT('',(7.47007874016,5.15679937269774,0.));
#1982=CARTESIAN_POINT('Origin',(8.09258530184,5.15679937269774,0.));
#1983=CARTESIAN_POINT('',(8.09258530184,-5.35685156474162,0.0112497126449514));
#1984=CARTESIAN_POINT('',(8.09258530184,-5.3568409517982,5.67123415068679E-8));
#1985=CARTESIAN_POINT('Ctrl Pts',(8.09258530184,-5.35685156474162,0.0112497126449514));
#1986=CARTESIAN_POINT('Ctrl Pts',(8.09258530184,-5.35684979746866,0.00937481475424435));
#1987=CARTESIAN_POINT('Ctrl Pts',(8.09258530183988,-5.35684802937875,0.00749985041528239));
#1988=CARTESIAN_POINT('Ctrl Pts',(8.09258530183988,-5.35684449166962,0.00374990007673141));
#1989=CARTESIAN_POINT('Ctrl Pts',(8.09258530184,-5.3568427221111,0.00187497839312195));
#1990=CARTESIAN_POINT('Ctrl Pts',(8.09258530184,-5.35684095179821,5.67123415062929E-8));
#1991=CARTESIAN_POINT('',(8.09258530184,1.69418305222252,0.));
#1992=CARTESIAN_POINT('Ctrl Pts',(8.09258530184,1.69418305222252,8.74191357972564E-17));
#1993=CARTESIAN_POINT('Ctrl Pts',(8.09258530184,1.69418306556057,0.0116195743814683));
#1994=CARTESIAN_POINT('Ctrl Pts',(8.09258530184006,1.69272671981451,0.0242696492669599));
#1995=CARTESIAN_POINT('Ctrl Pts',(8.09258530184006,1.68538439825504,0.0521085817949885));
#1996=CARTESIAN_POINT('Ctrl Pts',(8.09258530183905,1.67828384917728,0.0724114676477396));
#1997=CARTESIAN_POINT('Ctrl Pts',(8.09258530183905,1.6455835458349,0.124612774990368));
#1998=CARTESIAN_POINT('Ctrl Pts',(8.09258530182747,1.62174659205661,0.153026558568429));
#1999=CARTESIAN_POINT('Ctrl Pts',(8.09258530182747,1.52315489537877,0.241581282614862));
#2000=CARTESIAN_POINT('Ctrl Pts',(8.09258530184,1.4515614772234,0.275764324109359));
#2001=CARTESIAN_POINT('Ctrl Pts',(8.09258530184,1.35971532762771,0.316041651684524));
#2002=CARTESIAN_POINT('Ctrl Pts',(8.09258530184,1.28064071177865,0.344927573985773));
#2003=CARTESIAN_POINT('Ctrl Pts',(8.09258530184,1.12915705244782,0.39075723501613));
#2004=CARTESIAN_POINT('Ctrl Pts',(8.09258530184,0.987325985141123,0.429555009549993));
#2005=CARTESIAN_POINT('Ctrl Pts',(8.09258530184,0.465810621494365,0.508750124633649));
#2006=CARTESIAN_POINT('Ctrl Pts',(8.09258530184,0.150156675623415,0.527910468545261));
#2007=CARTESIAN_POINT('Ctrl Pts',(8.09258530184,-0.54900921289808,0.541272139419066));
#2008=CARTESIAN_POINT('Ctrl Pts',(8.09258530184,-1.11935084123374,0.530002285787732));
#2009=CARTESIAN_POINT('Ctrl Pts',(8.09258530184,-2.51806527788193,0.410952426370345));
#2010=CARTESIAN_POINT('Ctrl Pts',(8.09258530184,-3.10763857588331,0.343743676687807));
#2011=CARTESIAN_POINT('Ctrl Pts',(8.09258530184,-4.43817352096881,0.167734669496285));
#2012=CARTESIAN_POINT('Ctrl Pts',(8.09258530184,-5.00183304659708,0.0730141885703929));
#2013=CARTESIAN_POINT('Ctrl Pts',(8.09258530184,-5.35685156474162,0.0112497126449514));
#2014=CARTESIAN_POINT('',(8.09258530184,5.15679937269774,0.));
#2015=CARTESIAN_POINT('Origin',(8.71509186352,5.15679937269774,0.));
#2016=CARTESIAN_POINT('',(8.71509186352,-5.25698204799993,0.0110394949833655));
#2017=CARTESIAN_POINT('',(8.71509186352,-5.25698085360013,-3.55656584747727E-8));
#2018=CARTESIAN_POINT('Ctrl Pts',(8.71509186352,-5.25698204799993,0.0110394949833655));
#2019=CARTESIAN_POINT('Ctrl Pts',(8.71509186352,-5.25698184912377,0.00919957293554107));
#2020=CARTESIAN_POINT('Ctrl Pts',(8.71509186351988,-5.2569816501524,0.00735965088772692));
#2021=CARTESIAN_POINT('Ctrl Pts',(8.71509186351988,-5.25698125201916,0.00367980737138559));
#2022=CARTESIAN_POINT('Ctrl Pts',(8.71509186352,-5.25698105285728,0.0018398859028584));
#2023=CARTESIAN_POINT('Ctrl Pts',(8.71509186352,-5.25698085360013,-3.55656584741194E-8));
#2024=CARTESIAN_POINT('',(8.71509186352,1.60438994290155,0.));
#2025=CARTESIAN_POINT('Ctrl Pts',(8.71509186352,1.60438994290155,3.82458719112997E-17));
#2026=CARTESIAN_POINT('Ctrl Pts',(8.71509186352,1.60438995275627,0.00856922944402469));
#2027=CARTESIAN_POINT('Ctrl Pts',(8.71509186352,1.6036072358884,0.0176878199904191));
#2028=CARTESIAN_POINT('Ctrl Pts',(8.71509186352,1.60176695271152,0.0274398689553631));
#2029=CARTESIAN_POINT('Ctrl Pts',(8.71509186352,1.60025313828809,0.0354618910912174));
#2030=CARTESIAN_POINT('Ctrl Pts',(8.71509186352,1.59819371543798,0.0436037066471494));
#2031=CARTESIAN_POINT('Ctrl Pts',(8.71509186352,1.59447078568507,0.0540213143195357));
#2032=CARTESIAN_POINT('Ctrl Pts',(8.71509186352,1.59179552427644,0.0615073067034782));
#2033=CARTESIAN_POINT('Ctrl Pts',(8.71509186352,1.58827305491589,0.0699579570222578));
#2034=CARTESIAN_POINT('Ctrl Pts',(8.71509186352,1.58351383235852,0.0793317176912337));
#2035=CARTESIAN_POINT('Ctrl Pts',(8.71509186352,1.57975738283866,0.0867304174452059));
#2036=CARTESIAN_POINT('Ctrl Pts',(8.71509186352,1.57523408669193,0.0946920571256749));
#2037=CARTESIAN_POINT('Ctrl Pts',(8.71509186352,1.56973019202239,0.103224887315952));
#2038=CARTESIAN_POINT('Ctrl Pts',(8.71509186352,1.56514625785819,0.110331478952426));
#2039=CARTESIAN_POINT('Ctrl Pts',(8.71509186352,1.55986643955482,0.117856833948806));
#2040=CARTESIAN_POINT('Ctrl Pts',(8.71509186352,1.55378325946267,0.125737645040208));
#2041=CARTESIAN_POINT('Ctrl Pts',(8.71509186352,1.54852244126539,0.1325530793642));
#2042=CARTESIAN_POINT('Ctrl Pts',(8.71509186352,1.54266080260491,0.139634065152599));
#2043=CARTESIAN_POINT('Ctrl Pts',(8.71509186352,1.53613596548639,0.146946269914216));
#2044=CARTESIAN_POINT('Ctrl Pts',(8.71509186352,1.53034054854953,0.153441033622715));
#2045=CARTESIAN_POINT('Ctrl Pts',(8.71509186352,1.52402250669459,0.160119159205355));
#2046=CARTESIAN_POINT('Ctrl Pts',(8.71509186352,1.51712784003048,0.166947378284956));
#2047=CARTESIAN_POINT('Ctrl Pts',(8.71509186352,1.51089666492555,0.173118500227845));
#2048=CARTESIAN_POINT('Ctrl Pts',(8.71509186352,1.50419434687258,0.179411812349946));
#2049=CARTESIAN_POINT('Ctrl Pts',(8.71509186352,1.49698697479552,0.185807939653049));
#2050=CARTESIAN_POINT('Ctrl Pts',(8.71509186352,1.48999872374587,0.192009609673933));
#2051=CARTESIAN_POINT('Ctrl Pts',(8.71509186352,1.48294351078763,0.197945775734728));
#2052=CARTESIAN_POINT('Ctrl Pts',(8.71509186352,1.47589256765767,0.20359750148842));
#2053=CARTESIAN_POINT('Ctrl Pts',(8.71509186352,1.4685782097276,0.209460368954963));
#2054=CARTESIAN_POINT('Ctrl Pts',(8.71509186352,1.46125312337279,0.215030704238072));
#2055=CARTESIAN_POINT('Ctrl Pts',(8.71509186352,1.45394682390876,0.220327596199984));
#2056=CARTESIAN_POINT('Ctrl Pts',(8.71509186352,1.43839411918835,0.231602934286676));
#2057=CARTESIAN_POINT('Ctrl Pts',(8.71509186352,1.42292601662677,0.24164055904292));
#2058=CARTESIAN_POINT('Ctrl Pts',(8.71509186352,1.40781149776623,0.250589052004791));
#2059=CARTESIAN_POINT('Ctrl Pts',(8.71509186352,1.39102198836153,0.260529216698585));
#2060=CARTESIAN_POINT('Ctrl Pts',(8.71509186352,1.37467430729025,0.269130026768865));
#2061=CARTESIAN_POINT('Ctrl Pts',(8.71509186352,1.35918195724827,0.276670490140582));
#2062=CARTESIAN_POINT('Ctrl Pts',(8.71509186352,1.34483115662629,0.283655336606852));
#2063=CARTESIAN_POINT('Ctrl Pts',(8.71509186352,1.33121516146665,0.289734001222211));
#2064=CARTESIAN_POINT('Ctrl Pts',(8.71509186352,1.31864958265931,0.295112580923352));
#2065=CARTESIAN_POINT('Ctrl Pts',(8.71509186352,1.31552468324586,0.296450165193128));
#2066=CARTESIAN_POINT('Ctrl Pts',(8.71509186352,1.31229326379258,0.297817479590306));
#2067=CARTESIAN_POINT('Ctrl Pts',(8.71509186352,1.30883219435452,0.299263935670228));
#2068=CARTESIAN_POINT('Ctrl Pts',(8.71509186352,1.29470170141419,0.305169375532554));
#2069=CARTESIAN_POINT('Ctrl Pts',(8.71509186352,1.27742368668172,0.312077630556973));
#2070=CARTESIAN_POINT('Ctrl Pts',(8.71509186352,1.25753997468942,0.31964463704694));
#2071=CARTESIAN_POINT('Ctrl Pts',(8.71509186352,1.2418120772169,0.325630094002574));
#2072=CARTESIAN_POINT('Ctrl Pts',(8.71509186352,1.22446003813908,0.332046309304433));
#2073=CARTESIAN_POINT('Ctrl Pts',(8.71509186352,1.20572100933494,0.33864695106764));
#2074=CARTESIAN_POINT('Ctrl Pts',(8.71509186352,1.18929645991921,0.344432339838237));
#2075=CARTESIAN_POINT('Ctrl Pts',(8.71509186352,1.17180580915661,0.350356992969447));
#2076=CARTESIAN_POINT('Ctrl Pts',(8.71509186352,1.15341953268488,0.356280132578897));
#2077=CARTESIAN_POINT('Ctrl Pts',(8.71509186352,1.13653322960352,0.361720055708092));
#2078=CARTESIAN_POINT('Ctrl Pts',(8.71509186352,1.11880540546243,0.367183607485836));
#2079=CARTESIAN_POINT('Ctrl Pts',(8.71509186352,1.10065844936037,0.372483960709886));
#2080=CARTESIAN_POINT('Ctrl Pts',(8.71509186352,1.08317911539633,0.377589315217247));
#2081=CARTESIAN_POINT('Ctrl Pts',(8.71509186352,1.06543090669321,0.382511036862112));
#2082=CARTESIAN_POINT('Ctrl Pts',(8.71509186352,1.04747678700238,0.387252418249164));
#2083=CARTESIAN_POINT('Ctrl Pts',(8.71509186352,1.02981461423413,0.391916701358571));
#2084=CARTESIAN_POINT('Ctrl Pts',(8.71509186352,1.01195330660396,0.39640647109561));
#2085=CARTESIAN_POINT('Ctrl Pts',(8.71509186352,0.993956800961689,0.400743235696057));
#2086=CARTESIAN_POINT('Ctrl Pts',(8.71509186352,0.976144942138757,0.405035504447944));
#2087=CARTESIAN_POINT('Ctrl Pts',(8.71509186352,0.958200551789995,0.409178168661091));
#2088=CARTESIAN_POINT('Ctrl Pts',(8.71509186352,0.940180123043119,0.41317151376015));
#2089=CARTESIAN_POINT('Ctrl Pts',(8.71509186352,0.922240990670939,0.417146843500972));
#2090=CARTESIAN_POINT('Ctrl Pts',(8.71509186352,0.904226544924652,0.420974252883814));
#2091=CARTESIAN_POINT('Ctrl Pts',(8.71509186352,0.886193567203231,0.424657785353011));
#2092=CARTESIAN_POINT('Ctrl Pts',(8.71509186352,0.868139717533465,0.428345581261147));
#2093=CARTESIAN_POINT('Ctrl Pts',(8.71509186352,0.850067268498851,0.431889203342302));
#2094=CARTESIAN_POINT('Ctrl Pts',(8.71509186352,0.832032141604866,0.435286316077712));
#2095=CARTESIAN_POINT('Ctrl Pts',(8.71509186352,0.813870264194743,0.438707303654431));
#2096=CARTESIAN_POINT('Ctrl Pts',(8.71509186352,0.795746256760533,0.441979734825584));
#2097=CARTESIAN_POINT('Ctrl Pts',(8.71509186352,0.777718015363229,0.445103777066587));
#2098=CARTESIAN_POINT('Ctrl Pts',(8.71509186352,0.740821233776902,0.451497473583761));
#2099=CARTESIAN_POINT('Ctrl Pts',(8.71509186352,0.704516125697514,0.45724027205357));
#2100=CARTESIAN_POINT('Ctrl Pts',(8.71509186352,0.66870682360602,0.462474727291426));
#2101=CARTESIAN_POINT('Ctrl Pts',(8.71509186352,0.632556995531373,0.467758959204951));
#2102=CARTESIAN_POINT('Ctrl Pts',(8.71509186352,0.596060679066196,0.472646164992788));
#2103=CARTESIAN_POINT('Ctrl Pts',(8.71509186352,0.559301215699363,0.477157822296648));
#2104=CARTESIAN_POINT('Ctrl Pts',(8.71509186352,0.522964962523674,0.481617537075372));
#2105=CARTESIAN_POINT('Ctrl Pts',(8.71509186352,0.486371637309045,0.485710426428894));
#2106=CARTESIAN_POINT('Ctrl Pts',(8.71509186352,0.449602305369841,0.489462065139606));
#2107=CARTESIAN_POINT('Ctrl Pts',(8.71509186352,0.413110785046386,0.493185358249325));
#2108=CARTESIAN_POINT('Ctrl Pts',(8.71509186352,0.376445891829059,0.496572668219213));
#2109=CARTESIAN_POINT('Ctrl Pts',(8.71509186352,0.339686390791661,0.499644640687517));
#2110=CARTESIAN_POINT('Ctrl Pts',(8.71509186352,0.303062059902825,0.502705317056494));
#2111=CARTESIAN_POINT('Ctrl Pts',(8.71509186352,0.266343834583407,0.505453049279249));
#2112=CARTESIAN_POINT('Ctrl Pts',(8.71509186352,0.229609832249191,0.507910196636952));
#2113=CARTESIAN_POINT('Ctrl Pts',(8.71509186352,0.192868484900341,0.510367835304672));
#2114=CARTESIAN_POINT('Ctrl Pts',(8.71509186352,0.15611135485355,0.512534835517821));
#2115=CARTESIAN_POINT('Ctrl Pts',(8.71509186352,0.119416567346721,0.51443287289971));
#2116=CARTESIAN_POINT('Ctrl Pts',(8.71509186352,0.0825686965513274,0.516338828512606));
#2117=CARTESIAN_POINT('Ctrl Pts',(8.71509186352,0.0457837060773434,0.51797362990941));
#2118=CARTESIAN_POINT('Ctrl Pts',(8.71509186352,0.00914080212902602,0.519362212672036));
#2119=CARTESIAN_POINT('Ctrl Pts',(8.71509186352,-0.0278076436433005,0.520762373941395));
#2120=CARTESIAN_POINT('Ctrl Pts',(8.71509186352,-0.0646116455809962,0.521912210277523));
#2121=CARTESIAN_POINT('Ctrl Pts',(8.71509186352,-0.101190186379152,0.522832102040896));
#2122=CARTESIAN_POINT('Ctrl Pts',(8.71509186352,-0.138219563670486,0.523763331620586));
#2123=CARTESIAN_POINT('Ctrl Pts',(8.71509186352,-0.174661762785205,0.524454437972416));
#2124=CARTESIAN_POINT('Ctrl Pts',(8.71509186352,-0.211555171597051,0.524944567478401));
#2125=CARTESIAN_POINT('Ctrl Pts',(8.71509186352,-0.246501818678827,0.525408834224729));
#2126=CARTESIAN_POINT('Ctrl Pts',(8.71509186352,-0.28325990044801,0.52570726536411));
#2127=CARTESIAN_POINT('Ctrl Pts',(8.71509186352,-0.321936641572388,0.525810337283022));
#2128=CARTESIAN_POINT('Ctrl Pts',(8.71509186352,-0.357116926449427,0.525904091290333));
#2129=CARTESIAN_POINT('Ctrl Pts',(8.71509186352,-0.393884656997583,0.525836388537581));
#2130=CARTESIAN_POINT('Ctrl Pts',(8.71509186352,-0.432320985626268,0.525583342401879));
#2131=CARTESIAN_POINT('Ctrl Pts',(8.71509186352,-0.467680304912281,0.52535055380251));
#2132=CARTESIAN_POINT('Ctrl Pts',(8.71509186352,-0.504451761072978,0.524960957060582));
#2133=CARTESIAN_POINT('Ctrl Pts',(8.71509186352,-0.542698864331787,0.52439626287424));
#2134=CARTESIAN_POINT('Ctrl Pts',(8.71509186352,-0.578198961209122,0.523872126492315));
#2135=CARTESIAN_POINT('Ctrl Pts',(8.71509186352,-0.614970388246776,0.523197562044613));
#2136=CARTESIAN_POINT('Ctrl Pts',(8.71509186352,-0.653063835916736,0.522346367617841));
#2137=CARTESIAN_POINT('Ctrl Pts',(8.71509186352,-0.688676709504057,0.521550601380522));
#2138=CARTESIAN_POINT('Ctrl Pts',(8.71509186352,-0.725445023851827,0.520600317423613));
#2139=CARTESIAN_POINT('Ctrl Pts',(8.71509186352,-0.763410176971911,0.519476662797992));
#2140=CARTESIAN_POINT('Ctrl Pts',(8.71509186352,-0.799114586521957,0.518419919399143));
#2141=CARTESIAN_POINT('Ctrl Pts',(8.71509186352,-0.835877536368851,0.517209794002089));
#2142=CARTESIAN_POINT('Ctrl Pts',(8.71509186352,-0.873733479325453,0.515831668387409));
#2143=CARTESIAN_POINT('Ctrl Pts',(8.71509186352,-0.943473518786395,0.513292819074896));
#2144=CARTESIAN_POINT('Ctrl Pts',(8.71509186352,-1.0169230698905,0.510183547033516));
#2145=CARTESIAN_POINT('Ctrl Pts',(8.71509186352,-1.09429701144452,0.50640357877969));
#2146=CARTESIAN_POINT('Ctrl Pts',(8.71509186352,-1.16449252506664,0.502974300036441));
#2147=CARTESIAN_POINT('Ctrl Pts',(8.71509186352,-1.23791801947919,0.49899294723531));
#2148=CARTESIAN_POINT('Ctrl Pts',(8.71509186352,-1.3147337074203,0.494385334118266));
#2149=CARTESIAN_POINT('Ctrl Pts',(8.71509186352,-1.38526656463806,0.490154582213157));
#2150=CARTESIAN_POINT('Ctrl Pts',(8.71509186352,-1.45865772078386,0.485395885283818));
#2151=CARTESIAN_POINT('Ctrl Pts',(8.71509186352,-1.53503103890997,0.480051757273766));
#2152=CARTESIAN_POINT('Ctrl Pts',(8.71509186352,-1.60581992041359,0.475098393275372));
#2153=CARTESIAN_POINT('Ctrl Pts',(8.71509186352,-1.67917079479022,0.469642129111768));
#2154=CARTESIAN_POINT('Ctrl Pts',(8.71509186352,-1.75518223435152,0.463637765045762));
#2155=CARTESIAN_POINT('Ctrl Pts',(8.71509186352,-1.82617230514798,0.458030053461905));
#2156=CARTESIAN_POINT('Ctrl Pts',(8.71509186352,-1.89963360293398,0.451931175110867));
#2157=CARTESIAN_POINT('Ctrl Pts',(8.71509186352,-1.97518437197003,0.445344702368704));
#2158=CARTESIAN_POINT('Ctrl Pts',(8.71509186352,-2.04803944502684,0.438993238856958));
#2159=CARTESIAN_POINT('Ctrl Pts',(8.71509186352,-2.12137234172559,0.432317107355237));
#2160=CARTESIAN_POINT('Ctrl Pts',(8.71509186352,-2.19503699950802,0.425344168964668));
#2161=CARTESIAN_POINT('Ctrl Pts',(8.71509186352,-2.26799356559208,0.418438257014405));
#2162=CARTESIAN_POINT('Ctrl Pts',(8.71509186352,-2.34127554878686,0.411241292034015));
#2163=CARTESIAN_POINT('Ctrl Pts',(8.71509186352,-2.41474114291641,0.40378164902964));
#2164=CARTESIAN_POINT('Ctrl Pts',(8.71509186352,-2.48779178904572,0.396364139543464));
#2165=CARTESIAN_POINT('Ctrl Pts',(8.71509186352,-2.56102398157824,0.388686966634324));
#2166=CARTESIAN_POINT('Ctrl Pts',(8.71509186352,-2.63429838274023,0.380778861400622));
#2167=CARTESIAN_POINT('Ctrl Pts',(8.71509186352,-2.70743984667548,0.372885103354503));
#2168=CARTESIAN_POINT('Ctrl Pts',(8.71509186352,-2.78062337048562,0.364761290333193));
#2169=CARTESIAN_POINT('Ctrl Pts',(8.71509186352,-2.8537103866034,0.356436069366568));
#2170=CARTESIAN_POINT('Ctrl Pts',(8.71509186352,-2.92694302076509,0.348094261289719));
#2171=CARTESIAN_POINT('Ctrl Pts',(8.71509186352,-3.00007876470202,0.339550268607606));
#2172=CARTESIAN_POINT('Ctrl Pts',(8.71509186352,-3.07297827247453,0.330833280870426));
#2173=CARTESIAN_POINT('Ctrl Pts',(8.71509186352,-3.14630596739746,0.322065092483839));
#2174=CARTESIAN_POINT('Ctrl Pts',(8.71509186352,-3.21939464579488,0.313121881925902));
#2175=CARTESIAN_POINT('Ctrl Pts',(8.71509186352,-3.29210239164582,0.30403249435172));
#2176=CARTESIAN_POINT('Ctrl Pts',(8.71509186352,-3.36553268382266,0.294852779350664));
#2177=CARTESIAN_POINT('Ctrl Pts',(8.71509186352,-3.43857443356734,0.285523976551778));
#2178=CARTESIAN_POINT('Ctrl Pts',(8.71509186352,-3.51108161611863,0.276077062016398));
#2179=CARTESIAN_POINT('Ctrl Pts',(8.71509186352,-3.58499555477237,0.26644686212632));
#2180=CARTESIAN_POINT('Ctrl Pts',(8.71509186352,-3.65862812132168,0.256654877662864));
#2181=CARTESIAN_POINT('Ctrl Pts',(8.71509186352,-3.72991381044104,0.246995909534898));
#2182=CARTESIAN_POINT('Ctrl Pts',(8.71509186352,-3.80497410941802,0.236825494624828));
#2183=CARTESIAN_POINT('Ctrl Pts',(8.71509186352,-3.87786176938206,0.226748506683383));
#2184=CARTESIAN_POINT('Ctrl Pts',(8.71509186352,-3.94859415157364,0.216798197104775));
#2185=CARTESIAN_POINT('Ctrl Pts',(8.71509186352,-4.02387001659072,0.206208731042558));
#2186=CARTESIAN_POINT('Ctrl Pts',(8.71509186352,-4.09670479673677,0.195762390483241));
#2187=CARTESIAN_POINT('Ctrl Pts',(8.71509186352,-4.1671175691246,0.185485464024889));
#2188=CARTESIAN_POINT('Ctrl Pts',(8.71509186352,-4.24268381285651,0.174456375079358));
#2189=CARTESIAN_POINT('Ctrl Pts',(8.71509186352,-4.31546060451079,0.16362298044622));
#2190=CARTESIAN_POINT('Ctrl Pts',(8.71509186352,-4.3854735301126,0.153030884272738));
#2191=CARTESIAN_POINT('Ctrl Pts',(8.71509186352,-4.46144630955748,0.141537135375234));
#2192=CARTESIAN_POINT('Ctrl Pts',(8.71509186352,-4.53416449863738,0.130326090805013));
#2193=CARTESIAN_POINT('Ctrl Pts',(8.71509186352,-4.6036550784987,0.119419418492231));
#2194=CARTESIAN_POINT('Ctrl Pts',(8.71509186352,-4.68021985963195,0.10740243748291));
#2195=CARTESIAN_POINT('Ctrl Pts',(8.71509186352,-4.75286683590321,0.0957582031533496));
#2196=CARTESIAN_POINT('Ctrl Pts',(8.71509186352,-4.8216416612459,0.0845762106727694));
#2197=CARTESIAN_POINT('Ctrl Pts',(8.71509186352,-4.89914181280117,0.0719755808984789));
#2198=CARTESIAN_POINT('Ctrl Pts',(8.71509186352,-4.97172379737871,0.0599530550991277));
#2199=CARTESIAN_POINT('Ctrl Pts',(8.71509186352,-5.03942850443051,0.0484925363212078));
#2200=CARTESIAN_POINT('Ctrl Pts',(8.71509186352,-5.11856197295571,0.0350974469472704));
#2201=CARTESIAN_POINT('Ctrl Pts',(8.71509186352,-5.19103761016671,0.0225032672989059));
#2202=CARTESIAN_POINT('Ctrl Pts',(8.71509186352,-5.25698204799993,0.0110394949833655));
#2203=CARTESIAN_POINT('',(8.71509186352,5.15679937269774,0.));
#2204=CARTESIAN_POINT('Origin',(9.3375984252,5.15679937269774,0.));
#2205=CARTESIAN_POINT('',(9.3375984252,-5.1475523434028,0.0108092904766534));
#2206=CARTESIAN_POINT('',(9.3375984252,-5.14756640834246,-1.97752987065342E-7));
#2207=CARTESIAN_POINT('Ctrl Pts',(9.3375984252,-5.1475523434028,0.0108092904766534));
#2208=CARTESIAN_POINT('Ctrl Pts',(9.3375984252,-5.14755468563508,0.00900770078604597));
#2209=CARTESIAN_POINT('Ctrl Pts',(9.33759842519995,-5.14755702883497,0.00720611109824847));
#2210=CARTESIAN_POINT('Ctrl Pts',(9.33759842519995,-5.14756171711542,0.00360297355404514));
#2211=CARTESIAN_POINT('Ctrl Pts',(9.3375984252,-5.14756406222882,0.0018014004493013));
#2212=CARTESIAN_POINT('Ctrl Pts',(9.3375984252,-5.14756640834246,-1.97752987064934E-7));
#2213=CARTESIAN_POINT('',(9.3375984252,1.71585542472703,0.));
#2214=CARTESIAN_POINT('Ctrl Pts',(9.3375984252,1.71585542472703,-1.69374575607184E-16));
#2215=CARTESIAN_POINT('Ctrl Pts',(9.3375984252,1.715855441927,0.0101779612622285));
#2216=CARTESIAN_POINT('Ctrl Pts',(9.3375984252,1.71463629829664,0.0212051450730484));
#2217=CARTESIAN_POINT('Ctrl Pts',(9.3375984252,1.70851544684332,0.045560080317197));
#2218=CARTESIAN_POINT('Ctrl Pts',(9.33759842519963,1.70232977158506,0.0640064133344917));
#2219=CARTESIAN_POINT('Ctrl Pts',(9.33759842519963,1.6730137383297,0.112116958048844));
#2220=CARTESIAN_POINT('Ctrl Pts',(9.33759842519562,1.65164717526047,0.137594285145199));
#2221=CARTESIAN_POINT('Ctrl Pts',(9.33759842519562,1.59081155567571,0.194102501723172));
#2222=CARTESIAN_POINT('Ctrl Pts',(9.3375984252,1.54213063642965,0.231842377906249));
#2223=CARTESIAN_POINT('Ctrl Pts',(9.3375984252,1.39155250752712,0.30239349249027));
#2224=CARTESIAN_POINT('Ctrl Pts',(9.3375984252,1.29515461146651,0.332537210619109));
#2225=CARTESIAN_POINT('Ctrl Pts',(9.3375984252,1.20362564703864,0.3609141143076));
#2226=CARTESIAN_POINT('Ctrl Pts',(9.3375984252,1.06387236990445,0.401882476127503));
#2227=CARTESIAN_POINT('Ctrl Pts',(9.3375984252,0.546790725603042,0.483179109156187));
#2228=CARTESIAN_POINT('Ctrl Pts',(9.3375984252,0.23922198258052,0.50356965271367));
#2229=CARTESIAN_POINT('Ctrl Pts',(9.3375984252,-0.61412548671742,0.525474190062848));
#2230=CARTESIAN_POINT('Ctrl Pts',(9.3375984252,-1.22793549649005,0.494241561489882));
#2231=CARTESIAN_POINT('Ctrl Pts',(9.3375984252,-2.35963361359491,0.400878694430401));
#2232=CARTESIAN_POINT('Ctrl Pts',(9.3375984252,-2.93933538861991,0.335540980000095));
#2233=CARTESIAN_POINT('Ctrl Pts',(9.3375984252,-4.28216018466271,0.159264136276751));
#2234=CARTESIAN_POINT('Ctrl Pts',(9.3375984252,-4.85330555835371,0.0618940211838389));
#2235=CARTESIAN_POINT('Ctrl Pts',(9.3375984252,-5.1475523434028,0.0108092904766533));
#2236=CARTESIAN_POINT('',(9.3375984252,5.15679937269774,0.));
#2237=CARTESIAN_POINT('Origin',(9.96010498688,5.15679937269774,0.));
#2238=CARTESIAN_POINT('',(9.96010498688,-5.02796182192439,0.010558514491562));
#2239=CARTESIAN_POINT('',(9.96010498688,-5.02797365710154,-1.0901542397749E-7));
#2240=CARTESIAN_POINT('Ctrl Pts',(9.96010498688,-5.02796182192439,0.010558514491562));
#2241=CARTESIAN_POINT('Ctrl Pts',(9.96010498688,-5.02796379257312,0.00879881332481935));
#2242=CARTESIAN_POINT('Ctrl Pts',(9.96010498688017,-5.02796576423908,0.00703900866609386));
#2243=CARTESIAN_POINT('Ctrl Pts',(9.96010498688017,-5.02796970941476,0.00351936333325269));
#2244=CARTESIAN_POINT('Ctrl Pts',(9.96010498688,-5.02797168280731,0.00175962715341345));
#2245=CARTESIAN_POINT('Ctrl Pts',(9.96010498688,-5.02797365710154,-1.09015423976397E-7));
#2246=CARTESIAN_POINT('',(9.96010498688,1.82393215763059,0.));
#2247=CARTESIAN_POINT('Ctrl Pts',(9.96010498688,1.82393215763059,-3.55140239176354E-17));
#2248=CARTESIAN_POINT('Ctrl Pts',(9.96010498688,1.82393217507131,0.00846738977315281));
#2249=CARTESIAN_POINT('Ctrl Pts',(9.96010498688,1.82299208689107,0.0178150697941986));
#2250=CARTESIAN_POINT('Ctrl Pts',(9.96010498688,1.81666821688833,0.0446630688763928));
#2251=CARTESIAN_POINT('Ctrl Pts',(9.96010498688063,1.80946716745526,0.0607961504644557));
#2252=CARTESIAN_POINT('Ctrl Pts',(9.96010498688063,1.78942610972941,0.0948259733928044));
#2253=CARTESIAN_POINT('Ctrl Pts',(9.9601049868879,1.77235149390391,0.117150990696684));
#2254=CARTESIAN_POINT('Ctrl Pts',(9.9601049868879,1.71274964148212,0.17444574486826));
#2255=CARTESIAN_POINT('Ctrl Pts',(9.96010498688,1.66480852471028,0.210232072280467));
#2256=CARTESIAN_POINT('Ctrl Pts',(9.96010498688,1.58399359651722,0.251688638850113));
#2257=CARTESIAN_POINT('Ctrl Pts',(9.96010498688,1.53696751566007,0.276104099812463));
#2258=CARTESIAN_POINT('Ctrl Pts',(9.96010498688,1.31769815539927,0.344467788176863));
#2259=CARTESIAN_POINT('Ctrl Pts',(9.96010498688,1.18670700983615,0.381155249783893));
#2260=CARTESIAN_POINT('Ctrl Pts',(9.96010498688,0.688143083316484,0.46249436377205));
#2261=CARTESIAN_POINT('Ctrl Pts',(9.96010498688,0.380983467252872,0.485261621970386));
#2262=CARTESIAN_POINT('Ctrl Pts',(9.96010498688,-0.479317778633813,0.516200931726006));
#2263=CARTESIAN_POINT('Ctrl Pts',(9.96010498688,-1.07796781041174,0.490192822274058));
#2264=CARTESIAN_POINT('Ctrl Pts',(9.96010498688,-2.21405563744206,0.40130678385711));
#2265=CARTESIAN_POINT('Ctrl Pts',(9.96010498688,-2.80047497794403,0.336307872231603));
#2266=CARTESIAN_POINT('Ctrl Pts',(9.96010498688,-4.13327092420677,0.163092450326097));
#2267=CARTESIAN_POINT('Ctrl Pts',(9.96010498688,-4.70214675166836,0.0671344206403221));
#2268=CARTESIAN_POINT('Ctrl Pts',(9.96010498688,-5.02796182192439,0.010558514491562));
#2269=CARTESIAN_POINT('',(9.96010498688,5.15679937269774,0.));
#2270=CARTESIAN_POINT('Origin',(10.58261154856,5.15679937269774,0.));
#2271=CARTESIAN_POINT('',(10.58261154856,-4.89745736612717,4.83829384461608E-7));
#2272=CARTESIAN_POINT('',(10.58261154856,-4.89745736680194,0.));
#2273=CARTESIAN_POINT('Ctrl Pts',(10.58261154856,-4.89745736612717,4.8382938446161E-7));
#2274=CARTESIAN_POINT('Ctrl Pts',(10.58261154856,-4.8974573663521,3.22552922974297E-7));
#2275=CARTESIAN_POINT('Ctrl Pts',(10.58261154856,-4.89745736657702,1.61276461486594E-7));
#2276=CARTESIAN_POINT('Ctrl Pts',(10.58261154856,-4.89745736680194,0.));
#2277=CARTESIAN_POINT('',(10.58261154856,-4.89747171630662,0.0102852503649813));
#2278=CARTESIAN_POINT('Ctrl Pts',(10.58261154856,-4.89747171630662,0.0102852503649813));
#2279=CARTESIAN_POINT('Ctrl Pts',(10.58261154856,-4.89746932662295,0.00857108654456209));
#2280=CARTESIAN_POINT('Ctrl Pts',(10.5826115485601,-4.89746693598146,0.00685697563332798));
#2281=CARTESIAN_POINT('Ctrl Pts',(10.5826115485601,-4.89746215266126,0.0034287723700452));
#2282=CARTESIAN_POINT('Ctrl Pts',(10.58261154856,-4.89745975991009,0.00171462809462871));
#2283=CARTESIAN_POINT('Ctrl Pts',(10.58261154856,-4.89745736612717,4.83829384462133E-7));
#2284=CARTESIAN_POINT('',(10.58261154856,1.72391687027452,0.));
#2285=CARTESIAN_POINT('Ctrl Pts',(10.58261154856,1.72391687027452,-3.00503279303069E-17));
#2286=CARTESIAN_POINT('Ctrl Pts',(10.58261154856,1.72391688564617,0.00853011472748995));
#2287=CARTESIAN_POINT('Ctrl Pts',(10.58261154856,1.72296375167656,0.0178458935894684));
#2288=CARTESIAN_POINT('Ctrl Pts',(10.58261154856,1.71665329680071,0.0446552122531054));
#2289=CARTESIAN_POINT('Ctrl Pts',(10.5826115485603,1.70945587970586,0.0608145976116835));
#2290=CARTESIAN_POINT('Ctrl Pts',(10.5826115485603,1.68641188834685,0.0999397016604601));
#2291=CARTESIAN_POINT('Ctrl Pts',(10.5826115485638,1.66688677464045,0.122491672593431));
#2292=CARTESIAN_POINT('Ctrl Pts',(10.5826115485638,1.62626846962273,0.161490949231684));
#2293=CARTESIAN_POINT('Ctrl Pts',(10.58261154856,1.58146747039672,0.201540462312586));
#2294=CARTESIAN_POINT('Ctrl Pts',(10.58261154856,1.49696296923463,0.244283565281775));
#2295=CARTESIAN_POINT('Ctrl Pts',(10.58261154856,1.44502114802449,0.271790096370671));
#2296=CARTESIAN_POINT('Ctrl Pts',(10.58261154856,1.22958855887076,0.339403745056268));
#2297=CARTESIAN_POINT('Ctrl Pts',(10.58261154856,1.1014599196753,0.375218654392904));
#2298=CARTESIAN_POINT('Ctrl Pts',(10.58261154856,0.619635293974354,0.453437216653996));
#2299=CARTESIAN_POINT('Ctrl Pts',(10.58261154856,0.322333298259926,0.474865920030293));
#2300=CARTESIAN_POINT('Ctrl Pts',(10.58261154856,-0.506074045038959,0.502176500379972));
#2301=CARTESIAN_POINT('Ctrl Pts',(10.58261154856,-1.08864553590302,0.475647040891423));
#2302=CARTESIAN_POINT('Ctrl Pts',(10.58261154856,-2.1866268874947,0.388256020819776));
#2303=CARTESIAN_POINT('Ctrl Pts',(10.58261154856,-2.75143146764752,0.32525735148099));
#2304=CARTESIAN_POINT('Ctrl Pts',(10.58261154856,-4.01898487967099,0.15973880860273));
#2305=CARTESIAN_POINT('Ctrl Pts',(10.58261154856,-4.55935792350754,0.0691323386002184));
#2306=CARTESIAN_POINT('Ctrl Pts',(10.58261154856,-4.89747171630662,0.0102852503649813));
#2307=CARTESIAN_POINT('',(10.58261154856,5.15679937269774,0.));
#2308=CARTESIAN_POINT('Origin',(11.20511811024,5.15679937269774,0.));
#2309=CARTESIAN_POINT('',(11.20511811024,-4.75511796088961,7.87121727984719E-7));
#2310=CARTESIAN_POINT('',(11.20511811024,-4.75511796188528,0.));
#2311=CARTESIAN_POINT('Ctrl Pts',(11.20511811024,-4.75511796088961,7.87121727984711E-7));
#2312=CARTESIAN_POINT('Ctrl Pts',(11.20511811024,-4.7551179612215,5.24747818657272E-7));
#2313=CARTESIAN_POINT('Ctrl Pts',(11.20511811024,-4.75511796155339,2.62373909327765E-7));
#2314=CARTESIAN_POINT('Ctrl Pts',(11.20511811024,-4.75511796188528,0.));
#2315=CARTESIAN_POINT('',(11.20511811024,-4.75512982668787,0.00998621588276328));
#2316=CARTESIAN_POINT('Ctrl Pts',(11.20511811024,-4.75512982668787,0.00998621588276328));
#2317=CARTESIAN_POINT('Ctrl Pts',(11.20511811024,-4.75512785081514,0.0083220221300518));
#2318=CARTESIAN_POINT('Ctrl Pts',(11.2051181102399,-4.75512587401073,0.006657762719415));
#2319=CARTESIAN_POINT('Ctrl Pts',(11.2051181102399,-4.75512191866705,0.00332922113740126));
#2320=CARTESIAN_POINT('Ctrl Pts',(11.20511811024,-4.75511994020524,0.00166500412718396));
#2321=CARTESIAN_POINT('Ctrl Pts',(11.20511811024,-4.75511796088961,7.87121727984827E-7));
#2322=CARTESIAN_POINT('',(11.20511811024,1.49360869416099,0.));
#2323=CARTESIAN_POINT('Ctrl Pts',(11.20511811024,1.49360869416098,9.56146797782492E-17));
#2324=CARTESIAN_POINT('Ctrl Pts',(11.20511811024,1.49360870495406,0.00994679866021235));
#2325=CARTESIAN_POINT('Ctrl Pts',(11.20511811024,1.49241205340706,0.0204930908134027));
#2326=CARTESIAN_POINT('Ctrl Pts',(11.20511811024,1.48660808711779,0.0439668922030346));
#2327=CARTESIAN_POINT('Ctrl Pts',(11.2051181102392,1.48066072196551,0.061900383871856));
#2328=CARTESIAN_POINT('Ctrl Pts',(11.2051181102392,1.45264471512364,0.108089615622427));
#2329=CARTESIAN_POINT('Ctrl Pts',(11.2051181102307,1.43222145940329,0.13291410022715));
#2330=CARTESIAN_POINT('Ctrl Pts',(11.2051181102307,1.34759191109729,0.211150802832131));
#2331=CARTESIAN_POINT('Ctrl Pts',(11.20511811024,1.28454795095615,0.2420282499306));
#2332=CARTESIAN_POINT('Ctrl Pts',(11.20511811024,1.20308219180038,0.279187176646342));
#2333=CARTESIAN_POINT('Ctrl Pts',(11.20511811024,1.13062979310524,0.305214198840631));
#2334=CARTESIAN_POINT('Ctrl Pts',(11.20511811024,1.00210634090262,0.34500204686613));
#2335=CARTESIAN_POINT('Ctrl Pts',(11.20511811024,0.876842815119605,0.379827138249486));
#2336=CARTESIAN_POINT('Ctrl Pts',(11.20511811024,0.416388415307508,0.451043420317263));
#2337=CARTESIAN_POINT('Ctrl Pts',(11.20511811024,0.136923337154472,0.468346489594125));
#2338=CARTESIAN_POINT('Ctrl Pts',(11.20511811024,-0.473622032064857,0.480321720096484));
#2339=CARTESIAN_POINT('Ctrl Pts',(11.20511811024,-0.975013540844238,0.471888742558984));
#2340=CARTESIAN_POINT('Ctrl Pts',(11.20511811024,-3.14369999801487,0.287869534123318));
#2341=CARTESIAN_POINT('Ctrl Pts',(11.20511811024,-4.44838314066682,0.0633649444146503));
#2342=CARTESIAN_POINT('Ctrl Pts',(11.20511811024,-4.75512982668787,0.00998621588276337));
#2343=CARTESIAN_POINT('',(11.20511811024,5.15679937269774,0.));
#2344=CARTESIAN_POINT('Origin',(11.82762467192,5.15679937269774,0.));
#2345=CARTESIAN_POINT('',(11.82762467192,-4.59985994040717,0.00965958216892667));
#2346=CARTESIAN_POINT('',(11.82762467192,-4.59985820382749,0.));
#2347=CARTESIAN_POINT('Ctrl Pts',(11.82762467192,-4.59985994040717,0.00965958216892667));
#2348=CARTESIAN_POINT('Ctrl Pts',(11.82762467192,-4.59985965129436,0.00804993739878025));
#2349=CARTESIAN_POINT('Ctrl Pts',(11.8276246719199,-4.59985936194697,0.00643972625506031));
#2350=CARTESIAN_POINT('Ctrl Pts',(11.8276246719199,-4.59985878298544,0.00321930026619704));
#2351=CARTESIAN_POINT('Ctrl Pts',(11.82762467192,-4.59985849347289,0.00160965010036543));
#2352=CARTESIAN_POINT('Ctrl Pts',(11.82762467192,-4.59985820382749,0.));
#2353=CARTESIAN_POINT('',(11.82762467192,1.38534940871655,0.));
#2354=CARTESIAN_POINT('Ctrl Pts',(11.82762467192,1.38534940871655,4.23436439017961E-17));
#2355=CARTESIAN_POINT('Ctrl Pts',(11.82762467192,1.38534941714303,0.00762941400111449));
#2356=CARTESIAN_POINT('Ctrl Pts',(11.82762467192,1.38464937802835,0.0155802049620869));
#2357=CARTESIAN_POINT('Ctrl Pts',(11.82762467192,1.38309360959625,0.0239457336848006));
#2358=CARTESIAN_POINT('Ctrl Pts',(11.82762467192,1.38180303346502,0.030885295814892));
#2359=CARTESIAN_POINT('Ctrl Pts',(11.82762467192,1.38005590697877,0.0379560754376348));
#2360=CARTESIAN_POINT('Ctrl Pts',(11.82762467192,1.37681113654242,0.0471634814804676));
#2361=CARTESIAN_POINT('Ctrl Pts',(11.82762467192,1.37450317044673,0.0537125984035232));
#2362=CARTESIAN_POINT('Ctrl Pts',(11.82762467192,1.37146163851601,0.0611062826200764));
#2363=CARTESIAN_POINT('Ctrl Pts',(11.82762467192,1.36735941622304,0.0692938438978943));
#2364=CARTESIAN_POINT('Ctrl Pts',(11.82762467192,1.36410866154893,0.0757819742800811));
#2365=CARTESIAN_POINT('Ctrl Pts',(11.82762467192,1.36016721156226,0.0828013813464619));
#2366=CARTESIAN_POINT('Ctrl Pts',(11.82762467192,1.35544898753339,0.0902087029066074));
#2367=CARTESIAN_POINT('Ctrl Pts',(11.82762467192,1.35141058814884,0.0965487415835928));
#2368=CARTESIAN_POINT('Ctrl Pts',(11.82762467192,1.34682982388096,0.103136805240075));
#2369=CARTESIAN_POINT('Ctrl Pts',(11.82762467192,1.34164836898122,0.109930475498413));
#2370=CARTESIAN_POINT('Ctrl Pts',(11.82762467192,1.33703852984917,0.115974671117817));
#2371=CARTESIAN_POINT('Ctrl Pts',(11.82762467192,1.3319535232104,0.122181646286739));
#2372=CARTESIAN_POINT('Ctrl Pts',(11.82762467192,1.32635676194686,0.128525497431591));
#2373=CARTESIAN_POINT('Ctrl Pts',(11.82762467192,1.32129071734323,0.134267788614888));
#2374=CARTESIAN_POINT('Ctrl Pts',(11.82762467192,1.31580563539534,0.140122695620606));
#2375=CARTESIAN_POINT('Ctrl Pts',(11.82762467192,1.30986866495144,0.146065946599048));
#2376=CARTESIAN_POINT('Ctrl Pts',(11.82762467192,1.30442035106319,0.151520024087424));
#2377=CARTESIAN_POINT('Ctrl Pts',(11.82762467192,1.29851168821262,0.157119314075719));
#2378=CARTESIAN_POINT('Ctrl Pts',(11.82762467192,1.29238116052672,0.162616658312525));
#2379=CARTESIAN_POINT('Ctrl Pts',(11.82762467192,1.28629570310175,0.16807358731073));
#2380=CARTESIAN_POINT('Ctrl Pts',(11.82762467192,1.28017578559029,0.173273800063472));
#2381=CARTESIAN_POINT('Ctrl Pts',(11.82762467192,1.27405245231225,0.178229876607119));
#2382=CARTESIAN_POINT('Ctrl Pts',(11.82762467192,1.26768424610825,0.183384147322056));
#2383=CARTESIAN_POINT('Ctrl Pts',(11.82762467192,1.261312316267,0.188274354098303));
#2384=CARTESIAN_POINT('Ctrl Pts',(11.82762467192,1.25497116147269,0.192913643865335));
#2385=CARTESIAN_POINT('Ctrl Pts',(11.82762467192,1.24133310447174,0.202891463416983));
#2386=CARTESIAN_POINT('Ctrl Pts',(11.82762467192,1.22783641279266,0.211708601700728));
#2387=CARTESIAN_POINT('Ctrl Pts',(11.82762467192,1.21482173461362,0.219479098816348));
#2388=CARTESIAN_POINT('Ctrl Pts',(11.82762467192,1.19987550877676,0.228402838854868));
#2389=CARTESIAN_POINT('Ctrl Pts',(11.82762467192,1.18557196742222,0.235953161762305));
#2390=CARTESIAN_POINT('Ctrl Pts',(11.82762467192,1.1724705555626,0.242384132670819));
#2391=CARTESIAN_POINT('Ctrl Pts',(11.82762467192,1.15988381779685,0.248562470186803));
#2392=CARTESIAN_POINT('Ctrl Pts',(11.82762467192,1.14938802084816,0.253295199352162));
#2393=CARTESIAN_POINT('Ctrl Pts',(11.82762467192,1.13810089862831,0.258184500126442));
#2394=CARTESIAN_POINT('Ctrl Pts',(11.82762467192,1.13507562797785,0.259494972171094));
#2395=CARTESIAN_POINT('Ctrl Pts',(11.82762467192,1.1319078158971,0.260849365234008));
#2396=CARTESIAN_POINT('Ctrl Pts',(11.82762467192,1.12860349906788,0.262243309143562));
#2397=CARTESIAN_POINT('Ctrl Pts',(11.82762467192,1.11567325796656,0.267698001221762));
#2398=CARTESIAN_POINT('Ctrl Pts',(11.82762467192,1.10064735090032,0.273743774024986));
#2399=CARTESIAN_POINT('Ctrl Pts',(11.82762467192,1.08390763568908,0.280173483846141));
#2400=CARTESIAN_POINT('Ctrl Pts',(11.82762467192,1.06997138810297,0.285526384229669));
#2401=CARTESIAN_POINT('Ctrl Pts',(11.82762467192,1.05485146363514,0.291158469784719));
#2402=CARTESIAN_POINT('Ctrl Pts',(11.82762467192,1.03873932973563,0.29687886677117));
#2403=CARTESIAN_POINT('Ctrl Pts',(11.82762467192,1.02428792174277,0.302009645304162));
#2404=CARTESIAN_POINT('Ctrl Pts',(11.82762467192,1.00903799478702,0.307209820198048));
#2405=CARTESIAN_POINT('Ctrl Pts',(11.82762467192,0.993138280072398,0.31236599638055));
#2406=CARTESIAN_POINT('Ctrl Pts',(11.82762467192,0.978320165678062,0.317171416470219));
#2407=CARTESIAN_POINT('Ctrl Pts',(11.82762467192,0.962932475921417,0.321939954380988));
#2408=CARTESIAN_POINT('Ctrl Pts',(11.82762467192,0.947126101355786,0.326583486028824));
#2409=CARTESIAN_POINT('Ctrl Pts',(11.82762467192,0.932056299388933,0.331010630410931));
#2410=CARTESIAN_POINT('Ctrl Pts',(11.82762467192,0.916588882717795,0.335329739686495));
#2411=CARTESIAN_POINT('Ctrl Pts',(11.82762467192,0.900741622315894,0.339538146838635));
#2412=CARTESIAN_POINT('Ctrl Pts',(11.82762467192,0.885524113146567,0.343579316908526));
#2413=CARTESIAN_POINT('Ctrl Pts',(11.82762467192,0.869956421510095,0.347518189990857));
#2414=CARTESIAN_POINT('Ctrl Pts',(11.82762467192,0.8540581824234,0.351370160532278));
#2415=CARTESIAN_POINT('Ctrl Pts',(11.82762467192,0.838724842985917,0.355085262028282));
#2416=CARTESIAN_POINT('Ctrl Pts',(11.82762467192,0.82308400165708,0.358720017975772));
#2417=CARTESIAN_POINT('Ctrl Pts',(11.82762467192,0.807148296440223,0.362269986602255));
#2418=CARTESIAN_POINT('Ctrl Pts',(11.82762467192,0.79172194235656,0.365706487985331));
#2419=CARTESIAN_POINT('Ctrl Pts',(11.82762467192,0.776019295957161,0.369063536276247));
#2420=CARTESIAN_POINT('Ctrl Pts',(11.82762467192,0.760052652115679,0.372340159757098));
#2421=CARTESIAN_POINT('Ctrl Pts',(11.82762467192,0.744547842896738,0.375522007016753));
#2422=CARTESIAN_POINT('Ctrl Pts',(11.82762467192,0.728794082297006,0.378628134791958));
#2423=CARTESIAN_POINT('Ctrl Pts',(11.82762467192,0.712801654583305,0.381651958761504));
#2424=CARTESIAN_POINT('Ctrl Pts',(11.82762467192,0.697229062636931,0.384596400821109));
#2425=CARTESIAN_POINT('Ctrl Pts',(11.82762467192,0.681430180663192,0.387462805404213));
#2426=CARTESIAN_POINT('Ctrl Pts',(11.82762467192,0.665414987421539,0.390246202605276));
#2427=CARTESIAN_POINT('Ctrl Pts',(11.82762467192,0.634478832763976,0.395622822480305));
#2428=CARTESIAN_POINT('Ctrl Pts',(11.82762467192,0.602626484391859,0.400703809829112));
#2429=CARTESIAN_POINT('Ctrl Pts',(11.82762467192,0.570302424311061,0.405435359679389));
#2430=CARTESIAN_POINT('Ctrl Pts',(11.82762467192,0.538754046293412,0.41005336629467));
#2431=CARTESIAN_POINT('Ctrl Pts',(11.82762467192,0.506910465899618,0.414319960358484));
#2432=CARTESIAN_POINT('Ctrl Pts',(11.82762467192,0.474841585313997,0.418254491178952));
#2433=CARTESIAN_POINT('Ctrl Pts',(11.82762467192,0.443132610416286,0.422144865172127));
#2434=CARTESIAN_POINT('Ctrl Pts',(11.82762467192,0.411203409153872,0.425710688998978));
#2435=CARTESIAN_POINT('Ctrl Pts',(11.82762467192,0.37912205736494,0.42897521456468));
#2436=CARTESIAN_POINT('Ctrl Pts',(11.82762467192,0.347279787900821,0.432215411655486));
#2437=CARTESIAN_POINT('Ctrl Pts',(11.82762467192,0.315287609305342,0.435158895580489));
#2438=CARTESIAN_POINT('Ctrl Pts',(11.82762467192,0.283211600917732,0.43782412466309));
#2439=CARTESIAN_POINT('Ctrl Pts',(11.82762467192,0.251255810664998,0.440479364695137));
#2440=CARTESIAN_POINT('Ctrl Pts',(11.82762467192,0.219216834901844,0.44285849737903));
#2441=CARTESIAN_POINT('Ctrl Pts',(11.82762467192,0.187160209074858,0.444981609227358));
#2442=CARTESIAN_POINT('Ctrl Pts',(11.82762467192,0.155104934068663,0.447104631610761));
#2443=CARTESIAN_POINT('Ctrl Pts',(11.82762467192,0.1230320084263,0.448971707948651));
#2444=CARTESIAN_POINT('Ctrl Pts',(11.82762467192,0.0910069000561565,0.450601843104075));
#2445=CARTESIAN_POINT('Ctrl Pts',(11.82762467192,0.0588616416013959,0.452238094113179));
#2446=CARTESIAN_POINT('Ctrl Pts',(11.82762467192,0.0267645772820455,0.453635672437711));
#2447=CARTESIAN_POINT('Ctrl Pts',(11.82762467192,-0.00521797037699377,0.454816994506278));
#2448=CARTESIAN_POINT('Ctrl Pts',(11.82762467192,-0.0374475495194287,0.456007441043168));
#2449=CARTESIAN_POINT('Ctrl Pts',(11.82762467192,-0.06956086504334,0.456978283945139));
#2450=CARTESIAN_POINT('Ctrl Pts',(11.82762467192,-0.101490242771646,0.457745780371534));
#2451=CARTESIAN_POINT('Ctrl Pts',(11.82762467192,-0.133731318118019,0.45852076917094));
#2452=CARTESIAN_POINT('Ctrl Pts',(11.82762467192,-0.165210110315498,0.459082358731953));
#2453=CARTESIAN_POINT('Ctrl Pts',(11.82762467192,-0.197791165246784,0.459475031876537));
#2454=CARTESIAN_POINT('Ctrl Pts',(11.82762467192,-0.228167939893827,0.4598411386109));
#2455=CARTESIAN_POINT('Ctrl Pts',(11.82762467192,-0.260240939262058,0.460062403974883));
#2456=CARTESIAN_POINT('Ctrl Pts',(11.82762467192,-0.2941051658624,0.460111462203499));
#2457=CARTESIAN_POINT('Ctrl Pts',(11.82762467192,-0.324722491799973,0.46015581673116));
#2458=CARTESIAN_POINT('Ctrl Pts',(11.82762467192,-0.356804032820882,0.460059605103674));
#2459=CARTESIAN_POINT('Ctrl Pts',(11.82762467192,-0.390420436482579,0.459801325192449));
#2460=CARTESIAN_POINT('Ctrl Pts',(11.82762467192,-0.421216965326477,0.459564710805738));
#2461=CARTESIAN_POINT('Ctrl Pts',(11.82762467192,-0.453301662940539,0.4591921762774));
#2462=CARTESIAN_POINT('Ctrl Pts',(11.82762467192,-0.486729139847131,0.458666578647113));
#2463=CARTESIAN_POINT('Ctrl Pts',(11.82762467192,-0.517663680374206,0.458180178753982));
#2464=CARTESIAN_POINT('Ctrl Pts',(11.82762467192,-0.549748225955606,0.457563115266107));
#2465=CARTESIAN_POINT('Ctrl Pts',(11.82762467192,-0.583025920431638,0.456790484899632));
#2466=CARTESIAN_POINT('Ctrl Pts',(11.82762467192,-0.61406926398593,0.45606973094463));
#2467=CARTESIAN_POINT('Ctrl Pts',(11.82762467192,-0.646150897087328,0.455213402865691));
#2468=CARTESIAN_POINT('Ctrl Pts',(11.82762467192,-0.679305858927722,0.454205307244548));
#2469=CARTESIAN_POINT('Ctrl Pts',(11.82762467192,-0.710436408468457,0.453258765039889));
#2470=CARTESIAN_POINT('Ctrl Pts',(11.82762467192,-0.742513215334424,0.452178418289631));
#2471=CARTESIAN_POINT('Ctrl Pts',(11.82762467192,-0.775565273177099,0.450950795799451));
#2472=CARTESIAN_POINT('Ctrl Pts',(11.82762467192,-0.836354740748904,0.448692947954926));
#2473=CARTESIAN_POINT('Ctrl Pts',(11.82762467192,-0.900443176198977,0.445936622421669));
#2474=CARTESIAN_POINT('Ctrl Pts',(11.82762467192,-0.968010566000518,0.442593269276385));
#2475=CARTESIAN_POINT('Ctrl Pts',(11.82762467192,-1.02922202795812,0.439564418606491));
#2476=CARTESIAN_POINT('Ctrl Pts',(11.82762467192,-1.09328870500202,0.436053770275445));
#2477=CARTESIAN_POINT('Ctrl Pts',(11.82762467192,-1.16034420402969,0.431995822148928));
#2478=CARTESIAN_POINT('Ctrl Pts',(11.82762467192,-1.2218645324309,0.428272841856507));
#2479=CARTESIAN_POINT('Ctrl Pts',(11.82762467192,-1.28590061526786,0.424089229816953));
#2480=CARTESIAN_POINT('Ctrl Pts',(11.82762467192,-1.35255551683811,0.419394784471292));
#2481=CARTESIAN_POINT('Ctrl Pts',(11.82762467192,-1.41430818290089,0.415045599205822));
#2482=CARTESIAN_POINT('Ctrl Pts',(11.82762467192,-1.47830862330721,0.410258004918852));
#2483=CARTESIAN_POINT('Ctrl Pts',(11.82762467192,-1.54463875532442,0.404992604389773));
#2484=CARTESIAN_POINT('Ctrl Pts',(11.82762467192,-1.60658694936501,0.40007504967132));
#2485=CARTESIAN_POINT('Ctrl Pts',(11.82762467192,-1.67093002509883,0.394708889310988));
#2486=CARTESIAN_POINT('Ctrl Pts',(11.82762467192,-1.7365914132107,0.388962687326822));
#2487=CARTESIAN_POINT('Ctrl Pts',(11.82762467192,-1.80084009783779,0.38334011476629));
#2488=CARTESIAN_POINT('Ctrl Pts',(11.82762467192,-1.86480785360833,0.377491856531229));
#2489=CARTESIAN_POINT('Ctrl Pts',(11.82762467192,-1.92841309549828,0.371452916530793));
#2490=CARTESIAN_POINT('Ctrl Pts',(11.82762467192,-1.992708778818,0.365348423216758));
#2491=CARTESIAN_POINT('Ctrl Pts',(11.82762467192,-2.05663404410681,0.359049099522662));
#2492=CARTESIAN_POINT('Ctrl Pts',(11.82762467192,-2.12010462401367,0.352588677123421));
#2493=CARTESIAN_POINT('Ctrl Pts',(11.82762467192,-2.18445553544686,0.346038649216876));
#2494=CARTESIAN_POINT('Ctrl Pts',(11.82762467192,-2.24833906776161,0.339323030392512));
#2495=CARTESIAN_POINT('Ctrl Pts',(11.82762467192,-2.31166733275295,0.332474830505289));
#2496=CARTESIAN_POINT('Ctrl Pts',(11.82762467192,-2.3760844924155,0.325508879589112));
#2497=CARTESIAN_POINT('Ctrl Pts',(11.82762467192,-2.43992713082583,0.318405746765643));
#2498=CARTESIAN_POINT('Ctrl Pts',(11.82762467192,-2.50310257570076,0.311197802373974));
#2499=CARTESIAN_POINT('Ctrl Pts',(11.82762467192,-2.5676004557371,0.303838975956481));
#2500=CARTESIAN_POINT('Ctrl Pts',(11.82762467192,-2.63140292048287,0.296370900947731));
#2501=CARTESIAN_POINT('Ctrl Pts',(11.82762467192,-2.69441120676321,0.288826450393296));
#2502=CARTESIAN_POINT('Ctrl Pts',(11.82762467192,-2.75900894557037,0.281091682870965));
#2503=CARTESIAN_POINT('Ctrl Pts',(11.82762467192,-2.82277193418347,0.27327661319084));
#2504=CARTESIAN_POINT('Ctrl Pts',(11.82762467192,-2.88559342978453,0.265414182494992));
#2505=CARTESIAN_POINT('Ctrl Pts',(11.82762467192,-2.95031661749174,0.257313745329441));
#2506=CARTESIAN_POINT('Ctrl Pts',(11.82762467192,-3.01404044854085,0.249163035899463));
#2507=CARTESIAN_POINT('Ctrl Pts',(11.82762467192,-3.07664815015607,0.240998123574277));
#2508=CARTESIAN_POINT('Ctrl Pts',(11.82762467192,-3.14153218355571,0.232536346023835));
#2509=CARTESIAN_POINT('Ctrl Pts',(11.82762467192,-3.20521744553746,0.224059232223077));
#2510=CARTESIAN_POINT('Ctrl Pts',(11.82762467192,-3.26757339844635,0.215603304448337));
#2511=CARTESIAN_POINT('Ctrl Pts',(11.82762467192,-3.33266853102344,0.206775923679042));
#2512=CARTESIAN_POINT('Ctrl Pts',(11.82762467192,-3.39631500273183,0.197971703708162));
#2513=CARTESIAN_POINT('Ctrl Pts',(11.82762467192,-3.45836487810969,0.189236940822736));
#2514=CARTESIAN_POINT('Ctrl Pts',(11.82762467192,-3.52374680080871,0.180033125532352));
#2515=CARTESIAN_POINT('Ctrl Pts',(11.82762467192,-3.58735602124163,0.170906115714067));
#2516=CARTESIAN_POINT('Ctrl Pts',(11.82762467192,-3.64901807101169,0.161901064807578));
#2517=CARTESIAN_POINT('Ctrl Pts',(11.82762467192,-3.71480607116265,0.15229346511531));
#2518=CARTESIAN_POINT('Ctrl Pts',(11.82762467192,-3.7783776504218,0.142825232901917));
#2519=CARTESIAN_POINT('Ctrl Pts',(11.82762467192,-3.83952373223559,0.133570541964917));
#2520=CARTESIAN_POINT('Ctrl Pts',(11.82762467192,-3.90592581347993,0.123520335618722));
#2521=CARTESIAN_POINT('Ctrl Pts',(11.82762467192,-3.96946731225401,0.113720433410873));
#2522=CARTESIAN_POINT('Ctrl Pts',(11.82762467192,-4.02987567884449,0.104235235377065));
#2523=CARTESIAN_POINT('Ctrl Pts',(11.82762467192,-4.09729363360562,0.0936494061610766));
#2524=CARTESIAN_POINT('Ctrl Pts',(11.82762467192,-4.16080963485252,0.0834593608691997));
#2525=CARTESIAN_POINT('Ctrl Pts',(11.82762467192,-4.22005610122545,0.0738248302999501));
#2526=CARTESIAN_POINT('Ctrl Pts',(11.82762467192,-4.28945516157331,0.0625393071399708));
#2527=CARTESIAN_POINT('Ctrl Pts',(11.82762467192,-4.35299429461414,0.0520039168002604));
#2528=CARTESIAN_POINT('Ctrl Pts',(11.82762467192,-4.41006085190844,0.0423425518824616));
#2529=CARTESIAN_POINT('Ctrl Pts',(11.82762467192,-4.48488498999863,0.0296748295416701));
#2530=CARTESIAN_POINT('Ctrl Pts',(11.82762467192,-4.54859165712225,0.0185726658878647));
#2531=CARTESIAN_POINT('Ctrl Pts',(11.82762467192,-4.59985994040717,0.00965958216892672));
#2532=CARTESIAN_POINT('',(11.82762467192,5.15679937269774,0.));
#2533=CARTESIAN_POINT('Origin',(1.36379867439548E-16,-2.2891083910784,4.24715931216491E-5));
#2534=CARTESIAN_POINT('',(2.54842261293009E-11,-5.94389763779528,-4.51180351199887E-16));
#2535=CARTESIAN_POINT('',(1.32230639511184E-15,1.98129921259842,1.77022230398998E-11));
#2536=CARTESIAN_POINT('',(1.11529572496243E-16,-2.13491089277312,0.));
#2537=CARTESIAN_POINT('',(2.52536377305056E-11,-5.94389763779527,0.0124821850392523));
#2538=CARTESIAN_POINT('Ctrl Pts',(1.32230639511184E-15,1.98129921259842,
3.54044460797996E-11));
#2539=CARTESIAN_POINT('Ctrl Pts',(1.91634138283289E-15,1.98129922893694,
0.0106085879627364));
#2540=CARTESIAN_POINT('Ctrl Pts',(3.98679066575378E-15,1.97895572084444,
0.0318257955329438));
#2541=CARTESIAN_POINT('Ctrl Pts',(-4.33680868994202E-15,1.96949290393188,
0.0623140754964887));
#2542=CARTESIAN_POINT('Ctrl Pts',(1.70740499604016E-15,1.95569243722872,
0.091072273825774));
#2543=CARTESIAN_POINT('Ctrl Pts',(4.09777199049639E-16,1.93860730734356,
0.117972974381563));
#2544=CARTESIAN_POINT('Ctrl Pts',(-3.05625494291189E-15,1.91912452260527,
0.143171825720726));
#2545=CARTESIAN_POINT('Ctrl Pts',(2.93673659318908E-15,1.89777649777647,
0.166801971134814));
#2546=CARTESIAN_POINT('Ctrl Pts',(-1.0756651475053E-15,1.87496882234673,
0.18901639389793));
#2547=CARTESIAN_POINT('Ctrl Pts',(1.53666449643615E-15,1.85096402023679,
0.209929276987217));
#2548=CARTESIAN_POINT('Ctrl Pts',(-1.84399739572338E-15,1.82594824753037,
0.229616018768697));
#2549=CARTESIAN_POINT('Ctrl Pts',(-1.80984929580257E-15,1.79142870523612,
0.254313416685632));
#2550=CARTESIAN_POINT('Ctrl Pts',(7.51258198257672E-16,1.74626767824271,
0.282230871630487));
#2551=CARTESIAN_POINT('Ctrl Pts',(-3.89288339097157E-15,1.68939150917938,
0.310925133936719));
#2552=CARTESIAN_POINT('Ctrl Pts',(3.61969859160515E-15,1.63063914307677,
0.33547453170856));
#2553=CARTESIAN_POINT('Ctrl Pts',(1.91229359556498E-15,1.57089852653699,
0.357453543580256));
#2554=CARTESIAN_POINT('Ctrl Pts',(7.51258198257672E-16,1.51075813280609,
0.378301163513576));
#2555=CARTESIAN_POINT('Ctrl Pts',(-2.1171821950898E-15,1.45014127718127,
0.397729455301613));
#2556=CARTESIAN_POINT('Ctrl Pts',(3.00503279303069E-15,1.38908974674358,
0.415741945496003));
#2557=CARTESIAN_POINT('Ctrl Pts',(-4.50754918954603E-15,1.32758611630779,
0.432148173576533));
#2558=CARTESIAN_POINT('Ctrl Pts',(9.56146797782492E-16,1.26572760371501,
0.447151029610782));
#2559=CARTESIAN_POINT('Ctrl Pts',(1.91229359556498E-15,1.20358720143936,
0.460935398314009));
#2560=CARTESIAN_POINT('Ctrl Pts',(-5.37263438753967E-15,1.12045572592306,
0.478009408814487));
#2561=CARTESIAN_POINT('Ctrl Pts',(5.6685845868533E-15,1.01609605960737,
0.497094973933915));
#2562=CARTESIAN_POINT('Ctrl Pts',(-1.50251639651534E-15,0.890314963330294,
0.516734295994363));
#2563=CARTESIAN_POINT('Ctrl Pts',(2.73184799366426E-16,0.764120755930548,
0.533496674361619));
#2564=CARTESIAN_POINT('Ctrl Pts',(2.73184799366426E-15,0.637617049838297,
0.547716951891247));
#2565=CARTESIAN_POINT('Ctrl Pts',(3.27821759239712E-15,0.510880486816304,
0.55966986718744));
#2566=CARTESIAN_POINT('Ctrl Pts',(-2.45866319429784E-15,0.383969163663766,
0.569580145617375));
#2567=CARTESIAN_POINT('Ctrl Pts',(2.18547839493141E-15,0.25692680935421,
0.577623517061115));
#2568=CARTESIAN_POINT('Ctrl Pts',(1.91229359556498E-15,0.129788863077907,
0.583961115758182));
#2569=CARTESIAN_POINT('Ctrl Pts',(2.73184799366426E-15,0.00258311855383429,
0.588729115286309));
#2570=CARTESIAN_POINT('Ctrl Pts',(2.18547839493141E-15,-0.124668075906964,
0.592047193828157));
#2571=CARTESIAN_POINT('Ctrl Pts',(1.91229359556498E-15,-0.251946610707466,
0.594021386051264));
#2572=CARTESIAN_POINT('Ctrl Pts',(3.55140239176354E-15,-0.379237938478479,
0.594746159145948));
#2573=CARTESIAN_POINT('Ctrl Pts',(8.19554398099279E-16,-0.506530048588121,
0.594306905656567));
#2574=CARTESIAN_POINT('Ctrl Pts',(4.09777199049641E-15,-0.676241354867129,
0.592270104316703));
#2575=CARTESIAN_POINT('Ctrl Pts',(-1.36592399683217E-15,-0.888338308905176,
0.587182154137164));
#2576=CARTESIAN_POINT('Ctrl Pts',(-1.09273919746571E-15,-1.14274111491575,
0.577496813178507));
#2577=CARTESIAN_POINT('Ctrl Pts',(3.27821759239712E-15,-1.39700176207181,
0.564639657747913));
#2578=CARTESIAN_POINT('Ctrl Pts',(-2.73184799366426E-15,-1.65110257314609,
0.54895832070913));
#2579=CARTESIAN_POINT('Ctrl Pts',(3.27821759239712E-15,-1.90503389978089,
0.530748827523478));
#2580=CARTESIAN_POINT('Ctrl Pts',(1.63910879619856E-15,-2.1587912976454,
0.510264359928488));
#2581=CARTESIAN_POINT('Ctrl Pts',(-5.46369598732853E-16,-2.41237378854983,
0.487720383538966));
#2582=CARTESIAN_POINT('Ctrl Pts',(5.46369598732853E-16,-2.66578246579551,
0.463299616931983));
#2583=CARTESIAN_POINT('Ctrl Pts',(1.09273919746571E-15,-2.91901931496274,
0.437154730553736));
#2584=CARTESIAN_POINT('Ctrl Pts',(-2.18547839493141E-15,-3.1720866867501,
0.409412209347025));
#2585=CARTESIAN_POINT('Ctrl Pts',(0.,-3.4249860916962,0.380172358534873));
#2586=CARTESIAN_POINT('Ctrl Pts',(1.09273919746571E-15,-3.6777185670568,
0.349514962699117));
#2587=CARTESIAN_POINT('Ctrl Pts',(1.09273919746571E-15,-3.93028290954955,
0.317493746787681));
#2588=CARTESIAN_POINT('Ctrl Pts',(-1.09273919746571E-15,-4.18267755810096,
0.284149893609607));
#2589=CARTESIAN_POINT('Ctrl Pts',(0.,-4.43489620881721,0.249490778364119));
#2590=CARTESIAN_POINT('Ctrl Pts',(2.18547839493141E-15,-4.68693506554982,
0.213531924675537));
#2591=CARTESIAN_POINT('Ctrl Pts',(-1.09273919746571E-15,-4.93877850606597,
0.176221320269291));
#2592=CARTESIAN_POINT('Ctrl Pts',(3.27821759239712E-15,-5.19042508409432,
0.137582982192553));
#2593=CARTESIAN_POINT('Ctrl Pts',(-3.27821759239712E-15,-5.44183763736243,
0.0974481944798733));
#2594=CARTESIAN_POINT('Ctrl Pts',(-1.09273919746571E-15,-5.69304128610948,
0.0559898111355488));
#2595=CARTESIAN_POINT('Ctrl Pts',(2.18547839493141E-15,-5.86028259446321,
0.0270163003822428));
#2596=CARTESIAN_POINT('Ctrl Pts',(2.18547839493141E-15,-5.94389763779527,
0.0124821850392523));
#2597=CARTESIAN_POINT('',(1.09273919746571E-15,-5.94389763779528,0.00624109251962589));
#2598=CARTESIAN_POINT('Origin',(13.07263779528,5.15679937269774,0.));
#2599=CARTESIAN_POINT('',(13.07263779528,-4.24477145737856,0.00891422670890536));
#2600=CARTESIAN_POINT('',(13.07263779528,-4.24479174016591,0.));
#2601=CARTESIAN_POINT('Ctrl Pts',(13.07263779528,-4.24477145737856,0.00891422670890536));
#2602=CARTESIAN_POINT('Ctrl Pts',(13.07263779528,-4.24477483527196,0.00742830752438293));
#2603=CARTESIAN_POINT('Ctrl Pts',(13.0726377952802,-4.24477821487272,0.00594231027419075));
#2604=CARTESIAN_POINT('Ctrl Pts',(13.0726377952802,-4.24478497598268,0.00297082228682262));
#2605=CARTESIAN_POINT('Ctrl Pts',(13.07263779528,-4.24478835730967,0.00148541112329385));
#2606=CARTESIAN_POINT('Ctrl Pts',(13.07263779528,-4.24479174016591,0.));
#2607=CARTESIAN_POINT('',(13.07263779528,1.56287237448569,0.));
#2608=CARTESIAN_POINT('Ctrl Pts',(13.07263779528,1.56287237448569,1.35226475686381E-16));
#2609=CARTESIAN_POINT('Ctrl Pts',(13.07263779528,1.56287238932382,0.00666004809174568));
#2610=CARTESIAN_POINT('Ctrl Pts',(13.07263779528,1.56217567978691,0.0133164460322879));
#2611=CARTESIAN_POINT('Ctrl Pts',(13.07263779528,1.55792771142253,0.0342360057239745));
#2612=CARTESIAN_POINT('Ctrl Pts',(13.0726377952805,1.5522601855968,0.0474383133460796));
#2613=CARTESIAN_POINT('Ctrl Pts',(13.0726377952805,1.53484366372189,0.0787281625265486));
#2614=CARTESIAN_POINT('Ctrl Pts',(13.072637795286,1.51971540098877,0.0969691529637084));
#2615=CARTESIAN_POINT('Ctrl Pts',(13.072637795286,1.47471097870614,0.142120169177776));
#2616=CARTESIAN_POINT('Ctrl Pts',(13.07263779528,1.43640198671946,0.170138579245613));
#2617=CARTESIAN_POINT('Ctrl Pts',(13.07263779528,1.37383854748655,0.204994592360441));
#2618=CARTESIAN_POINT('Ctrl Pts',(13.07263779528,1.32949035657319,0.23014345066945));
#2619=CARTESIAN_POINT('Ctrl Pts',(13.07263779528,1.11856282994128,0.294034877419225));
#2620=CARTESIAN_POINT('Ctrl Pts',(13.07263779528,1.00668694521209,0.324041189533567));
#2621=CARTESIAN_POINT('Ctrl Pts',(13.07263779528,0.586011909579923,0.390927342451284));
#2622=CARTESIAN_POINT('Ctrl Pts',(13.07263779528,0.32588231092033,0.409812575439106));
#2623=CARTESIAN_POINT('Ctrl Pts',(13.07263779528,-0.403727926987737,0.435511844088389));
#2624=CARTESIAN_POINT('Ctrl Pts',(13.07263779528,-0.907609157892865,0.413877211536617));
#2625=CARTESIAN_POINT('Ctrl Pts',(13.07263779528,-1.87065933531374,0.33841322568635));
#2626=CARTESIAN_POINT('Ctrl Pts',(13.07263779528,-2.36536105094952,0.283579592906621));
#2627=CARTESIAN_POINT('Ctrl Pts',(13.07263779528,-3.48730001361402,0.137827638970049));
#2628=CARTESIAN_POINT('Ctrl Pts',(13.07263779528,-3.96622689417461,0.0572312517893313));
#2629=CARTESIAN_POINT('Ctrl Pts',(13.07263779528,-4.24477145737856,0.00891422670890562));
#2630=CARTESIAN_POINT('',(13.07263779528,5.15679937269774,0.));
#2631=CARTESIAN_POINT('Origin',(16.80767716536,5.15679937269774,0.));
#2632=CARTESIAN_POINT('',(16.80767716536,-2.7738188976354,0.000107852437350908));
#2633=CARTESIAN_POINT('',(16.80767716536,-2.77382562673507,0.));
#2634=CARTESIAN_POINT('Ctrl Pts',(16.80767716536,-2.7738188976354,0.000107852437350907));
#2635=CARTESIAN_POINT('Ctrl Pts',(16.80767716536,-2.77382114068367,7.19016263279232E-5));
#2636=CARTESIAN_POINT('Ctrl Pts',(16.80767716536,-2.77382338371685,3.59508144769001E-5));
#2637=CARTESIAN_POINT('Ctrl Pts',(16.80767716536,-2.77382562673507,0.));
#2638=CARTESIAN_POINT('',(16.80767716536,-2.77396612429063,0.00536448019048637));
#2639=CARTESIAN_POINT('Ctrl Pts',(16.80767716536,-2.77396612429063,0.00536448019048637));
#2640=CARTESIAN_POINT('Ctrl Pts',(16.80767716536,-2.77394160720852,0.00448834773752745));
#2641=CARTESIAN_POINT('Ctrl Pts',(16.8076771653607,-2.77391708038483,0.00361225082411969));
#2642=CARTESIAN_POINT('Ctrl Pts',(16.8076771653607,-2.77386800582369,0.00186007691995278));
#2643=CARTESIAN_POINT('Ctrl Pts',(16.80767716536,-2.77384345709455,0.000983964524899606));
#2644=CARTESIAN_POINT('Ctrl Pts',(16.80767716536,-2.7738188976354,0.000107852437350907));
#2645=CARTESIAN_POINT('',(16.80767716536,0.772120437443476,0.));
#2646=CARTESIAN_POINT('Ctrl Pts',(16.80767716536,0.772120437443476,4.09777199049639E-17));
#2647=CARTESIAN_POINT('Ctrl Pts',(16.80767716536,0.772120438004175,0.0054636292991729));
#2648=CARTESIAN_POINT('Ctrl Pts',(16.80767716536,0.771429182768877,0.00990903187811333));
#2649=CARTESIAN_POINT('Ctrl Pts',(16.80767716536,0.77038707304896,0.0142529991940195));
#2650=CARTESIAN_POINT('Ctrl Pts',(16.80767716536,0.769181793929972,0.0192771276512965));
#2651=CARTESIAN_POINT('Ctrl Pts',(16.80767716536,0.767542152055354,0.0236753997685829));
#2652=CARTESIAN_POINT('Ctrl Pts',(16.80767716536,0.765690114646698,0.0278069138751059));
#2653=CARTESIAN_POINT('Ctrl Pts',(16.80767716536,0.763972523384563,0.0316385063124875));
#2654=CARTESIAN_POINT('Ctrl Pts',(16.80767716536,0.761781106359664,0.0358357443995212));
#2655=CARTESIAN_POINT('Ctrl Pts',(16.80767716536,0.758898148101683,0.0404354029164473));
#2656=CARTESIAN_POINT('Ctrl Pts',(16.80767716536,0.756612612284576,0.0440818949382452));
#2657=CARTESIAN_POINT('Ctrl Pts',(16.80767716536,0.753889556241163,0.0479795810931679));
#2658=CARTESIAN_POINT('Ctrl Pts',(16.80767716536,0.750620131961868,0.0521466925337711));
#2659=CARTESIAN_POINT('Ctrl Pts',(16.80767716536,0.747817442195334,0.0557189179755867));
#2660=CARTESIAN_POINT('Ctrl Pts',(16.80767716536,0.74457695104084,0.059509873999697));
#2661=CARTESIAN_POINT('Ctrl Pts',(16.80767716536,0.741294195986742,0.0630559062113787));
#2662=CARTESIAN_POINT('Ctrl Pts',(16.80767716536,0.738023151472899,0.0665892886967497));
#2663=CARTESIAN_POINT('Ctrl Pts',(16.80767716536,0.734632257111398,0.0699867974900867));
#2664=CARTESIAN_POINT('Ctrl Pts',(16.80767716536,0.731181104104831,0.0732412469646924));
#2665=CARTESIAN_POINT('Ctrl Pts',(16.80767716536,0.727650021461687,0.0765710703689002));
#2666=CARTESIAN_POINT('Ctrl Pts',(16.80767716536,0.724055786699528,0.0797511378939465));
#2667=CARTESIAN_POINT('Ctrl Pts',(16.80767716536,0.720460383217969,0.0827718990652329));
#2668=CARTESIAN_POINT('Ctrl Pts',(16.80767716536,0.716700232270018,0.0859310766206894));
#2669=CARTESIAN_POINT('Ctrl Pts',(16.80767716536,0.712938973424208,0.0889161342873544));
#2670=CARTESIAN_POINT('Ctrl Pts',(16.80767716536,0.709249503940109,0.0917187081127215));
#2671=CARTESIAN_POINT('Ctrl Pts',(16.80767716536,0.70526536124809,0.094745119924311));
#2672=CARTESIAN_POINT('Ctrl Pts',(16.80767716536,0.701364664207353,0.0975585745776573));
#2673=CARTESIAN_POINT('Ctrl Pts',(16.80767716536,0.697634410100056,0.10014163085684));
#2674=CARTESIAN_POINT('Ctrl Pts',(16.80767716536,0.693640241365409,0.102907437778672));
#2675=CARTESIAN_POINT('Ctrl Pts',(16.80767716536,0.689651726920104,0.105541680998699));
#2676=CARTESIAN_POINT('Ctrl Pts',(16.80767716536,0.685665526481291,0.108063981128375));
#2677=CARTESIAN_POINT('Ctrl Pts',(16.80767716536,0.677350745806344,0.113325224936));
#2678=CARTESIAN_POINT('Ctrl Pts',(16.80767716536,0.669058586579512,0.118091749713245));
#2679=CARTESIAN_POINT('Ctrl Pts',(16.80767716536,0.660806857491918,0.122428336530301));
#2680=CARTESIAN_POINT('Ctrl Pts',(16.80767716536,0.652111327634239,0.126998156957977));
#2681=CARTESIAN_POINT('Ctrl Pts',(16.80767716536,0.643461773923415,0.131090780853317));
#2682=CARTESIAN_POINT('Ctrl Pts',(16.80767716536,0.634897314202738,0.134805245789541));
#2683=CARTESIAN_POINT('Ctrl Pts',(16.80767716536,0.625890693835833,0.138711478831421));
#2684=CARTESIAN_POINT('Ctrl Pts',(16.80767716536,0.616978988523492,0.142200020201705));
#2685=CARTESIAN_POINT('Ctrl Pts',(16.80767716536,0.608215720555495,0.145413300788438));
#2686=CARTESIAN_POINT('Ctrl Pts',(16.80767716536,0.598988465777047,0.148796714231541));
#2687=CARTESIAN_POINT('Ctrl Pts',(16.80767716536,0.58992529960521,0.151875220187457));
#2688=CARTESIAN_POINT('Ctrl Pts',(16.80767716536,0.581078777055631,0.154795656309924));
#2689=CARTESIAN_POINT('Ctrl Pts',(16.80767716536,0.571854138966058,0.157840916878977));
#2690=CARTESIAN_POINT('Ctrl Pts',(16.80767716536,0.562762878004929,0.160744609351262));
#2691=CARTESIAN_POINT('Ctrl Pts',(16.80767716536,0.553726292856434,0.163544046351738));
#2692=CARTESIAN_POINT('Ctrl Pts',(16.80767716536,0.5444937768328,0.166404180632479));
#2693=CARTESIAN_POINT('Ctrl Pts',(16.80767716536,0.535335266331908,0.169149759448273));
#2694=CARTESIAN_POINT('Ctrl Pts',(16.80767716536,0.526216529171192,0.171788856843559));
#2695=CARTESIAN_POINT('Ctrl Pts',(16.80767716536,0.516966277627374,0.174466016446338));
#2696=CARTESIAN_POINT('Ctrl Pts',(16.80767716536,0.507756930339786,0.17703363499493));
#2697=CARTESIAN_POINT('Ctrl Pts',(16.80767716536,0.49855200569663,0.179495578218753));
#2698=CARTESIAN_POINT('Ctrl Pts',(16.80767716536,0.489286458896006,0.181973735405816));
#2699=CARTESIAN_POINT('Ctrl Pts',(16.80767716536,0.480025422836543,0.184344863847592));
#2700=CARTESIAN_POINT('Ctrl Pts',(16.80767716536,0.470732867814982,0.186614844864019));
#2701=CARTESIAN_POINT('Ctrl Pts',(16.80767716536,0.461453972717974,0.188881489040433));
#2702=CARTESIAN_POINT('Ctrl Pts',(16.80767716536,0.452143743048387,0.191047217806572));
#2703=CARTESIAN_POINT('Ctrl Pts',(16.80767716536,0.442769926118778,0.193133196470032));
#2704=CARTESIAN_POINT('Ctrl Pts',(16.80767716536,0.433483882886989,0.195199642635446));
#2705=CARTESIAN_POINT('Ctrl Pts',(16.80767716536,0.424135396477466,0.197187754902075));
#2706=CARTESIAN_POINT('Ctrl Pts',(16.80767716536,0.414691908350961,0.199115291460243));
#2707=CARTESIAN_POINT('Ctrl Pts',(16.80767716536,0.405405052358851,0.201010857398954));
#2708=CARTESIAN_POINT('Ctrl Pts',(16.80767716536,0.39602629456642,0.202847778452432));
#2709=CARTESIAN_POINT('Ctrl Pts',(16.80767716536,0.386524163457102,0.204641999377212));
#2710=CARTESIAN_POINT('Ctrl Pts',(16.80767716536,0.377240126781399,0.206395039056242));
#2711=CARTESIAN_POINT('Ctrl Pts',(16.80767716536,0.367838279925525,0.208107387211242));
#2712=CARTESIAN_POINT('Ctrl Pts',(16.80767716536,0.358287517927559,0.209784220835112));
#2713=CARTESIAN_POINT('Ctrl Pts',(16.80767716536,0.348908622997602,0.211430879643764));
#2714=CARTESIAN_POINT('Ctrl Pts',(16.80767716536,0.339462624896177,0.213029577713738));
#2715=CARTESIAN_POINT('Ctrl Pts',(16.80767716536,0.329993404696408,0.214575925233952));
#2716=CARTESIAN_POINT('Ctrl Pts',(16.80767716536,0.311213586987803,0.217642716789234));
#2717=CARTESIAN_POINT('Ctrl Pts',(16.80767716536,0.292292678165082,0.220512162486435));
#2718=CARTESIAN_POINT('Ctrl Pts',(16.80767716536,0.273264378623377,0.223191150294874));
#2719=CARTESIAN_POINT('Ctrl Pts',(16.80767716536,0.254398912729972,0.225847212809455));
#2720=CARTESIAN_POINT('Ctrl Pts',(16.80767716536,0.235427949951119,0.228316063986786));
#2721=CARTESIAN_POINT('Ctrl Pts',(16.80767716536,0.216385648064872,0.230613158290736));
#2722=CARTESIAN_POINT('Ctrl Pts',(16.80767716536,0.197449210666,0.232897482042449));
#2723=CARTESIAN_POINT('Ctrl Pts',(16.80767716536,0.178442210217005,0.235012004477855));
#2724=CARTESIAN_POINT('Ctrl Pts',(16.80767716536,0.159397742383445,0.236968978852022));
#2725=CARTESIAN_POINT('Ctrl Pts',(16.80767716536,0.14040194883357,0.238920951546611));
#2726=CARTESIAN_POINT('Ctrl Pts',(16.80767716536,0.121368892610015,0.240716211460626));
#2727=CARTESIAN_POINT('Ctrl Pts',(16.80767716536,0.102331550582696,0.242368979299915));
#2728=CARTESIAN_POINT('Ctrl Pts',(16.80767716536,0.0832849735966434,0.244022548892031));
#2729=CARTESIAN_POINT('Ctrl Pts',(16.80767716536,0.0642340955343682,0.245533516279382));
#2730=CARTESIAN_POINT('Ctrl Pts',(16.80767716536,0.0452116778664539,0.246913635136815));
#2731=CARTESIAN_POINT('Ctrl Pts',(16.80767716536,0.0261203284144524,0.24829875514903));
#2732=CARTESIAN_POINT('Ctrl Pts',(16.80767716536,0.00705763707133167,0.249552091491392));
#2733=CARTESIAN_POINT('Ctrl Pts',(16.80767716536,-0.0119433644798278,0.250683030018587));
#2734=CARTESIAN_POINT('Ctrl Pts',(16.80767716536,-0.0310759755182841,0.25182180193495));
#2735=CARTESIAN_POINT('Ctrl Pts',(16.80767716536,-0.0501460348994526,0.252836490371394));
#2736=CARTESIAN_POINT('Ctrl Pts',(16.80767716536,-0.0691196754689646,0.253736986648683));
#2737=CARTESIAN_POINT('Ctrl Pts',(16.80767716536,-0.0881303729944224,0.25463924166335));
#2738=CARTESIAN_POINT('Ctrl Pts',(16.80767716536,-0.106826913507174,0.25542052207535));
#2739=CARTESIAN_POINT('Ctrl Pts',(16.80767716536,-0.126305307161179,0.256135370689313));
#2740=CARTESIAN_POINT('Ctrl Pts',(16.80767716536,-0.144768384046819,0.256812957617455));
#2741=CARTESIAN_POINT('Ctrl Pts',(16.80767716536,-0.163809973300524,0.257423000451475));
#2742=CARTESIAN_POINT('Ctrl Pts',(16.80767716536,-0.183491521362945,0.257960918136709));
#2743=CARTESIAN_POINT('Ctrl Pts',(16.80767716536,-0.201970299221881,0.258465962830364));
#2744=CARTESIAN_POINT('Ctrl Pts',(16.80767716536,-0.221013212477491,0.25890752203329));
#2745=CARTESIAN_POINT('Ctrl Pts',(16.80767716536,-0.240671660111807,0.259277820940608));
#2746=CARTESIAN_POINT('Ctrl Pts',(16.80767716536,-0.259168606502269,0.259626241078583));
#2747=CARTESIAN_POINT('Ctrl Pts',(16.80767716536,-0.278210510133772,0.259911637960241));
#2748=CARTESIAN_POINT('Ctrl Pts',(16.80767716536,-0.297840536917301,0.260124068617779));
#2749=CARTESIAN_POINT('Ctrl Pts',(16.80767716536,-0.316356221529295,0.26032444017612));
#2750=CARTESIAN_POINT('Ctrl Pts',(16.80767716536,-0.335395162707673,0.260459933796391));
#2751=CARTESIAN_POINT('Ctrl Pts',(16.80767716536,-0.354993738815933,0.260519299425814));
#2752=CARTESIAN_POINT('Ctrl Pts',(16.80767716536,-0.373527605266639,0.260575439965893));
#2753=CARTESIAN_POINT('Ctrl Pts',(16.80767716536,-0.392561988986503,0.260563767706973));
#2754=CARTESIAN_POINT('Ctrl Pts',(16.80767716536,-0.412127521645332,0.26046265965895));
#2755=CARTESIAN_POINT('Ctrl Pts',(16.80767716536,-0.430678135543652,0.260366796367437));
#2756=CARTESIAN_POINT('Ctrl Pts',(16.80767716536,-0.449706196038432,0.260190245787425));
#2757=CARTESIAN_POINT('Ctrl Pts',(16.80767716536,-0.469237663181803,0.259922771522659));
#2758=CARTESIAN_POINT('Ctrl Pts',(16.80767716536,-0.487802897396326,0.259668529363823));
#2759=CARTESIAN_POINT('Ctrl Pts',(16.80767716536,-0.506822963585373,0.259332127562637));
#2760=CARTESIAN_POINT('Ctrl Pts',(16.80767716536,-0.526320098088389,0.258904193456935));
#2761=CARTESIAN_POINT('Ctrl Pts',(16.80767716536,-0.562639218407261,0.258107040917872));
#2762=CARTESIAN_POINT('Ctrl Pts',(16.80767716536,-0.600613674730089,0.256991471819808));
#2763=CARTESIAN_POINT('Ctrl Pts',(16.80767716536,-0.64038782015271,0.255519319270706));
#2764=CARTESIAN_POINT('Ctrl Pts',(16.80767716536,-0.67681515867495,0.254171041421046));
#2765=CARTESIAN_POINT('Ctrl Pts',(16.80767716536,-0.714752134321459,0.252524152130764));
#2766=CARTESIAN_POINT('Ctrl Pts',(16.80767716536,-0.754309413876176,0.250537976221303));
#2767=CARTESIAN_POINT('Ctrl Pts',(16.80767716536,-0.790820542888532,0.248704747908137));
#2768=CARTESIAN_POINT('Ctrl Pts',(16.80767716536,-0.828712013486818,0.246582307553418));
#2769=CARTESIAN_POINT('Ctrl Pts',(16.80767716536,-0.868070994456409,0.244142177124944));
#2770=CARTESIAN_POINT('Ctrl Pts',(16.80767716536,-0.904644808487814,0.241874718102761));
#2771=CARTESIAN_POINT('Ctrl Pts',(16.80767716536,-0.942485807224088,0.239333056524681));
#2772=CARTESIAN_POINT('Ctrl Pts',(16.80767716536,-0.981663765213625,0.236491665238456));
#2773=CARTESIAN_POINT('Ctrl Pts',(16.80767716536,-1.01876796809687,0.233800673564439));
#2774=CARTESIAN_POINT('Ctrl Pts',(16.80767716536,-1.05696061575483,0.230845135720146));
#2775=CARTESIAN_POINT('Ctrl Pts',(16.80767716536,-1.09508229229153,0.227718603928067));
#2776=CARTESIAN_POINT('Ctrl Pts',(16.80767716536,-1.13263891333818,0.224638414902477));
#2777=CARTESIAN_POINT('Ctrl Pts',(16.80767716536,-1.17041110347053,0.221372346320181));
#2778=CARTESIAN_POINT('Ctrl Pts',(16.80767716536,-1.2083234021029,0.217937219751699));
#2779=CARTESIAN_POINT('Ctrl Pts',(16.80767716536,-1.24589755707188,0.214532731427901));
#2780=CARTESIAN_POINT('Ctrl Pts',(16.80767716536,-1.28360933414518,0.210962233421498));
#2781=CARTESIAN_POINT('Ctrl Pts',(16.80767716536,-1.32138534322539,0.207242947951447));
#2782=CARTESIAN_POINT('Ctrl Pts',(16.80767716536,-1.35897307181859,0.203542199878456));
#2783=CARTESIAN_POINT('Ctrl Pts',(16.80767716536,-1.39662439673319,0.199694178859185));
#2784=CARTESIAN_POINT('Ctrl Pts',(16.80767716536,-1.43426705126763,0.195716080689493));
#2785=CARTESIAN_POINT('Ctrl Pts',(16.80767716536,-1.47186663812204,0.191742533937898));
#2786=CARTESIAN_POINT('Ctrl Pts',(16.80767716536,-1.50945757797611,0.187639232837602));
#2787=CARTESIAN_POINT('Ctrl Pts',(16.80767716536,-1.54696782053755,0.183422965223009));
#2788=CARTESIAN_POINT('Ctrl Pts',(16.80767716536,-1.58457944956517,0.179195301455133));
#2789=CARTESIAN_POINT('Ctrl Pts',(16.80767716536,-1.62210994516291,0.174854077466644));
#2790=CARTESIAN_POINT('Ctrl Pts',(16.80767716536,-1.6594867514623,0.170416858579847));
#2791=CARTESIAN_POINT('Ctrl Pts',(16.80767716536,-1.69711260301489,0.165950074077081));
#2792=CARTESIAN_POINT('Ctrl Pts',(16.80767716536,-1.73458271456281,0.161386014276472));
#2793=CARTESIAN_POINT('Ctrl Pts',(16.80767716536,-1.77182283589614,0.15674069051908));
#2794=CARTESIAN_POINT('Ctrl Pts',(16.80767716536,-1.8094669905781,0.152044967739184));
#2795=CARTESIAN_POINT('Ctrl Pts',(16.80767716536,-1.84687613524682,0.147266219829508));
#2796=CARTESIAN_POINT('Ctrl Pts',(16.80767716536,-1.88397379921261,0.142422834530163));
#2797=CARTESIAN_POINT('Ctrl Pts',(16.80767716536,-1.922399596554,0.137406051205733));
#2798=CARTESIAN_POINT('Ctrl Pts',(16.80767716536,-1.95992951387586,0.13239232370072));
#2799=CARTESIAN_POINT('Ctrl Pts',(16.80767716536,-1.99593753194627,0.127486949426652));
#2800=CARTESIAN_POINT('Ctrl Pts',(16.80767716536,-2.03467319234983,0.122209988288132));
#2801=CARTESIAN_POINT('Ctrl Pts',(16.80767716536,-2.0718988717784,0.117025597514266));
#2802=CARTESIAN_POINT('Ctrl Pts',(16.80767716536,-2.10771021370207,0.111942556729269));
#2803=CARTESIAN_POINT('Ctrl Pts',(16.80767716536,-2.14652271891125,0.106433532594771));
#2804=CARTESIAN_POINT('Ctrl Pts',(16.80767716536,-2.18367392981231,0.101043847193053));
#2805=CARTESIAN_POINT('Ctrl Pts',(16.80767716536,-2.21928611719144,0.0957862579672377));
#2806=CARTESIAN_POINT('Ctrl Pts',(16.80767716536,-2.2581962636029,0.0900417760467676));
#2807=CARTESIAN_POINT('Ctrl Pts',(16.80767716536,-2.29526909571887,0.0844544817305662));
#2808=CARTESIAN_POINT('Ctrl Pts',(16.80767716536,-2.33066163435961,0.0790229046734066));
#2809=CARTESIAN_POINT('Ctrl Pts',(16.80767716536,-2.36968942933538,0.0730334367255512));
#2810=CARTESIAN_POINT('Ctrl Pts',(16.80767716536,-2.40667408760915,0.0672336990406075));
#2811=CARTESIAN_POINT('Ctrl Pts',(16.80767716536,-2.44182636265435,0.0616231483770831));
#2812=CARTESIAN_POINT('Ctrl Pts',(16.80767716536,-2.48098577910305,0.0553730297245381));
#2813=CARTESIAN_POINT('Ctrl Pts',(16.80767716536,-2.51787129414603,0.0493578540514045));
#2814=CARTESIAN_POINT('Ctrl Pts',(16.80767716536,-2.55277271876216,0.043568429274664));
#2815=CARTESIAN_POINT('Ctrl Pts',(16.80767716536,-2.59205666386285,0.0370520349556492));
#2816=CARTESIAN_POINT('Ctrl Pts',(16.80767716536,-2.62882676348535,0.0308200265121612));
#2817=CARTESIAN_POINT('Ctrl Pts',(16.80767716536,-2.66348889280878,0.0248214223075424));
#2818=CARTESIAN_POINT('Ctrl Pts',(16.80767716536,-2.70282375895657,0.0180141574894866));
#2819=CARTESIAN_POINT('Ctrl Pts',(16.80767716536,-2.73944535651381,0.0115165561993899));
#2820=CARTESIAN_POINT('Ctrl Pts',(16.80767716536,-2.77396612429063,0.00536448019048652));
#2821=CARTESIAN_POINT('',(16.80767716536,5.15679937269774,0.));
#2822=CARTESIAN_POINT('Origin',(13.69514435696,5.15679937269774,0.));
#2823=CARTESIAN_POINT('',(13.69514435696,-4.04107305606289,6.84613184098319E-6));
#2824=CARTESIAN_POINT('',(13.69514435696,-4.04107309396963,0.));
#2825=CARTESIAN_POINT('Ctrl Pts',(13.69514435696,-4.0410730560629,6.84613184098313E-6));
#2826=CARTESIAN_POINT('Ctrl Pts',(13.69514435696,-4.04107306869848,4.56408789404822E-6));
#2827=CARTESIAN_POINT('Ctrl Pts',(13.69514435696,-4.04107308133405,2.28204394707657E-6));
#2828=CARTESIAN_POINT('Ctrl Pts',(13.69514435696,-4.04107309396963,0.));
#2829=CARTESIAN_POINT('',(13.69514435696,-4.04110889614957,0.00848480497721653));
#2830=CARTESIAN_POINT('Ctrl Pts',(13.69514435696,-4.04110889614957,0.00848480497721653));
#2831=CARTESIAN_POINT('Ctrl Pts',(13.69514435696,-4.04110292784909,0.00707179132656884));
#2832=CARTESIAN_POINT('Ctrl Pts',(13.6951443569601,-4.04109695710506,0.0056588068856809));
#2833=CARTESIAN_POINT('Ctrl Pts',(13.6951443569601,-4.04108501053953,0.00283285133594831));
#2834=CARTESIAN_POINT('Ctrl Pts',(13.69514435696,-4.04107903458483,0.00141984872549798));
#2835=CARTESIAN_POINT('Ctrl Pts',(13.69514435696,-4.0410730560629,6.84613184098261E-6));
#2836=CARTESIAN_POINT('',(13.69514435696,1.43845548075724,0.));
#2837=CARTESIAN_POINT('Ctrl Pts',(13.69514435696,1.43845548075724,-9.56146797782492E-18));
#2838=CARTESIAN_POINT('Ctrl Pts',(13.69514435696,1.43845549105933,0.00634686969055811));
#2839=CARTESIAN_POINT('Ctrl Pts',(13.69514435696,1.43780680008068,0.0126992359451101));
#2840=CARTESIAN_POINT('Ctrl Pts',(13.69514435696,1.43378256871024,0.0329727296773709));
#2841=CARTESIAN_POINT('Ctrl Pts',(13.6951443569603,1.42831154797858,0.0458720786454756));
#2842=CARTESIAN_POINT('Ctrl Pts',(13.6951443569603,1.41152899913408,0.0763341845974611));
#2843=CARTESIAN_POINT('Ctrl Pts',(13.6951443569637,1.39694923980517,0.0941014505550897));
#2844=CARTESIAN_POINT('Ctrl Pts',(13.6951443569637,1.35390664753965,0.137623525844201));
#2845=CARTESIAN_POINT('Ctrl Pts',(13.69514435696,1.31731923680344,0.164831583957262));
#2846=CARTESIAN_POINT('Ctrl Pts',(13.69514435696,1.26237388038273,0.19527318172764));
#2847=CARTESIAN_POINT('Ctrl Pts',(13.69514435696,1.2175888835419,0.221145302028601));
#2848=CARTESIAN_POINT('Ctrl Pts',(13.69514435696,1.01978684204824,0.281924137680907));
#2849=CARTESIAN_POINT('Ctrl Pts',(13.69514435696,0.913292651931715,0.310932905649376));
#2850=CARTESIAN_POINT('Ctrl Pts',(13.69514435696,0.514598125889619,0.374522014746549));
#2851=CARTESIAN_POINT('Ctrl Pts',(13.69514435696,0.268896271068916,0.392009330037496));
#2852=CARTESIAN_POINT('Ctrl Pts',(13.69514435696,-0.488900977554799,0.416708672824194));
#2853=CARTESIAN_POINT('Ctrl Pts',(13.69514435696,-1.01414090936509,0.383742071429538));
#2854=CARTESIAN_POINT('Ctrl Pts',(13.69514435696,-1.80645870512979,0.320657725917533));
#2855=CARTESIAN_POINT('Ctrl Pts',(13.69514435696,-2.27214760312119,0.268656241518921));
#2856=CARTESIAN_POINT('Ctrl Pts',(13.69514435696,-3.33524888423024,0.129582432150184));
#2857=CARTESIAN_POINT('Ctrl Pts',(13.69514435696,-3.78792129825499,0.0526655356755239));
#2858=CARTESIAN_POINT('Ctrl Pts',(13.69514435696,-4.04110889614957,0.00848480497721667));
#2859=CARTESIAN_POINT('',(13.69514435696,5.15679937269774,0.));
#2860=CARTESIAN_POINT('Origin',(15.562664042,5.15679937269774,0.));
#2861=CARTESIAN_POINT('',(15.562664042,-3.30207993068225,0.00692794703206232));
#2862=CARTESIAN_POINT('',(15.562664042,-3.30216501485571,0.));
#2863=CARTESIAN_POINT('Ctrl Pts',(15.562664042,-3.30207993068225,0.00692794703206232));
#2864=CARTESIAN_POINT('Ctrl Pts',(15.562664042,-3.30209418341549,0.00576655297507528));
#2865=CARTESIAN_POINT('Ctrl Pts',(15.5626640419988,-3.30210844152729,0.00460515896087853));
#2866=CARTESIAN_POINT('Ctrl Pts',(15.5626640419988,-3.30213680103752,0.00229600652884322));
#2867=CARTESIAN_POINT('Ctrl Pts',(15.562664042,-3.30215090434155,0.00114808289618086));
#2868=CARTESIAN_POINT('Ctrl Pts',(15.562664042,-3.30216501485571,0.));
#2869=CARTESIAN_POINT('',(15.562664042,1.07865040933962,0.));
#2870=CARTESIAN_POINT('Ctrl Pts',(15.562664042,1.07865040933962,-3.96117959081318E-17));
#2871=CARTESIAN_POINT('Ctrl Pts',(15.562664042,1.07865042216972,0.00488318592136157));
#2872=CARTESIAN_POINT('Ctrl Pts',(15.562664042,1.0782073278557,0.00954745140652151));
#2873=CARTESIAN_POINT('Ctrl Pts',(15.562664042,1.0752129851205,0.0272690492355883));
#2874=CARTESIAN_POINT('Ctrl Pts',(15.5626640419948,1.07026132465265,0.0385822685369989));
#2875=CARTESIAN_POINT('Ctrl Pts',(15.5626640419948,1.05763961109874,0.062912209284576));
#2876=CARTESIAN_POINT('Ctrl Pts',(15.562664042,1.04593545670702,0.0779029648225034));
#2877=CARTESIAN_POINT('Ctrl Pts',(15.562664042,1.0120540621441,0.113585827129985));
#2878=CARTESIAN_POINT('Ctrl Pts',(15.562664042,0.983176067092643,0.136426642484844));
#2879=CARTESIAN_POINT('Ctrl Pts',(15.562664042,0.902686708408423,0.181533676728395));
#2880=CARTESIAN_POINT('Ctrl Pts',(15.562664042,0.852260235636568,0.198711010972547));
#2881=CARTESIAN_POINT('Ctrl Pts',(15.562664042,0.753341179815609,0.230445646766134));
#2882=CARTESIAN_POINT('Ctrl Pts',(15.562664042,0.667880350132866,0.254879801461544));
#2883=CARTESIAN_POINT('Ctrl Pts',(15.562664042,0.349173909036322,0.306456925682212));
#2884=CARTESIAN_POINT('Ctrl Pts',(15.562664042,0.151997064490617,0.319825675136428));
#2885=CARTESIAN_POINT('Ctrl Pts',(15.562664042,-0.272986984444612,0.331073597752538));
#2886=CARTESIAN_POINT('Ctrl Pts',(15.562664042,-0.61946618893183,0.327925004333035));
#2887=CARTESIAN_POINT('Ctrl Pts',(15.562664042,-1.505467793677,0.255893664048423));
#2888=CARTESIAN_POINT('Ctrl Pts',(15.562664042,-1.87858538838481,0.214233045327698));
#2889=CARTESIAN_POINT('Ctrl Pts',(15.562664042,-2.76382910688377,0.0991243710997688));
#2890=CARTESIAN_POINT('Ctrl Pts',(15.562664042,-3.09750975501266,0.0420752622213406));
#2891=CARTESIAN_POINT('Ctrl Pts',(15.562664042,-3.30207993068225,0.00692794703206229));
#2892=CARTESIAN_POINT('',(15.562664042,5.15679937269774,0.));
#2893=CARTESIAN_POINT('Origin',(14.31765091864,5.15679937269774,0.));
#2894=CARTESIAN_POINT('',(14.31765091864,-3.81625132586459,1.14301264880537E-5));
#2895=CARTESIAN_POINT('',(14.31765091864,-3.81625139891995,0.));
#2896=CARTESIAN_POINT('Ctrl Pts',(14.31765091864,-3.81625132586459,1.14301264880537E-5));
#2897=CARTESIAN_POINT('Ctrl Pts',(14.31765091864,-3.81625135021639,7.62008432535881E-6));
#2898=CARTESIAN_POINT('Ctrl Pts',(14.31765091864,-3.81625137456818,3.81004216235196E-6));
#2899=CARTESIAN_POINT('Ctrl Pts',(14.31765091864,-3.81625139891995,0.));
#2900=CARTESIAN_POINT('',(14.31765091864,-3.81628198118195,0.00801076673579044));
#2901=CARTESIAN_POINT('Ctrl Pts',(14.31765091864,-3.81628198118195,0.00801076673579044));
#2902=CARTESIAN_POINT('Ctrl Pts',(14.31765091864,-3.81627687652829,0.00667757508942232));
#2903=CARTESIAN_POINT('Ctrl Pts',(14.3176509186399,-3.81627176948075,0.00534433885038484));
#2904=CARTESIAN_POINT('Ctrl Pts',(14.3176509186399,-3.81626155086869,0.00267784814634621));
#2905=CARTESIAN_POINT('Ctrl Pts',(14.31765091864,-3.81625643947836,0.00134463913049328));
#2906=CARTESIAN_POINT('Ctrl Pts',(14.31765091864,-3.81625132586459,1.14301264880538E-5));
#2907=CARTESIAN_POINT('',(14.31765091864,1.18065353030709,0.));
#2908=CARTESIAN_POINT('Ctrl Pts',(14.31765091864,1.18065353030709,-2.18547839493141E-17));
#2909=CARTESIAN_POINT('Ctrl Pts',(14.31765091864,1.18065353458124,0.0066530720257785));
#2910=CARTESIAN_POINT('Ctrl Pts',(14.31765091864,1.17998950346944,0.0132950273649008));
#2911=CARTESIAN_POINT('Ctrl Pts',(14.31765091864,1.17868965038288,0.0200051755952815));
#2912=CARTESIAN_POINT('Ctrl Pts',(14.31765091864,1.17754458238911,0.0259162866673646));
#2913=CARTESIAN_POINT('Ctrl Pts',(14.31765091864,1.17584094842076,0.0322582864105125));
#2914=CARTESIAN_POINT('Ctrl Pts',(14.31765091864,1.17324739066601,0.0393470595612792));
#2915=CARTESIAN_POINT('Ctrl Pts',(14.31765091864,1.17115276098017,0.0450721507610366));
#2916=CARTESIAN_POINT('Ctrl Pts',(14.31765091864,1.16849273479364,0.0512093575005813));
#2917=CARTESIAN_POINT('Ctrl Pts',(14.31765091864,1.16511620438025,0.0577242624151807));
#2918=CARTESIAN_POINT('Ctrl Pts',(14.31765091864,1.16222396029503,0.063304752710872));
#2919=CARTESIAN_POINT('Ctrl Pts',(14.31765091864,1.15879230604362,0.0691641911981591));
#2920=CARTESIAN_POINT('Ctrl Pts',(14.31765091864,1.15492854822354,0.0750462291688162));
#2921=CARTESIAN_POINT('Ctrl Pts',(14.31765091864,1.15139694112674,0.0804226135096822));
#2922=CARTESIAN_POINT('Ctrl Pts',(14.31765091864,1.14748260501761,0.0858659355761345));
#2923=CARTESIAN_POINT('Ctrl Pts',(14.31765091864,1.14317897406864,0.0913524199472708));
#2924=CARTESIAN_POINT('Ctrl Pts',(14.31765091864,1.13918917407489,0.0964388168918929));
#2925=CARTESIAN_POINT('Ctrl Pts',(14.31765091864,1.13486502617372,0.101562319889603));
#2926=CARTESIAN_POINT('Ctrl Pts',(14.31765091864,1.13020544985314,0.106707202614048));
#2927=CARTESIAN_POINT('Ctrl Pts',(14.31765091864,1.12584947813598,0.111516859564373));
#2928=CARTESIAN_POINT('Ctrl Pts',(14.31765091864,1.12120939339455,0.116336811239943));
#2929=CARTESIAN_POINT('Ctrl Pts',(14.31765091864,1.11625382680728,0.121177830893477));
#2930=CARTESIAN_POINT('Ctrl Pts',(14.31765091864,1.11169376747813,0.125632485360328));
#2931=CARTESIAN_POINT('Ctrl Pts',(14.31765091864,1.10678403889059,0.130185217455019));
#2932=CARTESIAN_POINT('Ctrl Pts',(14.31765091864,1.10148987590664,0.134824718027359));
#2933=CARTESIAN_POINT('Ctrl Pts',(14.31765091864,1.09667112476723,0.139047594946155));
#2934=CARTESIAN_POINT('Ctrl Pts',(14.31765091864,1.09153405458185,0.143342894739038));
#2935=CARTESIAN_POINT('Ctrl Pts',(14.31765091864,1.08604112262415,0.147694236772257));
#2936=CARTESIAN_POINT('Ctrl Pts',(14.31765091864,1.08099980998528,0.151687819026153));
#2937=CARTESIAN_POINT('Ctrl Pts',(14.31765091864,1.07565869872286,0.155728765144258));
#2938=CARTESIAN_POINT('Ctrl Pts',(14.31765091864,1.06998384692671,0.159799583334267));
#2939=CARTESIAN_POINT('Ctrl Pts',(14.31765091864,1.05987327268265,0.167052338299958));
#2940=CARTESIAN_POINT('Ctrl Pts',(14.31765091864,1.04870441602875,0.174404402538812));
#2941=CARTESIAN_POINT('Ctrl Pts',(14.31765091864,1.03626097631165,0.181707632531158));
#2942=CARTESIAN_POINT('Ctrl Pts',(14.31765091864,1.02543031162552,0.188064302147528));
#2943=CARTESIAN_POINT('Ctrl Pts',(14.31765091864,1.01365207592207,0.194368223600629));
#2944=CARTESIAN_POINT('Ctrl Pts',(14.31765091864,1.00075139893646,0.200598797119578));
#2945=CARTESIAN_POINT('Ctrl Pts',(14.31765091864,0.989290810046578,0.206133858708086));
#2946=CARTESIAN_POINT('Ctrl Pts',(14.31765091864,0.976928698479969,0.211602249127654));
#2947=CARTESIAN_POINT('Ctrl Pts',(14.31765091864,0.964001428388114,0.216955360276364));
#2948=CARTESIAN_POINT('Ctrl Pts',(14.31765091864,0.951919470744317,0.221958432208929));
#2949=CARTESIAN_POINT('Ctrl Pts',(14.31765091864,0.939346393049004,0.22686665179294));
#2950=CARTESIAN_POINT('Ctrl Pts',(14.31765091864,0.926564818739382,0.231678512098803));
#2951=CARTESIAN_POINT('Ctrl Pts',(14.31765091864,0.914083188543106,0.236377452889588));
#2952=CARTESIAN_POINT('Ctrl Pts',(14.31765091864,0.90140273476594,0.240987781687087));
#2953=CARTESIAN_POINT('Ctrl Pts',(14.31765091864,0.88874696825553,0.245400193640151));
#2954=CARTESIAN_POINT('Ctrl Pts',(14.31765091864,0.875916373964014,0.249873559008439));
#2955=CARTESIAN_POINT('Ctrl Pts',(14.31765091864,0.863111618128891,0.254143186251244));
#2956=CARTESIAN_POINT('Ctrl Pts',(14.31765091864,0.850586280971975,0.258143552744869));
#2957=CARTESIAN_POINT('Ctrl Pts',(14.31765091864,0.837342972163963,0.262373226418049));
#2958=CARTESIAN_POINT('Ctrl Pts',(14.31765091864,0.824412106963387,0.266301567121166));
#2959=CARTESIAN_POINT('Ctrl Pts',(14.31765091864,0.812100314017317,0.269873699366419));
#2960=CARTESIAN_POINT('Ctrl Pts',(14.31765091864,0.799270023547922,0.27359626800467));
#2961=CARTESIAN_POINT('Ctrl Pts',(14.31765091864,0.786419568452084,0.277137994674396));
#2962=CARTESIAN_POINT('Ctrl Pts',(14.31765091864,0.773318376335503,0.280579521162708));
#2963=CARTESIAN_POINT('Ctrl Pts',(14.31765091864,0.760453236413766,0.283959039562447));
#2964=CARTESIAN_POINT('Ctrl Pts',(14.31765091864,0.747431240531888,0.287217274557227));
#2965=CARTESIAN_POINT('Ctrl Pts',(14.31765091864,0.734293634798874,0.290365763137712));
#2966=CARTESIAN_POINT('Ctrl Pts',(14.31765091864,0.721323882718338,0.293474024806327));
#2967=CARTESIAN_POINT('Ctrl Pts',(14.31765091864,0.708241420400024,0.29647548384363));
#2968=CARTESIAN_POINT('Ctrl Pts',(14.31765091864,0.695083393969523,0.299371959315056));
#2969=CARTESIAN_POINT('Ctrl Pts',(14.31765091864,0.6820252420655,0.302246449413699));
#2970=CARTESIAN_POINT('Ctrl Pts',(14.31765091864,0.668892693302268,0.305017584877926));
#2971=CARTESIAN_POINT('Ctrl Pts',(14.31765091864,0.655722593215017,0.30768950408077));
#2972=CARTESIAN_POINT('Ctrl Pts',(14.31765091864,0.642586151723508,0.310354594706177));
#2973=CARTESIAN_POINT('Ctrl Pts',(14.31765091864,0.629412328700043,0.31292101930459));
#2974=CARTESIAN_POINT('Ctrl Pts',(14.31765091864,0.616236625225367,0.315387033758432));
#2975=CARTESIAN_POINT('Ctrl Pts',(14.31765091864,0.603028275837307,0.317859158344793));
#2976=CARTESIAN_POINT('Ctrl Pts',(14.31765091864,0.589818051966064,0.32023038808617));
#2977=CARTESIAN_POINT('Ctrl Pts',(14.31765091864,0.57664227996249,0.322500835169805));
#2978=CARTESIAN_POINT('Ctrl Pts',(14.31765091864,0.549911850109271,0.327107018890052));
#2979=CARTESIAN_POINT('Ctrl Pts',(14.31765091864,0.52332314662989,0.331297112886774));
#2980=CARTESIAN_POINT('Ctrl Pts',(14.31765091864,0.497184760592427,0.335102678325976));
#2981=CARTESIAN_POINT('Ctrl Pts',(14.31765091864,0.470749991534867,0.338951395051429));
#2982=CARTESIAN_POINT('Ctrl Pts',(14.31765091864,0.44419352827643,0.342493783782326));
#2983=CARTESIAN_POINT('Ctrl Pts',(14.31765091864,0.417449203958547,0.345766806919061));
#2984=CARTESIAN_POINT('Ctrl Pts',(14.31765091864,0.390941535496712,0.349010867645563));
#2985=CARTESIAN_POINT('Ctrl Pts',(14.31765091864,0.364282651670774,0.351985494773966));
#2986=CARTESIAN_POINT('Ctrl Pts',(14.31765091864,0.337508289839227,0.354712548905474));
#2987=CARTESIAN_POINT('Ctrl Pts',(14.31765091864,0.31091346570588,0.357421316549905));
#2988=CARTESIAN_POINT('Ctrl Pts',(14.31765091864,0.284204687278783,0.359885876444641));
#2989=CARTESIAN_POINT('Ctrl Pts',(14.31765091864,0.257416422727946,0.36212430549888));
#2990=CARTESIAN_POINT('Ctrl Pts',(14.31765091864,0.230749933697764,0.364352558983028));
#2991=CARTESIAN_POINT('Ctrl Pts',(14.31765091864,0.204004673427918,0.366356769571897));
#2992=CARTESIAN_POINT('Ctrl Pts',(14.31765091864,0.177214510893117,0.368153233889521));
#2993=CARTESIAN_POINT('Ctrl Pts',(14.31765091864,0.150487789289238,0.369945444057191));
#2994=CARTESIAN_POINT('Ctrl Pts',(14.31765091864,0.123716374729243,0.371530918145797));
#2995=CARTESIAN_POINT('Ctrl Pts',(14.31765091864,0.0969338991916205,0.37292469138709));
#2996=CARTESIAN_POINT('Ctrl Pts',(14.31765091864,0.0701554446282038,0.374318255374902));
#2997=CARTESIAN_POINT('Ctrl Pts',(14.31765091864,0.0433659407788643,0.375520197948244));
#2998=CARTESIAN_POINT('Ctrl Pts',(14.31765091864,0.0165991329293819,0.376546871447869));
#2999=CARTESIAN_POINT('Ctrl Pts',(14.31765091864,-0.0102247712549628,0.377575734946925));
#3000=CARTESIAN_POINT('Ctrl Pts',(14.31765091864,-0.0370259088320731,0.378428590184981));
#3001=CARTESIAN_POINT('Ctrl Pts',(14.31765091864,-0.0637703931001253,0.379115137449411));
#3002=CARTESIAN_POINT('Ctrl Pts',(14.31765091864,-0.0906355758553447,0.37980478311781));
#3003=CARTESIAN_POINT('Ctrl Pts',(14.31765091864,-0.117443542468802,0.380326661049639));
#3004=CARTESIAN_POINT('Ctrl Pts',(14.31765091864,-0.144159612708398,0.380702856080256));
#3005=CARTESIAN_POINT('Ctrl Pts',(14.31765091864,-0.169968813853105,0.381066281281933));
#3006=CARTESIAN_POINT('Ctrl Pts',(14.31765091864,-0.196684380008754,0.381308081508218));
#3007=CARTESIAN_POINT('Ctrl Pts',(14.31765091864,-0.22455601242474,0.381419228937492));
#3008=CARTESIAN_POINT('Ctrl Pts',(14.31765091864,-0.250393691645045,0.381522265300088));
#3009=CARTESIAN_POINT('Ctrl Pts',(14.31765091864,-0.277173638950538,0.381512330800144));
#3010=CARTESIAN_POINT('Ctrl Pts',(14.31765091864,-0.30495066731655,0.381380654542702));
#3011=CARTESIAN_POINT('Ctrl Pts',(14.31765091864,-0.330863716237614,0.381257814429791));
#3012=CARTESIAN_POINT('Ctrl Pts',(14.31765091864,-0.357644555324003,0.381029419583633));
#3013=CARTESIAN_POINT('Ctrl Pts',(14.31765091864,-0.385337807608111,0.380676902156203));
#3014=CARTESIAN_POINT('Ctrl Pts',(14.31765091864,-0.411314424044805,0.380346236407535));
#3015=CARTESIAN_POINT('Ctrl Pts',(14.31765091864,-0.438093846984025,0.379906349038318));
#3016=CARTESIAN_POINT('Ctrl Pts',(14.31765091864,-0.465712819188291,0.379340375071821));
#3017=CARTESIAN_POINT('Ctrl Pts',(14.31765091864,-0.491742984282021,0.378806959285102));
#3018=CARTESIAN_POINT('Ctrl Pts',(14.31765091864,-0.518518876333087,0.378161441221515));
#3019=CARTESIAN_POINT('Ctrl Pts',(14.31765091864,-0.54607126234224,0.377392097934504));
#3020=CARTESIAN_POINT('Ctrl Pts',(14.31765091864,-0.572146601003794,0.376663998134031));
#3021=CARTESIAN_POINT('Ctrl Pts',(14.31765091864,-0.59891740985617,0.375824972629501));
#3022=CARTESIAN_POINT('Ctrl Pts',(14.31765091864,-0.626409786581849,0.374865556608414));
#3023=CARTESIAN_POINT('Ctrl Pts',(14.31765091864,-0.677407045658276,0.373085878267845));
#3024=CARTESIAN_POINT('Ctrl Pts',(14.31765091864,-0.730887130422532,0.370891683354725));
#3025=CARTESIAN_POINT('Ctrl Pts',(14.31765091864,-0.78701646991526,0.368218616455498));
#3026=CARTESIAN_POINT('Ctrl Pts',(14.31765091864,-0.838265947987839,0.365777944880229));
#3027=CARTESIAN_POINT('Ctrl Pts',(14.31765091864,-0.891724067621695,0.362938135816814));
#3028=CARTESIAN_POINT('Ctrl Pts',(14.31765091864,-0.947517292832982,0.359647702620825));
#3029=CARTESIAN_POINT('Ctrl Pts',(14.31765091864,-0.998961003770021,0.356613784191642));
#3030=CARTESIAN_POINT('Ctrl Pts',(14.31765091864,-1.05238992538712,0.353196737289978));
#3031=CARTESIAN_POINT('Ctrl Pts',(14.31765091864,-1.1079031571314,0.349357205133687));
#3032=CARTESIAN_POINT('Ctrl Pts',(14.31765091864,-1.15949828944791,0.345788665464625));
#3033=CARTESIAN_POINT('Ctrl Pts',(14.31765091864,-1.21289390139609,0.341855239391273));
#3034=CARTESIAN_POINT('Ctrl Pts',(14.31765091864,-1.26816944272465,0.337524551258521));
#3035=CARTESIAN_POINT('Ctrl Pts',(14.31765091864,-1.31988397022278,0.333472858861774));
#3036=CARTESIAN_POINT('Ctrl Pts',(14.31765091864,-1.3732440088636,0.329073469275623));
#3037=CARTESIAN_POINT('Ctrl Pts',(14.31765091864,-1.42831458822121,0.324300068706871));
#3038=CARTESIAN_POINT('Ctrl Pts',(14.31765091864,-1.48131421463268,0.319706173930257));
#3039=CARTESIAN_POINT('Ctrl Pts',(14.31765091864,-1.53472265019409,0.31486739808768));
#3040=CARTESIAN_POINT('Ctrl Pts',(14.31765091864,-1.58833899719684,0.309812450335567));
#3041=CARTESIAN_POINT('Ctrl Pts',(14.31765091864,-1.64143736208764,0.304806337923023));
#3042=CARTESIAN_POINT('Ctrl Pts',(14.31765091864,-1.69477192367787,0.299585467405606));
#3043=CARTESIAN_POINT('Ctrl Pts',(14.31765091864,-1.74824419463115,0.294170358798159));
#3044=CARTESIAN_POINT('Ctrl Pts',(14.31765091864,-1.80140302121777,0.288786992535998));
#3045=CARTESIAN_POINT('Ctrl Pts',(14.31765091864,-1.85469795098914,0.283211699565028));
#3046=CARTESIAN_POINT('Ctrl Pts',(14.31765091864,-1.90803224658665,0.277464913350009));
#3047=CARTESIAN_POINT('Ctrl Pts',(14.31765091864,-1.96124940007038,0.271730749232595));
#3048=CARTESIAN_POINT('Ctrl Pts',(14.31765091864,-2.01450574926961,0.265825873363522));
#3049=CARTESIAN_POINT('Ctrl Pts',(14.31765091864,-2.06770522928876,0.259770860638342));
#3050=CARTESIAN_POINT('Ctrl Pts',(14.31765091864,-2.12098100907358,0.253707163691966));
#3051=CARTESIAN_POINT('Ctrl Pts',(14.31765091864,-2.17419975943097,0.247492917767074));
#3052=CARTESIAN_POINT('Ctrl Pts',(14.31765091864,-2.22726495834156,0.241148371044162));
#3053=CARTESIAN_POINT('Ctrl Pts',(14.31765091864,-2.2806019203027,0.234771331964543));
#3054=CARTESIAN_POINT('Ctrl Pts',(14.31765091864,-2.33378375486407,0.228262665845493));
#3055=CARTESIAN_POINT('Ctrl Pts',(14.31765091864,-2.38671248890081,0.221643243682344));
#3056=CARTESIAN_POINT('Ctrl Pts',(14.31765091864,-2.44011563359201,0.21496449033628));
#3057=CARTESIAN_POINT('Ctrl Pts',(14.31765091864,-2.49326112193289,0.208172983013229));
#3058=CARTESIAN_POINT('Ctrl Pts',(14.31765091864,-2.54604816395148,0.201288949208631));
#3059=CARTESIAN_POINT('Ctrl Pts',(14.31765091864,-2.59989284969892,0.194266986569529));
#3060=CARTESIAN_POINT('Ctrl Pts',(14.31765091864,-2.65371426837097,0.187099461092985));
#3061=CARTESIAN_POINT('Ctrl Pts',(14.31765091864,-2.70527085284401,0.180105247413703));
#3062=CARTESIAN_POINT('Ctrl Pts',(14.31765091864,-2.76040999070035,0.172625021246658));
#3063=CARTESIAN_POINT('Ctrl Pts',(14.31765091864,-2.81340996841879,0.165286329789232));
#3064=CARTESIAN_POINT('Ctrl Pts',(14.31765091864,-2.86437896964342,0.15810340386336));
#3065=CARTESIAN_POINT('Ctrl Pts',(14.31765091864,-2.91972345939847,0.15030385196389));
#3066=CARTESIAN_POINT('Ctrl Pts',(14.31765091864,-2.97267333881978,0.142688264255226));
#3067=CARTESIAN_POINT('Ctrl Pts',(14.31765091864,-3.02336756263009,0.135275820964479));
#3068=CARTESIAN_POINT('Ctrl Pts',(14.31765091864,-3.07897704891357,0.127144674405332));
#3069=CARTESIAN_POINT('Ctrl Pts',(14.31765091864,-3.1318722140602,0.11925743295435));
#3070=CARTESIAN_POINT('Ctrl Pts',(14.31765091864,-3.18223386555681,0.111619836239342));
#3071=CARTESIAN_POINT('Ctrl Pts',(14.31765091864,-3.2381896996111,0.103133853717755));
#3072=CARTESIAN_POINT('Ctrl Pts',(14.31765091864,-3.29101798207781,0.0949565160637391));
#3073=CARTESIAN_POINT('Ctrl Pts',(14.31765091864,-3.34096687515231,0.0870963910256837));
#3074=CARTESIAN_POINT('Ctrl Pts',(14.31765091864,-3.39738621794932,0.078218054356882));
#3075=CARTESIAN_POINT('Ctrl Pts',(14.31765091864,-3.45013200447882,0.0697453078498381));
#3076=CARTESIAN_POINT('Ctrl Pts',(14.31765091864,-3.49956127198358,0.0616868235390514));
#3077=CARTESIAN_POINT('Ctrl Pts',(14.31765091864,-3.55661795620755,0.0523848367232417));
#3078=CARTESIAN_POINT('Ctrl Pts',(14.31765091864,-3.60925490572824,0.0436294892976993));
#3079=CARTESIAN_POINT('Ctrl Pts',(14.31765091864,-3.65800585459662,0.0353494566537718));
#3080=CARTESIAN_POINT('Ctrl Pts',(14.31765091864,-3.71593757560677,0.0255101293746662));
#3081=CARTESIAN_POINT('Ctrl Pts',(14.31765091864,-3.76838562747978,0.0163663979964159));
#3082=CARTESIAN_POINT('Ctrl Pts',(14.31765091864,-3.81628198118195,0.00801076673579036));
#3083=CARTESIAN_POINT('',(14.31765091864,5.15679937269774,0.));
#3084=CARTESIAN_POINT('Origin',(16.18517060368,5.15679937269774,0.));
#3085=CARTESIAN_POINT('',(16.18517060368,-3.03793529307347,0.00624532239837938));
#3086=CARTESIAN_POINT('',(16.18517060368,-3.03799196681982,0.));
#3087=CARTESIAN_POINT('Ctrl Pts',(16.18517060368,-3.03793529307347,0.00624532239837938));
#3088=CARTESIAN_POINT('Ctrl Pts',(16.18517060368,-3.0379447612217,0.00520088560539385));
#3089=CARTESIAN_POINT('Ctrl Pts',(16.1851706036816,-3.03795423622171,0.00415622900820012));
#3090=CARTESIAN_POINT('Ctrl Pts',(16.1851706036816,-3.0379731295179,0.00207423664209788));
#3091=CARTESIAN_POINT('Ctrl Pts',(16.18517060368,-3.0379825457786,0.00103711754170248));
#3092=CARTESIAN_POINT('Ctrl Pts',(16.18517060368,-3.03799196681982,0.));
#3093=CARTESIAN_POINT('',(16.18517060368,1.06373327671151,0.));
#3094=CARTESIAN_POINT('Ctrl Pts',(16.18517060368,1.06373327671151,1.91229359556498E-16));
#3095=CARTESIAN_POINT('Ctrl Pts',(16.18517060368,1.06373328403368,0.00264244838702693));
#3096=CARTESIAN_POINT('Ctrl Pts',(16.18517060368,1.06356939419304,0.00507121011665649));
#3097=CARTESIAN_POINT('Ctrl Pts',(16.18517060368,1.06249196093516,0.0147195330376112));
#3098=CARTESIAN_POINT('Ctrl Pts',(16.1851706036819,1.06032709865946,0.023070817491651));
#3099=CARTESIAN_POINT('Ctrl Pts',(16.1851706036819,1.05043530797937,0.0442348577030949));
#3100=CARTESIAN_POINT('Ctrl Pts',(16.18517060368,1.04259469988697,0.0555286577927389));
#3101=CARTESIAN_POINT('Ctrl Pts',(16.18517060368,1.01589859495803,0.0856346132493587));
#3102=CARTESIAN_POINT('Ctrl Pts',(16.18517060368,0.994298759468606,0.102765353052105));
#3103=CARTESIAN_POINT('Ctrl Pts',(16.18517060368,0.929034819254948,0.145662149687011));
#3104=CARTESIAN_POINT('Ctrl Pts',(16.18517060368,0.884884987218282,0.161996491257816));
#3105=CARTESIAN_POINT('Ctrl Pts',(16.18517060368,0.753439795970142,0.203596043141332));
#3106=CARTESIAN_POINT('Ctrl Pts',(16.18517060368,0.676981543564901,0.221889514155676));
#3107=CARTESIAN_POINT('Ctrl Pts',(16.18517060368,0.408992317861536,0.267463717481462));
#3108=CARTESIAN_POINT('Ctrl Pts',(16.18517060368,0.225305085841765,0.282211110000662));
#3109=CARTESIAN_POINT('Ctrl Pts',(16.18517060368,-0.356211355842274,0.307231887850443));
#3110=CARTESIAN_POINT('Ctrl Pts',(16.18517060368,-0.75342605207433,0.283470495993567));
#3111=CARTESIAN_POINT('Ctrl Pts',(16.18517060368,-1.32795434723138,0.240858596705607));
#3112=CARTESIAN_POINT('Ctrl Pts',(16.18517060368,-1.68508400830978,0.20199270383471));
#3113=CARTESIAN_POINT('Ctrl Pts',(16.18517060368,-2.4940968418435,0.0982897401526996));
#3114=CARTESIAN_POINT('Ctrl Pts',(16.18517060368,-2.84259351919926,0.039920172256632));
#3115=CARTESIAN_POINT('Ctrl Pts',(16.18517060368,-3.03793529307347,0.00624532239837937));
#3116=CARTESIAN_POINT('',(16.18517060368,5.15679937269774,0.));
#3117=CARTESIAN_POINT('Origin',(12.4501312336,5.15679937269774,0.));
#3118=CARTESIAN_POINT('',(12.4501312336,-4.43029546738824,0.00930362011485448));
#3119=CARTESIAN_POINT('',(12.4501312336,-4.43031983801619,0.));
#3120=CARTESIAN_POINT('Ctrl Pts',(12.4501312336,-4.43029546738824,0.00930362011485448));
#3121=CARTESIAN_POINT('Ctrl Pts',(12.4501312336,-4.43029952706306,0.00775253651771562));
#3122=CARTESIAN_POINT('Ctrl Pts',(12.4501312335999,-4.4303035884157,0.00620145292628012));
#3123=CARTESIAN_POINT('Ctrl Pts',(12.4501312335999,-4.43031171190662,0.00310026676332405));
#3124=CARTESIAN_POINT('Ctrl Pts',(12.4501312336,-4.43031577409767,0.0015501432626902));
#3125=CARTESIAN_POINT('Ctrl Pts',(12.4501312336,-4.43031983801619,0.));
#3126=CARTESIAN_POINT('',(12.4501312336,1.47677326035638,0.));
#3127=CARTESIAN_POINT('Ctrl Pts',(12.4501312336,1.47677326035638,5.1905111879621E-17));
#3128=CARTESIAN_POINT('Ctrl Pts',(12.4501312336,1.47677327517937,0.00812772847881606));
#3129=CARTESIAN_POINT('Ctrl Pts',(12.4501312336,1.47586732785504,0.0166851344464123));
#3130=CARTESIAN_POINT('Ctrl Pts',(12.4501312336,1.47063242003412,0.0396938735003809));
#3131=CARTESIAN_POINT('Ctrl Pts',(12.4501312335997,1.46468343810461,0.0549893737333663));
#3132=CARTESIAN_POINT('Ctrl Pts',(12.4501312335997,1.44182404459687,0.0943462190661065));
#3133=CARTESIAN_POINT('Ctrl Pts',(12.450131233596,1.42349563832652,0.115801041900265));
#3134=CARTESIAN_POINT('Ctrl Pts',(12.450131233596,1.37853989575368,0.159272436632838));
#3135=CARTESIAN_POINT('Ctrl Pts',(12.4501312336,1.33873627354346,0.192237433862814));
#3136=CARTESIAN_POINT('Ctrl Pts',(12.4501312336,1.22241317179775,0.250156553481496));
#3137=CARTESIAN_POINT('Ctrl Pts',(12.4501312336,1.15388928507978,0.273698497304753));
#3138=CARTESIAN_POINT('Ctrl Pts',(12.4501312336,1.04898280778031,0.307102413792779));
#3139=CARTESIAN_POINT('Ctrl Pts',(12.4501312336,0.930633303422849,0.342851006984932));
#3140=CARTESIAN_POINT('Ctrl Pts',(12.4501312336,0.486044946186533,0.414491345903361));
#3141=CARTESIAN_POINT('Ctrl Pts',(12.4501312336,0.220977858920338,0.432549650081351));
#3142=CARTESIAN_POINT('Ctrl Pts',(12.4501312336,-0.598866268316605,0.454736855155427));
#3143=CARTESIAN_POINT('Ctrl Pts',(12.4501312336,-1.20774156670319,0.412400546079605));
#3144=CARTESIAN_POINT('Ctrl Pts',(12.4501312336,-2.01756035666634,0.346158172109582));
#3145=CARTESIAN_POINT('Ctrl Pts',(12.4501312336,-2.51931465512727,0.289790820158671));
#3146=CARTESIAN_POINT('Ctrl Pts',(12.4501312336,-3.65574560189453,0.140975520571487));
#3147=CARTESIAN_POINT('Ctrl Pts',(12.4501312336,-4.13885248451993,0.0598393845804284));
#3148=CARTESIAN_POINT('Ctrl Pts',(12.4501312336,-4.43029546738825,0.00930362011485448));
#3149=CARTESIAN_POINT('',(12.4501312336,5.15679937269774,0.));
#3150=CARTESIAN_POINT('Origin',(18.05269028872,5.15679937269774,0.));
#3151=CARTESIAN_POINT('',(18.05269028872,-2.24550261290237,0.00329672389492795));
#3152=CARTESIAN_POINT('',(18.05269028872,-2.24547386213239,0.));
#3153=CARTESIAN_POINT('Ctrl Pts',(18.05269028872,-2.24550261290237,0.00329672389492797));
#3154=CARTESIAN_POINT('Ctrl Pts',(18.05269028872,-2.24549760699502,0.00272152148151318));
#3155=CARTESIAN_POINT('Ctrl Pts',(18.0526902886895,-2.24549257786538,0.00214427756027497));
#3156=CARTESIAN_POINT('Ctrl Pts',(18.0526902886895,-2.24548297725168,0.00104352970929991));
#3157=CARTESIAN_POINT('Ctrl Pts',(18.05269028872,-2.24547842125385,0.000521686747047832));
#3158=CARTESIAN_POINT('Ctrl Pts',(18.05269028872,-2.24547386213239,6.14665798574459E-18));
#3159=CARTESIAN_POINT('',(18.05269028872,-0.364260286804285,0.));
#3160=CARTESIAN_POINT('Ctrl Pts',(18.05269028872,-0.364260286804285,-3.00503279303069E-17));
#3161=CARTESIAN_POINT('Ctrl Pts',(18.05269028872,-0.364260282594147,0.00108380564610962));
#3162=CARTESIAN_POINT('Ctrl Pts',(18.05269028872,-0.364294005607314,0.00208719041880838));
#3163=CARTESIAN_POINT('Ctrl Pts',(18.05269028872,-0.364635968596225,0.00811307503173372));
#3164=CARTESIAN_POINT('Ctrl Pts',(18.05269028872,-0.365684102236316,0.014967546160347));
#3165=CARTESIAN_POINT('Ctrl Pts',(18.05269028872,-0.372539044919093,0.0315189450830539));
#3166=CARTESIAN_POINT('Ctrl Pts',(18.05269028872,-0.377577736461145,0.0399937677474704));
#3167=CARTESIAN_POINT('Ctrl Pts',(18.05269028872,-0.398209314430475,0.0648285478193752));
#3168=CARTESIAN_POINT('Ctrl Pts',(18.05269028872,-0.413389506602044,0.0748662070222832));
#3169=CARTESIAN_POINT('Ctrl Pts',(18.05269028872,-0.437350196055075,0.0893312119237805));
#3170=CARTESIAN_POINT('Ctrl Pts',(18.05269028872,-0.460635665082601,0.100164569794203));
#3171=CARTESIAN_POINT('Ctrl Pts',(18.05269028872,-0.524260385721147,0.122316791766476));
#3172=CARTESIAN_POINT('Ctrl Pts',(18.05269028872,-0.566366301207619,0.131403258570704));
#3173=CARTESIAN_POINT('Ctrl Pts',(18.05269028872,-0.699509009532715,0.152339836419342));
#3174=CARTESIAN_POINT('Ctrl Pts',(18.05269028872,-0.793960756698004,0.153179272171871));
#3175=CARTESIAN_POINT('Ctrl Pts',(18.05269028872,-0.944130335740164,0.15218087168345));
#3176=CARTESIAN_POINT('Ctrl Pts',(18.0526902887197,-1.09774739474779,0.14782943957695));
#3177=CARTESIAN_POINT('Ctrl Pts',(18.0526902887197,-1.50254750089006,0.11037251841441));
#3178=CARTESIAN_POINT('Ctrl Pts',(18.05269028872,-1.84051321904244,0.0743284363267421));
#3179=CARTESIAN_POINT('Ctrl Pts',(18.05269028872,-2.24550261290237,0.00329672389492772));
#3180=CARTESIAN_POINT('',(18.05269028872,5.15679937269774,0.));
#3181=CARTESIAN_POINT('Origin',(17.43018372704,5.15679937269774,0.));
#3182=CARTESIAN_POINT('',(17.43018372704,-2.50964566928886,0.000187643230189993));
#3183=CARTESIAN_POINT('',(17.43018372704,-2.50966367936759,0.));
#3184=CARTESIAN_POINT('Ctrl Pts',(17.43018372704,-2.50964566928885,0.000187643230189992));
#3185=CARTESIAN_POINT('Ctrl Pts',(17.43018372704,-2.50965167269231,0.000125095479943818));
#3186=CARTESIAN_POINT('Ctrl Pts',(17.43018372704,-2.50965767605293,6.25477257255771E-5));
#3187=CARTESIAN_POINT('Ctrl Pts',(17.43018372704,-2.50966367936759,0.));
#3188=CARTESIAN_POINT('',(17.43018372704,-2.50974336841405,0.00435392078564614));
#3189=CARTESIAN_POINT('Ctrl Pts',(17.43018372704,-2.50974336841405,0.00435392078564614));
#3190=CARTESIAN_POINT('Ctrl Pts',(17.43018372704,-2.5097271028036,0.00365959493937565));
#3191=CARTESIAN_POINT('Ctrl Pts',(17.4301837270388,-2.50971082748705,0.00296520291934584));
#3192=CARTESIAN_POINT('Ctrl Pts',(17.4301837270388,-2.50967825955988,0.00157637744793453));
#3193=CARTESIAN_POINT('Ctrl Pts',(17.43018372704,-2.50966196850288,0.000882010246966599));
#3194=CARTESIAN_POINT('Ctrl Pts',(17.43018372704,-2.50964566928885,0.000187643230189991));
#3195=CARTESIAN_POINT('',(17.43018372704,0.244160468762367,0.));
#3196=CARTESIAN_POINT('Ctrl Pts',(17.43018372704,0.244160468762369,-1.24299083711724E-16));
#3197=CARTESIAN_POINT('Ctrl Pts',(17.43018372704,0.244160462747171,0.00177455136581913));
#3198=CARTESIAN_POINT('Ctrl Pts',(17.43018372704,0.244077331262872,0.00341928800780036));
#3199=CARTESIAN_POINT('Ctrl Pts',(17.43018372704,0.243231838249004,0.0133402125859135));
#3200=CARTESIAN_POINT('Ctrl Pts',(17.4301837270377,0.240840181700936,0.0208767713615566));
#3201=CARTESIAN_POINT('Ctrl Pts',(17.4301837270377,0.233110330270213,0.0387539067888917));
#3202=CARTESIAN_POINT('Ctrl Pts',(17.43018372704,0.225897924318985,0.0490829926742875));
#3203=CARTESIAN_POINT('Ctrl Pts',(17.43018372704,0.207570927738307,0.0712562677762272));
#3204=CARTESIAN_POINT('Ctrl Pts',(17.43018372704,0.191634020236821,0.0856451367464224));
#3205=CARTESIAN_POINT('Ctrl Pts',(17.43018372704,0.164182568686888,0.103728154579804));
#3206=CARTESIAN_POINT('Ctrl Pts',(17.43018372704,0.13969071772774,0.119169983960618));
#3207=CARTESIAN_POINT('Ctrl Pts',(17.43018372704,0.0428083319536433,0.154452555323583));
#3208=CARTESIAN_POINT('Ctrl Pts',(17.43018372704,-0.0109351893781706,0.169488771505409));
#3209=CARTESIAN_POINT('Ctrl Pts',(17.43018372704,-0.220217790212748,0.20609678359154));
#3210=CARTESIAN_POINT('Ctrl Pts',(17.43018372704,-0.355228960400255,0.211158965767052));
#3211=CARTESIAN_POINT('Ctrl Pts',(17.43018372704,-0.572935051590961,0.215133385713612));
#3212=CARTESIAN_POINT('Ctrl Pts',(17.43018372704,-0.787957483452862,0.215257358472778));
#3213=CARTESIAN_POINT('Ctrl Pts',(17.43018372704,-1.80967647092785,0.129917045130506));
#3214=CARTESIAN_POINT('Ctrl Pts',(17.43018372704,-2.4213407765295,0.0200500412505473));
#3215=CARTESIAN_POINT('Ctrl Pts',(17.43018372704,-2.50974336841405,0.00435392078564614));
#3216=CARTESIAN_POINT('',(17.43018372704,5.15679937269774,0.));
#3217=CARTESIAN_POINT('Origin',(14.94015748032,5.15679937269774,0.));
#3218=CARTESIAN_POINT('',(14.94015748032,-3.56632904204667,0.0074928026707838));
#3219=CARTESIAN_POINT('',(14.94015748032,-3.56633755310025,0.));
#3220=CARTESIAN_POINT('Ctrl Pts',(14.94015748032,-3.56632904204668,0.00749280267078381));
#3221=CARTESIAN_POINT('Ctrl Pts',(14.94015748032,-3.5663304607478,0.0062427084686488));
#3222=CARTESIAN_POINT('Ctrl Pts',(14.94015748032,-3.5663318800401,0.00499265664198514));
#3223=CARTESIAN_POINT('Ctrl Pts',(14.94015748032,-3.56633471701305,0.0024950974975425));
#3224=CARTESIAN_POINT('Ctrl Pts',(14.94015748032,-3.56633613473815,0.00124754878143455));
#3225=CARTESIAN_POINT('Ctrl Pts',(14.94015748032,-3.56633755310025,0.));
#3226=CARTESIAN_POINT('',(14.94015748032,1.04083839989486,0.));
#3227=CARTESIAN_POINT('Ctrl Pts',(14.94015748032,1.04083839989486,4.09777199049639E-17));
#3228=CARTESIAN_POINT('Ctrl Pts',(14.94015748032,1.04083840690117,0.00613317339310338));
#3229=CARTESIAN_POINT('Ctrl Pts',(14.94015748032,1.04027235006923,0.0122557571178966));
#3230=CARTESIAN_POINT('Ctrl Pts',(14.94015748032,1.03916318425882,0.0184394503697772));
#3231=CARTESIAN_POINT('Ctrl Pts',(14.94015748032,1.03823177262371,0.0236321490525812));
#3232=CARTESIAN_POINT('Ctrl Pts',(14.94015748032,1.03691742486403,0.0292054479295658));
#3233=CARTESIAN_POINT('Ctrl Pts',(14.94015748032,1.03448400238713,0.0363532903623168));
#3234=CARTESIAN_POINT('Ctrl Pts',(14.94015748032,1.03274456470308,0.0414626483160328));
#3235=CARTESIAN_POINT('Ctrl Pts',(14.94015748032,1.03046139932699,0.0471862988813211));
#3236=CARTESIAN_POINT('Ctrl Pts',(14.94015748032,1.02741214710343,0.0534747545291722));
#3237=CARTESIAN_POINT('Ctrl Pts',(14.94015748032,1.02494878696125,0.0585549282449255));
#3238=CARTESIAN_POINT('Ctrl Pts',(14.94015748032,1.02193152237614,0.0640808954600545));
#3239=CARTESIAN_POINT('Ctrl Pts',(14.94015748032,1.01846342927404,0.0696970490662837));
#3240=CARTESIAN_POINT('Ctrl Pts',(14.94015748032,1.01535590364753,0.0747293076418235));
#3241=CARTESIAN_POINT('Ctrl Pts',(14.94015748032,1.01189133470214,0.0798456838210615));
#3242=CARTESIAN_POINT('Ctrl Pts',(14.94015748032,1.00805512210819,0.0850252316051108));
#3243=CARTESIAN_POINT('Ctrl Pts',(14.94015748032,1.00451749980098,0.0898016310702955));
#3244=CARTESIAN_POINT('Ctrl Pts',(14.94015748032,1.00066403520069,0.0946317896807757));
#3245=CARTESIAN_POINT('Ctrl Pts',(14.94015748032,0.996485937604551,0.099501649562165));
#3246=CARTESIAN_POINT('Ctrl Pts',(14.94015748032,0.992601074390763,0.104029724618856));
#3247=CARTESIAN_POINT('Ctrl Pts',(14.94015748032,0.988435670908363,0.108592402329512));
#3248=CARTESIAN_POINT('Ctrl Pts',(14.94015748032,0.983978331427193,0.113174524193581));
#3249=CARTESIAN_POINT('Ctrl Pts',(14.94015748032,0.979762089532836,0.117508798989105));
#3250=CARTESIAN_POINT('Ctrl Pts',(14.94015748032,0.975215978741144,0.121918895220283));
#3251=CARTESIAN_POINT('Ctrl Pts',(14.94015748032,0.970682610806634,0.126088043469198));
#3252=CARTESIAN_POINT('Ctrl Pts',(14.94015748032,0.966044636432769,0.130353393870633));
#3253=CARTESIAN_POINT('Ctrl Pts',(14.94015748032,0.961379943621142,0.134415187929512));
#3254=CARTESIAN_POINT('Ctrl Pts',(14.94015748032,0.956720672653971,0.138277453276665));
#3255=CARTESIAN_POINT('Ctrl Pts',(14.94015748032,0.951848365611835,0.142316313171726));
#3256=CARTESIAN_POINT('Ctrl Pts',(14.94015748032,0.946982007341766,0.146136950074195));
#3257=CARTESIAN_POINT('Ctrl Pts',(14.94015748032,0.942160076442635,0.149744700790284));
#3258=CARTESIAN_POINT('Ctrl Pts',(14.94015748032,0.931571378891009,0.157667124809511));
#3259=CARTESIAN_POINT('Ctrl Pts',(14.94015748032,0.921195701594405,0.164561377736317));
#3260=CARTESIAN_POINT('Ctrl Pts',(14.94015748032,0.911456537221913,0.170496396902573));
#3261=CARTESIAN_POINT('Ctrl Pts',(14.94015748032,0.899369477068879,0.17786221710318));
#3262=CARTESIAN_POINT('Ctrl Pts',(14.94015748032,0.888273017540676,0.183763680248339));
#3263=CARTESIAN_POINT('Ctrl Pts',(14.94015748032,0.879007400792761,0.188407051743051));
#3264=CARTESIAN_POINT('Ctrl Pts',(14.94015748032,0.869620412410199,0.193111247422912));
#3265=CARTESIAN_POINT('Ctrl Pts',(14.94015748032,0.862517213404355,0.196434816943728));
#3266=CARTESIAN_POINT('Ctrl Pts',(14.94015748032,0.851567169912388,0.201264686979562));
#3267=CARTESIAN_POINT('Ctrl Pts',(14.94015748032,0.849576654813648,0.202142667897019));
#3268=CARTESIAN_POINT('Ctrl Pts',(14.94015748032,0.847508497116802,0.203045033335443));
#3269=CARTESIAN_POINT('Ctrl Pts',(14.94015748032,0.845364504964527,0.203970216449685));
#3270=CARTESIAN_POINT('Ctrl Pts',(14.94015748032,0.835485758385701,0.208233128286799));
#3271=CARTESIAN_POINT('Ctrl Pts',(14.94015748032,0.823993513686686,0.212970960690226));
#3272=CARTESIAN_POINT('Ctrl Pts',(14.94015748032,0.811069189917832,0.21804828976188));
#3273=CARTESIAN_POINT('Ctrl Pts',(14.94015748032,0.800447528451858,0.222221016437176));
#3274=CARTESIAN_POINT('Ctrl Pts',(14.94015748032,0.788861600318828,0.22663264767872));
#3275=CARTESIAN_POINT('Ctrl Pts',(14.94015748032,0.776387449198488,0.231147276227646));
#3276=CARTESIAN_POINT('Ctrl Pts',(14.94015748032,0.765379550926349,0.235131240452837));
#3277=CARTESIAN_POINT('Ctrl Pts',(14.94015748032,0.753679565854506,0.239193714120532));
#3278=CARTESIAN_POINT('Ctrl Pts',(14.94015748032,0.741347667796578,0.243257246913897));
#3279=CARTESIAN_POINT('Ctrl Pts',(14.94015748032,0.730068624245431,0.246973849429795));
#3280=CARTESIAN_POINT('Ctrl Pts',(14.94015748032,0.718260995783153,0.250691388073669));
#3281=CARTESIAN_POINT('Ctrl Pts',(14.94015748032,0.705971964080913,0.254351916722057));
#3282=CARTESIAN_POINT('Ctrl Pts',(14.94015748032,0.694485985109818,0.257773240394842));
#3283=CARTESIAN_POINT('Ctrl Pts',(14.94015748032,0.682579516657382,0.261143864137115));
#3284=CARTESIAN_POINT('Ctrl Pts',(14.94015748032,0.670299558313074,0.264448984339458));
#3285=CARTESIAN_POINT('Ctrl Pts',(14.94015748032,0.658878062957539,0.26752305136657));
#3286=CARTESIAN_POINT('Ctrl Pts',(14.94015748032,0.647206352461999,0.270527876150119));
#3287=CARTESIAN_POINT('Ctrl Pts',(14.94015748032,0.63438985895171,0.273675904373374));
#3288=CARTESIAN_POINT('Ctrl Pts',(14.94015748032,0.623111581976448,0.276446110920064));
#3289=CARTESIAN_POINT('Ctrl Pts',(14.94015748032,0.611094847187793,0.279286556626783));
#3290=CARTESIAN_POINT('Ctrl Pts',(14.94015748032,0.598300799950553,0.282172865236697));
#3291=CARTESIAN_POINT('Ctrl Pts',(14.94015748032,0.586853196878952,0.284755419036581));
#3292=CARTESIAN_POINT('Ctrl Pts',(14.94015748032,0.574783259978531,0.287374597975467));
#3293=CARTESIAN_POINT('Ctrl Pts',(14.94015748032,0.562063090592702,0.290013469490194));
#3294=CARTESIAN_POINT('Ctrl Pts',(14.94015748032,0.550487614258007,0.292414867918352));
#3295=CARTESIAN_POINT('Ctrl Pts',(14.94015748032,0.538373675781119,0.294832733608145));
#3296=CARTESIAN_POINT('Ctrl Pts',(14.94015748032,0.525699385177086,0.297250174039045));
#3297=CARTESIAN_POINT('Ctrl Pts',(14.94015748032,0.514022968719789,0.299477284187751));
#3298=CARTESIAN_POINT('Ctrl Pts',(14.94015748032,0.5018709556371,0.301704003382197));
#3299=CARTESIAN_POINT('Ctrl Pts',(14.94015748032,0.489226273475045,0.303916671039591));
#3300=CARTESIAN_POINT('Ctrl Pts',(14.94015748032,0.466451353290865,0.307902008800194));
#3301=CARTESIAN_POINT('Ctrl Pts',(14.94015748032,0.442078015055689,0.311840607456958));
#3302=CARTESIAN_POINT('Ctrl Pts',(14.94015748032,0.41600954329646,0.315668169956946));
#3303=CARTESIAN_POINT('Ctrl Pts',(14.94015748032,0.392748118603743,0.319083581403864));
#3304=CARTESIAN_POINT('Ctrl Pts',(14.94015748032,0.367648617583041,0.322467794656338));
#3305=CARTESIAN_POINT('Ctrl Pts',(14.94015748032,0.342514754764019,0.32554711070351));
#3306=CARTESIAN_POINT('Ctrl Pts',(14.94015748032,0.317838377010595,0.328570377224431));
#3307=CARTESIAN_POINT('Ctrl Pts',(14.94015748032,0.293235368764877,0.331300874265234));
#3308=CARTESIAN_POINT('Ctrl Pts',(14.94015748032,0.268814404119132,0.333767956358502));
#3309=CARTESIAN_POINT('Ctrl Pts',(14.94015748032,0.243970652282071,0.336277749733821));
#3310=CARTESIAN_POINT('Ctrl Pts',(14.94015748032,0.219315292691682,0.338515004340098));
#3311=CARTESIAN_POINT('Ctrl Pts',(14.94015748032,0.19496243873575,0.340508288145211));
#3312=CARTESIAN_POINT('Ctrl Pts',(14.94015748032,0.16994754821121,0.342555759717105));
#3313=CARTESIAN_POINT('Ctrl Pts',(14.94015748032,0.145251850525445,0.344345907695658));
#3314=CARTESIAN_POINT('Ctrl Pts',(14.94015748032,0.120999123746616,0.345911218011775));
#3315=CARTESIAN_POINT('Ctrl Pts',(14.94015748032,0.0957932137712977,0.347538048317138));
#3316=CARTESIAN_POINT('Ctrl Pts',(14.94015748032,0.0710657775767933,0.348922079132975));
#3317=CARTESIAN_POINT('Ctrl Pts',(14.94015748032,0.0469556775355289,0.350099074939042));
#3318=CARTESIAN_POINT('Ctrl Pts',(14.94015748032,0.0215141525597447,0.351341067636924));
#3319=CARTESIAN_POINT('Ctrl Pts',(14.94015748032,-0.00323995560518459,0.352352685983682));
#3320=CARTESIAN_POINT('Ctrl Pts',(14.94015748032,-0.0271434642534759,0.353177933416967));
#3321=CARTESIAN_POINT('Ctrl Pts',(14.94015748032,-0.0529118856659644,0.354067565309229));
#3322=CARTESIAN_POINT('Ctrl Pts',(14.94015748032,-0.077691861895397,0.354740313214199));
#3323=CARTESIAN_POINT('Ctrl Pts',(14.94015748032,-0.101279155702187,0.355240507963707));
#3324=CARTESIAN_POINT('Ctrl Pts',(14.94015748032,-0.127575133033374,0.355798143354268));
#3325=CARTESIAN_POINT('Ctrl Pts',(14.94015748032,-0.152388687640235,0.356142497617554));
#3326=CARTESIAN_POINT('Ctrl Pts',(14.94015748032,-0.17543642657254,0.356349682201442));
#3327=CARTESIAN_POINT('Ctrl Pts',(14.94015748032,-0.202279287916708,0.356590982533519));
#3328=CARTESIAN_POINT('Ctrl Pts',(14.94015748032,-0.225374977276215,0.356652805069266));
#3329=CARTESIAN_POINT('Ctrl Pts',(14.94015748032,-0.249602716365139,0.356616070197782));
#3330=CARTESIAN_POINT('Ctrl Pts',(14.94015748032,-0.273102955759828,0.356580438384561));
#3331=CARTESIAN_POINT('Ctrl Pts',(14.94015748032,-0.297801589082202,0.356434799226923));
#3332=CARTESIAN_POINT('Ctrl Pts',(14.94015748032,-0.32376926479206,0.356167444063276));
#3333=CARTESIAN_POINT('Ctrl Pts',(14.94015748032,-0.347419265121175,0.355923950969058));
#3334=CARTESIAN_POINT('Ctrl Pts',(14.94015748032,-0.372121927920899,0.355580109445656));
#3335=CARTESIAN_POINT('Ctrl Pts',(14.94015748032,-0.397930795623895,0.355115218128356));
#3336=CARTESIAN_POINT('Ctrl Pts',(14.94015748032,-0.42169641059212,0.354687131620409));
#3337=CARTESIAN_POINT('Ctrl Pts',(14.94015748032,-0.446400014979861,0.354156394315027));
#3338=CARTESIAN_POINT('Ctrl Pts',(14.94015748032,-0.472083419910105,0.353505353572334));
#3339=CARTESIAN_POINT('Ctrl Pts',(14.94015748032,-0.49594026813324,0.352900613654566));
#3340=CARTESIAN_POINT('Ctrl Pts',(14.94015748032,-0.520642508707286,0.352192033857188));
#3341=CARTESIAN_POINT('Ctrl Pts',(14.94015748032,-0.546223649434721,0.351365392878425));
#3342=CARTESIAN_POINT('Ctrl Pts',(14.94015748032,-0.570153795005772,0.350592102931445));
#3343=CARTESIAN_POINT('Ctrl Pts',(14.94015748032,-0.594853053714415,0.34971548186331));
#3344=CARTESIAN_POINT('Ctrl Pts',(14.94015748032,-0.620348849160789,0.34872380943445));
#3345=CARTESIAN_POINT('Ctrl Pts',(14.94015748032,-0.667022356924016,0.346908418700541));
#3346=CARTESIAN_POINT('Ctrl Pts',(14.94015748032,-0.716365236566798,0.344707217979916));
#3347=CARTESIAN_POINT('Ctrl Pts',(14.94015748032,-0.768545629713005,0.342047636284853));
#3348=CARTESIAN_POINT('Ctrl Pts',(14.94015748032,-0.815571848689382,0.339650757617665));
#3349=CARTESIAN_POINT('Ctrl Pts',(14.94015748032,-0.864902718956141,0.336881632349646));
#3350=CARTESIAN_POINT('Ctrl Pts',(14.94015748032,-0.916661079285367,0.333684799341806));
#3351=CARTESIAN_POINT('Ctrl Pts',(14.94015748032,-0.963946045382049,0.330764263617124));
#3352=CARTESIAN_POINT('Ctrl Pts',(14.94015748032,-1.01325702070891,0.327486732914656));
#3353=CARTESIAN_POINT('Ctrl Pts',(14.94015748032,-1.06468759122151,0.3238104208778));
#3354=CARTESIAN_POINT('Ctrl Pts',(14.94015748032,-1.11216772503078,0.320416490270091));
#3355=CARTESIAN_POINT('Ctrl Pts',(14.94015748032,-1.16145434580016,0.316682731320703));
#3356=CARTESIAN_POINT('Ctrl Pts',(14.94015748032,-1.21262099139394,0.312575879290933));
#3357=CARTESIAN_POINT('Ctrl Pts',(14.94015748032,-1.26025158568685,0.308752845738881));
#3358=CARTESIAN_POINT('Ctrl Pts',(14.94015748032,-1.30951133293171,0.30460653028779));
#3359=CARTESIAN_POINT('Ctrl Pts',(14.94015748032,-1.36045951678325,0.300110258429546));
#3360=CARTESIAN_POINT('Ctrl Pts',(14.94015748032,-1.40895529669217,0.295830415774437));
#3361=CARTESIAN_POINT('Ctrl Pts',(14.94015748032,-1.45903923971389,0.291222264295991));
#3362=CARTESIAN_POINT('Ctrl Pts',(14.94015748032,-1.50820290926676,0.286524151109068));
#3363=CARTESIAN_POINT('Ctrl Pts',(14.94015748032,-1.55776607356471,0.281787861936766));
#3364=CARTESIAN_POINT('Ctrl Pts',(14.94015748032,-1.60700341118926,0.27690804412086));
#3365=CARTESIAN_POINT('Ctrl Pts',(14.94015748032,-1.65585173295257,0.271910989701254));
#3366=CARTESIAN_POINT('Ctrl Pts',(14.94015748032,-1.70546010629381,0.266836184010785));
#3367=CARTESIAN_POINT('Ctrl Pts',(14.94015748032,-1.75466726934717,0.261640465767167));
#3368=CARTESIAN_POINT('Ctrl Pts',(14.94015748032,-1.80340695310183,0.256349265743487));
#3369=CARTESIAN_POINT('Ctrl Pts',(14.94015748032,-1.85306985469003,0.25095784081381));
#3370=CARTESIAN_POINT('Ctrl Pts',(14.94015748032,-1.90224740286399,0.245467284055479));
#3371=CARTESIAN_POINT('Ctrl Pts',(14.94015748032,-1.95086942374134,0.23990314405592));
#3372=CARTESIAN_POINT('Ctrl Pts',(14.94015748032,-2.00059910504574,0.234212247134768));
#3373=CARTESIAN_POINT('Ctrl Pts',(14.94015748032,-2.04974766264362,0.228444360082425));
#3374=CARTESIAN_POINT('Ctrl Pts',(14.94015748032,-2.09823978250938,0.222624489799236));
#3375=CARTESIAN_POINT('Ctrl Pts',(14.94015748032,-2.14805234454677,0.216646144238484));
#3376=CARTESIAN_POINT('Ctrl Pts',(14.94015748032,-2.19717223326951,0.210612951686461));
#3377=CARTESIAN_POINT('Ctrl Pts',(14.94015748032,-2.24551781109701,0.204551977767859));
#3378=CARTESIAN_POINT('Ctrl Pts',(14.94015748032,-2.29543512238374,0.19829395923977));
#3379=CARTESIAN_POINT('Ctrl Pts',(14.94015748032,-2.34452695693791,0.192006263847132));
#3380=CARTESIAN_POINT('Ctrl Pts',(14.94015748032,-2.39270296543282,0.185715095420948));
#3381=CARTESIAN_POINT('Ctrl Pts',(14.94015748032,-2.44275508279895,0.179178931253866));
#3382=CARTESIAN_POINT('Ctrl Pts',(14.94015748032,-2.49181865709241,0.172639080394385));
#3383=CARTESIAN_POINT('Ctrl Pts',(14.94015748032,-2.53979280992738,0.166128600557891));
#3384=CARTESIAN_POINT('Ctrl Pts',(14.94015748032,-2.5900236687823,0.159311867496034));
#3385=CARTESIAN_POINT('Ctrl Pts',(14.94015748032,-2.63906018636164,0.152527111785138));
#3386=CARTESIAN_POINT('Ctrl Pts',(14.94015748032,-2.68678536099455,0.145804058959874));
#3387=CARTESIAN_POINT('Ctrl Pts',(14.94015748032,-2.73726062895415,0.138693600056959));
#3388=CARTESIAN_POINT('Ctrl Pts',(14.94015748032,-2.7862690986397,0.131652524529173));
#3389=CARTESIAN_POINT('Ctrl Pts',(14.94015748032,-2.83367435061125,0.124730325037538));
#3390=CARTESIAN_POINT('Ctrl Pts',(14.94015748032,-2.88450248468638,0.117308310192712));
#3391=CARTESIAN_POINT('Ctrl Pts',(14.94015748032,-2.93348743769661,0.110022142563124));
#3392=CARTESIAN_POINT('Ctrl Pts',(14.94015748032,-2.98045792469792,0.10291214321004));
#3393=CARTESIAN_POINT('Ctrl Pts',(14.94015748032,-3.03182875873471,0.0951360561373473));
#3394=CARTESIAN_POINT('Ctrl Pts',(14.94015748032,-3.08079010606411,0.0875716644628994));
#3395=CARTESIAN_POINT('Ctrl Pts',(14.94015748032,-3.12712196774814,0.0802989322261902));
#3396=CARTESIAN_POINT('Ctrl Pts',(14.94015748032,-3.17942634001733,0.0720886924366217));
#3397=CARTESIAN_POINT('Ctrl Pts',(14.94015748032,-3.22837962390567,0.0642501768355224));
#3398=CARTESIAN_POINT('Ctrl Pts',(14.94015748032,-3.27366475524431,0.0568934922035259));
#3399=CARTESIAN_POINT('Ctrl Pts',(14.94015748032,-3.32791801586087,0.0480799121869654));
#3400=CARTESIAN_POINT('Ctrl Pts',(14.94015748032,-3.37690539194783,0.0399511874783808));
#3401=CARTESIAN_POINT('Ctrl Pts',(14.94015748032,-3.42007344053586,0.0326481719151545));
#3402=CARTESIAN_POINT('Ctrl Pts',(14.94015748032,-3.48085521490364,0.022365329426612));
#3403=CARTESIAN_POINT('Ctrl Pts',(14.94015748032,-3.53011007821191,0.0137815218949016));
#3404=CARTESIAN_POINT('Ctrl Pts',(14.94015748032,-3.56632904204668,0.00749280267078356));
#3405=CARTESIAN_POINT('',(14.94015748032,5.15679937269774,0.));
#3406=CARTESIAN_POINT('Origin',(10.5471203104961,-1.98129921259843,2.4286940041868));
#3407=CARTESIAN_POINT('',(18.6751968503937,-1.98129921259843,0.));
#3408=CARTESIAN_POINT('',(2.34687089002755E-15,-1.98129921259843,0.524452426791375));
#3409=CARTESIAN_POINT('Ctrl Pts',(18.6751968503937,-1.98129921259843,0.));
#3410=CARTESIAN_POINT('Ctrl Pts',(18.6739612971826,-1.98129921259843,0.000158781189951261));
#3411=CARTESIAN_POINT('Ctrl Pts',(18.6727086676502,-1.98129921259842,0.000296623753544162));
#3412=CARTESIAN_POINT('Ctrl Pts',(18.6717311752482,-1.98129921259842,0.00042141572544007));
#3413=CARTESIAN_POINT('Ctrl Pts',(18.6711600299167,-1.98129921259842,0.000494331230480248));
#3414=CARTESIAN_POINT('Ctrl Pts',(18.6696051315711,-1.98129921259843,0.000708106882155404));
#3415=CARTESIAN_POINT('Ctrl Pts',(18.6684324715216,-1.98129921259843,0.000838586509809633));
#3416=CARTESIAN_POINT('Ctrl Pts',(18.6674574492619,-1.98129921259843,0.000947075360806618));
#3417=CARTESIAN_POINT('Ctrl Pts',(18.6662753803862,-1.98129921259842,0.00106048870564615));
#3418=CARTESIAN_POINT('Ctrl Pts',(18.6649470370736,-1.98129921259842,0.00122476042795347));
#3419=CARTESIAN_POINT('Ctrl Pts',(18.6646030251732,-1.98129921259842,0.00126730321553296));
#3420=CARTESIAN_POINT('Ctrl Pts',(18.6641968733617,-1.98129921259843,0.0013176200690034));
#3421=CARTESIAN_POINT('Ctrl Pts',(18.6639211567261,-1.98129921259843,0.00137512471836552));
#3422=CARTESIAN_POINT('Ctrl Pts',(18.6629718211111,-1.98129921259843,0.00157312224411307));
#3423=CARTESIAN_POINT('Ctrl Pts',(18.662509348022,-1.98129921259843,0.0016358309971455));
#3424=CARTESIAN_POINT('Ctrl Pts',(18.6617802819751,-1.98129921259843,0.00171027797827816));
#3425=CARTESIAN_POINT('Ctrl Pts',(18.6605978272586,-1.98129921259843,0.00183102174948747));
#3426=CARTESIAN_POINT('Ctrl Pts',(18.6589752179929,-1.98129921259843,0.00197738231918129));
#3427=CARTESIAN_POINT('Ctrl Pts',(18.6565216535433,-1.98129921259843,0.00218982560001209));
#3428=CARTESIAN_POINT('Ctrl Pts',(18.6543145573272,-1.98129921259843,0.00238092828791506));
#3429=CARTESIAN_POINT('Ctrl Pts',(18.6511488484746,-1.98129921259842,0.00265951228117769));
#3430=CARTESIAN_POINT('Ctrl Pts',(18.6478832586532,-1.98129921259842,0.00295356403553467));
#3431=CARTESIAN_POINT('Ctrl Pts',(18.6374325928226,-1.98129921259842,0.00389459974113067));
#3432=CARTESIAN_POINT('Ctrl Pts',(18.6274718840791,-1.98129921259843,0.00484044848701936));
#3433=CARTESIAN_POINT('Ctrl Pts',(18.616621327174,-1.98129921259843,0.0058717783078435));
#3434=CARTESIAN_POINT('Ctrl Pts',(18.6131843117046,-1.98129921259843,0.00619846168264298));
#3435=CARTESIAN_POINT('Ctrl Pts',(18.6096267673404,-1.98129921259843,0.00653707389029653));
#3436=CARTESIAN_POINT('Ctrl Pts',(18.6059656415466,-1.98129921259843,0.00688478305440731));
#3437=CARTESIAN_POINT('Ctrl Pts',(18.5971010157651,-1.98129921259843,0.00772668573524635));
#3438=CARTESIAN_POINT('Ctrl Pts',(18.5876290909924,-1.98129921259843,0.00862150163627114));
#3439=CARTESIAN_POINT('Ctrl Pts',(18.5777906678778,-1.98129921259843,0.00953136800850449));
#3440=CARTESIAN_POINT('Ctrl Pts',(18.5649236167172,-1.98129921259843,0.0107213246737701));
#3441=CARTESIAN_POINT('Ctrl Pts',(18.5516029444377,-1.98129921259843,0.0119190845699761));
#3442=CARTESIAN_POINT('Ctrl Pts',(18.5385736883688,-1.98129921259843,0.013049931289849));
#3443=CARTESIAN_POINT('Ctrl Pts',(18.5313755661266,-1.98129921259843,0.0136746770837604));
#3444=CARTESIAN_POINT('Ctrl Pts',(18.5242190875155,-1.98129921259843,0.0142842174161716));
#3445=CARTESIAN_POINT('Ctrl Pts',(18.5167880677143,-1.98129921259843,0.0149047669353198));
#3446=CARTESIAN_POINT('Ctrl Pts',(18.5107807716918,-1.98129921259843,0.0154064241449468));
#3447=CARTESIAN_POINT('Ctrl Pts',(18.5045997193946,-1.98129921259843,0.0159145595916027));
#3448=CARTESIAN_POINT('Ctrl Pts',(18.4982808689487,-1.98129921259843,0.0164255083484096));
#3449=CARTESIAN_POINT('Ctrl Pts',(18.4715313559145,-1.98129921259843,0.0185885015300184));
#3450=CARTESIAN_POINT('Ctrl Pts',(18.442311507348,-1.98129921259843,0.0207908257805149));
#3451=CARTESIAN_POINT('Ctrl Pts',(18.4133594384781,-1.98129921259843,0.022860699247229));
#3452=CARTESIAN_POINT('Ctrl Pts',(18.3812988157428,-1.98129921259843,0.0251528128997656));
#3453=CARTESIAN_POINT('Ctrl Pts',(18.3495674287612,-1.98129921259843,0.0272931410318993));
#3454=CARTESIAN_POINT('Ctrl Pts',(18.3218884306684,-1.98129921259843,0.0291245338988055));
#3455=CARTESIAN_POINT('Ctrl Pts',(18.2944869928706,-1.98129921259843,0.0309375618688822));
#3456=CARTESIAN_POINT('Ctrl Pts',(18.27105715577,-1.98129921259843,0.0324499208149368));
#3457=CARTESIAN_POINT('Ctrl Pts',(18.2552084637392,-1.98129921259843,0.0334709740739046));
#3458=CARTESIAN_POINT('Ctrl Pts',(18.250701899126,-1.98129921259843,0.0337613098616237));
#3459=CARTESIAN_POINT('Ctrl Pts',(18.2466826781033,-1.98129921259843,0.034019796718942));
#3460=CARTESIAN_POINT('Ctrl Pts',(18.2425056739774,-1.98129921259843,0.034288119795769));
#3461=CARTESIAN_POINT('Ctrl Pts',(18.236181718492,-1.98129921259843,0.0346943590865179));
#3462=CARTESIAN_POINT('Ctrl Pts',(18.2299123593226,-1.98129921259842,0.0350963128842109));
#3463=CARTESIAN_POINT('Ctrl Pts',(18.2236956760426,-1.98129921259842,0.0354944169590675));
#3464=CARTESIAN_POINT('Ctrl Pts',(18.1871103321566,-1.98129921259843,0.0378372698639074));
#3465=CARTESIAN_POINT('Ctrl Pts',(18.1523494505413,-1.98129921259843,0.0400486087406375));
#3466=CARTESIAN_POINT('Ctrl Pts',(18.1190193664779,-1.98129921259843,0.0421814922118776));
#3467=CARTESIAN_POINT('Ctrl Pts',(18.0803517779542,-1.98129921259843,0.0446559372291224));
#3468=CARTESIAN_POINT('Ctrl Pts',(18.0436098648336,-1.98129921259843,0.0470235947509203));
#3469=CARTESIAN_POINT('Ctrl Pts',(18.0081770433564,-1.98129921259843,0.0493367626022683));
#3470=CARTESIAN_POINT('Ctrl Pts',(17.9676601031186,-1.98129921259843,0.0519818379783144));
#3471=CARTESIAN_POINT('Ctrl Pts',(17.9288548189338,-1.98129921259843,0.0545546862420167));
#3472=CARTESIAN_POINT('Ctrl Pts',(17.8908385826756,-1.98129921259843,0.0571218344434629));
#3473=CARTESIAN_POINT('Ctrl Pts',(17.8819833159333,-1.98129921259843,0.0577198100541059));
#3474=CARTESIAN_POINT('Ctrl Pts',(17.8731708072516,-1.98129921259843,0.0583166706139802));
#3475=CARTESIAN_POINT('Ctrl Pts',(17.8643893790427,-1.98129921259843,0.0589130104953679));
#3476=CARTESIAN_POINT('Ctrl Pts',(17.8126227268573,-1.98129921259843,0.0624284431208548));
#3477=CARTESIAN_POINT('Ctrl Pts',(17.7619361108292,-1.98129921259843,0.0659248968122114));
#3478=CARTESIAN_POINT('Ctrl Pts',(17.709937792125,-1.98129921259843,0.0695332738071438));
#3479=CARTESIAN_POINT('Ctrl Pts',(17.6512129507794,-1.98129921259843,0.0736084318473144));
#3480=CARTESIAN_POINT('Ctrl Pts',(17.590815283052,-1.98129921259843,0.0778292865210929));
#3481=CARTESIAN_POINT('Ctrl Pts',(17.5252997915223,-1.98129921259843,0.0823887425104104));
#3482=CARTESIAN_POINT('Ctrl Pts',(17.5005316627758,-1.98129921259843,0.0841124446504813));
#3483=CARTESIAN_POINT('Ctrl Pts',(17.4750320595022,-1.98129921259843,0.0858841642989589));
#3484=CARTESIAN_POINT('Ctrl Pts',(17.4486147621944,-1.98129921259843,0.0877131154274328));
#3485=CARTESIAN_POINT('Ctrl Pts',(17.41339977395,-1.98129921259843,0.0901511578864355));
#3486=CARTESIAN_POINT('Ctrl Pts',(17.3765501899012,-1.98129921259843,0.0926915248373559));
#3487=CARTESIAN_POINT('Ctrl Pts',(17.337636300319,-1.98129921259843,0.0953500468996976));
#3488=CARTESIAN_POINT('Ctrl Pts',(17.2737491538148,-1.98129921259843,0.0997146938240936));
#3489=CARTESIAN_POINT('Ctrl Pts',(17.2105477841055,-1.98129921259843,0.103969627988713));
#3490=CARTESIAN_POINT('Ctrl Pts',(17.1469949576924,-1.98129921259843,0.10815218732747));
#3491=CARTESIAN_POINT('Ctrl Pts',(17.0817999642699,-1.98129921259843,0.112442821497013));
#3492=CARTESIAN_POINT('Ctrl Pts',(17.0145213187368,-1.98129921259843,0.116760283970816));
#3493=CARTESIAN_POINT('Ctrl Pts',(16.9528351578216,-1.98129921259843,0.12061139658892));
#3494=CARTESIAN_POINT('Ctrl Pts',(16.9325181627828,-1.98129921259843,0.121879801605464));
#3495=CARTESIAN_POINT('Ctrl Pts',(16.9126728597762,-1.98129921259843,0.123107106548662));
#3496=CARTESIAN_POINT('Ctrl Pts',(16.8932411210722,-1.98129921259843,0.124298445779678));
#3497=CARTESIAN_POINT('Ctrl Pts',(16.8446543858798,-1.98129921259843,0.127277246834155));
#3498=CARTESIAN_POINT('Ctrl Pts',(16.7986532602121,-1.98129921259843,0.13003195680912));
#3499=CARTESIAN_POINT('Ctrl Pts',(16.7543285495103,-1.98129921259843,0.13263471761399));
#3500=CARTESIAN_POINT('Ctrl Pts',(16.6833261405143,-1.98129921259843,0.136804001163948));
#3501=CARTESIAN_POINT('Ctrl Pts',(16.6166255718481,-1.98129921259843,0.140587177538162));
#3502=CARTESIAN_POINT('Ctrl Pts',(16.5504883922358,-1.98129921259843,0.144255270407157));
#3503=CARTESIAN_POINT('Ctrl Pts',(16.481397846726,-1.98129921259843,0.148087162525705));
#3504=CARTESIAN_POINT('Ctrl Pts',(16.4129220239993,-1.98129921259843,0.151790647348559));
#3505=CARTESIAN_POINT('Ctrl Pts',(16.340797244097,-1.98129921259843,0.155639108904211));
#3506=CARTESIAN_POINT('Ctrl Pts',(16.3082540703296,-1.98129921259843,0.157375560000668));
#3507=CARTESIAN_POINT('Ctrl Pts',(16.2749687315257,-1.98129921259843,0.159155004695422));
#3508=CARTESIAN_POINT('Ctrl Pts',(16.2405497575893,-1.98129921259843,0.161006543391305));
#3509=CARTESIAN_POINT('Ctrl Pts',(16.2112813948582,-1.98129921259843,0.162581009447788));
#3510=CARTESIAN_POINT('Ctrl Pts',(16.1811932932155,-1.98129921259843,0.164207573499907));
#3511=CARTESIAN_POINT('Ctrl Pts',(16.1500448789512,-1.98129921259843,0.165906638767802));
#3512=CARTESIAN_POINT('Ctrl Pts',(16.0900426999506,-1.98129921259843,0.169179602119097));
#3513=CARTESIAN_POINT('Ctrl Pts',(16.0261058618815,-1.98129921259843,0.172719838320791));
#3514=CARTESIAN_POINT('Ctrl Pts',(15.956514300763,-1.98129921259843,0.17666469859668));
#3515=CARTESIAN_POINT('Ctrl Pts',(15.8954896353132,-1.98129921259843,0.180123936681195));
#3516=CARTESIAN_POINT('Ctrl Pts',(15.8285005500374,-1.98129921259843,0.183993699724818));
#3517=CARTESIAN_POINT('Ctrl Pts',(15.7619904846963,-1.98129921259843,0.187896183423596));
#3518=CARTESIAN_POINT('Ctrl Pts',(15.758588304343,-1.98129921259842,0.188095806643042));
#3519=CARTESIAN_POINT('Ctrl Pts',(15.7551856944205,-1.98129921259843,0.188295601392491));
#3520=CARTESIAN_POINT('Ctrl Pts',(15.75178263478,-1.98129921259843,0.188495564322002));
#3521=CARTESIAN_POINT('Ctrl Pts',(15.6905759576582,-1.98129921259843,0.192092053292512));
#3522=CARTESIAN_POINT('Ctrl Pts',(15.6292238316961,-1.98129921259843,0.195743412007271));
#3523=CARTESIAN_POINT('Ctrl Pts',(15.5676088296811,-1.98129921259843,0.199427010654674));
#3524=CARTESIAN_POINT('Ctrl Pts',(15.5032628154022,-1.98129921259843,0.203273880465787));
#3525=CARTESIAN_POINT('Ctrl Pts',(15.4386301116223,-1.98129921259843,0.20715605700153));
#3526=CARTESIAN_POINT('Ctrl Pts',(15.3735768255019,-1.98129921259843,0.211045461116161));
#3527=CARTESIAN_POINT('Ctrl Pts',(15.3570667870962,-1.98129921259843,0.212032562846721));
#3528=CARTESIAN_POINT('Ctrl Pts',(15.3405296561373,-1.98129921259843,0.213020085880077));
#3529=CARTESIAN_POINT('Ctrl Pts',(15.3239632501347,-1.98129921259843,0.214007671677153));
#3530=CARTESIAN_POINT('Ctrl Pts',(15.2760976881975,-1.98129921259842,0.216861117930426));
#3531=CARTESIAN_POINT('Ctrl Pts',(15.2279877415774,-1.98129921259842,0.219715230069637));
#3532=CARTESIAN_POINT('Ctrl Pts',(15.1795806965312,-1.98129921259842,0.222560040760876));
#3533=CARTESIAN_POINT('Ctrl Pts',(15.1153840520514,-1.98129921259843,0.226332782938869));
#3534=CARTESIAN_POINT('Ctrl Pts',(15.0506648858836,-1.98129921259843,0.230089010551105));
#3535=CARTESIAN_POINT('Ctrl Pts',(14.9853016070715,-1.98129921259843,0.233829303341704));
#3536=CARTESIAN_POINT('Ctrl Pts',(14.9529221758787,-1.98129921259843,0.235682156430704));
#3537=CARTESIAN_POINT('Ctrl Pts',(14.9203656884522,-1.98129921259843,0.237531951023134));
#3538=CARTESIAN_POINT('Ctrl Pts',(14.8880581853583,-1.98129921259843,0.239343234400444));
#3539=CARTESIAN_POINT('Ctrl Pts',(14.8641299094539,-1.98129921259843,0.240684745945533));
#3540=CARTESIAN_POINT('Ctrl Pts',(14.8402805940292,-1.98129921259843,0.242008513548265));
#3541=CARTESIAN_POINT('Ctrl Pts',(14.8165041118887,-1.98129921259843,0.243317412738278));
#3542=CARTESIAN_POINT('Ctrl Pts',(14.807911961835,-1.98129921259843,0.243790411989359));
#3543=CARTESIAN_POINT('Ctrl Pts',(14.7993293229137,-1.98129921259843,0.244261468498735));
#3544=CARTESIAN_POINT('Ctrl Pts',(14.7907559055191,-1.98129921259843,0.244730714324894));
#3545=CARTESIAN_POINT('Ctrl Pts',(14.7249205897363,-1.98129921259843,0.248334055410813));
#3546=CARTESIAN_POINT('Ctrl Pts',(14.6596303127964,-1.98129921259843,0.251853980997754));
#3547=CARTESIAN_POINT('Ctrl Pts',(14.5947499141291,-1.98129921259843,0.255279103203443));
#3548=CARTESIAN_POINT('Ctrl Pts',(14.5297667433182,-1.98129921259843,0.258709650886751));
#3549=CARTESIAN_POINT('Ctrl Pts',(14.4651947668143,-1.98129921259843,0.262045092137757));
#3550=CARTESIAN_POINT('Ctrl Pts',(14.4008994299223,-1.98129921259843,0.265296188036558));
#3551=CARTESIAN_POINT('Ctrl Pts',(14.3368052039465,-1.98129921259843,0.268537114755037));
#3552=CARTESIAN_POINT('Ctrl Pts',(14.2729858853617,-1.98129921259843,0.271694181803609));
#3553=CARTESIAN_POINT('Ctrl Pts',(14.2093080246655,-1.98129921259843,0.27477521887088));
#3554=CARTESIAN_POINT('Ctrl Pts',(14.1457626554281,-1.98129921259843,0.277849845372667));
#3555=CARTESIAN_POINT('Ctrl Pts',(14.0823581511228,-1.98129921259843,0.280848727791375));
#3556=CARTESIAN_POINT('Ctrl Pts',(14.018961695896,-1.98129921259843,0.28377505542095));
#3557=CARTESIAN_POINT('Ctrl Pts',(13.9554302044508,-1.98129921259843,0.286707616210019));
#3558=CARTESIAN_POINT('Ctrl Pts',(13.8919067968953,-1.98129921259843,0.289567303235548));
#3559=CARTESIAN_POINT('Ctrl Pts',(13.8282578914982,-1.98129921259843,0.292358321685202));
#3560=CARTESIAN_POINT('Ctrl Pts',(13.762591904377,-1.98129921259843,0.295237789610477));
#3561=CARTESIAN_POINT('Ctrl Pts',(13.6974354783616,-1.98129921259843,0.298014069281432));
#3562=CARTESIAN_POINT('Ctrl Pts',(13.6355447872559,-1.98129921259843,0.30058865458469));
#3563=CARTESIAN_POINT('Ctrl Pts',(13.5682308805804,-1.98129921259843,0.303388839745578));
#3564=CARTESIAN_POINT('Ctrl Pts',(13.5034812746164,-1.98129921259843,0.306008136072675));
#3565=CARTESIAN_POINT('Ctrl Pts',(13.4396894769388,-1.98129921259843,0.30853311072095));
#3566=CARTESIAN_POINT('Ctrl Pts',(13.4294083687788,-1.98129921259843,0.308940052340489));
#3567=CARTESIAN_POINT('Ctrl Pts',(13.4191521379208,-1.98129921259843,0.309344506640498));
#3568=CARTESIAN_POINT('Ctrl Pts',(13.4089140540956,-1.98129921259843,0.309746702348171));
#3569=CARTESIAN_POINT('Ctrl Pts',(13.3526718469339,-1.98129921259843,0.311956136720549));
#3570=CARTESIAN_POINT('Ctrl Pts',(13.2969772905101,-1.98129921259843,0.314098034410375));
#3571=CARTESIAN_POINT('Ctrl Pts',(13.240714566929,-1.98129921259843,0.316206120887786));
#3572=CARTESIAN_POINT('Ctrl Pts',(13.17645865801,-1.98129921259842,0.318613700970375));
#3573=CARTESIAN_POINT('Ctrl Pts',(13.1114616334163,-1.98129921259842,0.32097519743936));
#3574=CARTESIAN_POINT('Ctrl Pts',(13.0440642045842,-1.98129921259842,0.323419024571376));
#3575=CARTESIAN_POINT('Ctrl Pts',(12.9810903354976,-1.98129921259842,0.325702453665757));
#3576=CARTESIAN_POINT('Ctrl Pts',(12.9160208117322,-1.98129921259842,0.32805802394033));
#3577=CARTESIAN_POINT('Ctrl Pts',(12.8475007291871,-1.98129921259842,0.33055421946932));
#3578=CARTESIAN_POINT('Ctrl Pts',(12.8002551815381,-1.98129921259843,0.332275380921929));
#3579=CARTESIAN_POINT('Ctrl Pts',(12.751147208485,-1.98129921259843,0.334072440441989));
#3580=CARTESIAN_POINT('Ctrl Pts',(12.7055294225755,-1.98129921259843,0.335744664284958));
#3581=CARTESIAN_POINT('Ctrl Pts',(12.6874279354755,-1.98129921259843,0.336408215523106));
#3582=CARTESIAN_POINT('Ctrl Pts',(12.6696399335661,-1.98129921259843,0.337060718628959));
#3583=CARTESIAN_POINT('Ctrl Pts',(12.652104381229,-1.98129921259843,0.337704124869819));
#3584=CARTESIAN_POINT('Ctrl Pts',(12.5870544476617,-1.98129921259843,0.340090906444775));
#3585=CARTESIAN_POINT('Ctrl Pts',(12.5254327620327,-1.98129921259843,0.342353883685672));
#3586=CARTESIAN_POINT('Ctrl Pts',(12.4642611154444,-1.98129921259843,0.344582735347441));
#3587=CARTESIAN_POINT('Ctrl Pts',(12.4620805082552,-1.98129921259843,0.344662188006122));
#3588=CARTESIAN_POINT('Ctrl Pts',(12.4599042357504,-1.98129921259842,0.344741460248784));
#3589=CARTESIAN_POINT('Ctrl Pts',(12.4577322796194,-1.98129921259842,0.344820552097337));
#3590=CARTESIAN_POINT('Ctrl Pts',(12.3887835185381,-1.98129921259842,0.347331323328638));
#3591=CARTESIAN_POINT('Ctrl Pts',(12.3241845139048,-1.98129921259842,0.349659112089436));
#3592=CARTESIAN_POINT('Ctrl Pts',(12.2633498120471,-1.98129921259842,0.351812110421695));
#3593=CARTESIAN_POINT('Ctrl Pts',(12.1934808933081,-1.98129921259843,0.354284838337313));
#3594=CARTESIAN_POINT('Ctrl Pts',(12.1285773604128,-1.98129921259843,0.356527864744447));
#3595=CARTESIAN_POINT('Ctrl Pts',(12.0677531527625,-1.98129921259843,0.358576187098591));
#3596=CARTESIAN_POINT('Ctrl Pts',(11.9968972760543,-1.98129921259843,0.360962336985137));
#3597=CARTESIAN_POINT('Ctrl Pts',(11.9315773864849,-1.98129921259843,0.363086817584434));
#3598=CARTESIAN_POINT('Ctrl Pts',(11.870393526018,-1.98129921259843,0.365029822443242));
#3599=CARTESIAN_POINT('Ctrl Pts',(11.7994250574269,-1.98129921259843,0.36728355534343));
#3600=CARTESIAN_POINT('Ctrl Pts',(11.7340213873287,-1.98129921259843,0.369296328887798));
#3601=CARTESIAN_POINT('Ctrl Pts',(11.6719980315283,-1.98129921259843,0.371209665609255));
#3602=CARTESIAN_POINT('Ctrl Pts',(11.603243065958,-1.98129921259843,0.373330663396467));
#3603=CARTESIAN_POINT('Ctrl Pts',(11.5386417566464,-1.98129921259843,0.375324108093494));
#3604=CARTESIAN_POINT('Ctrl Pts',(11.4752145597997,-1.98129921259843,0.37725224022897));
#3605=CARTESIAN_POINT('Ctrl Pts',(11.4100544725221,-1.98129921259842,0.379233050740494));
#3606=CARTESIAN_POINT('Ctrl Pts',(11.3454411463989,-1.98129921259843,0.38116678314123));
#3607=CARTESIAN_POINT('Ctrl Pts',(11.2807543556247,-1.98129921259843,0.383072336427254));
#3608=CARTESIAN_POINT('Ctrl Pts',(11.2162886291986,-1.98129921259843,0.38497137756621));
#3609=CARTESIAN_POINT('Ctrl Pts',(11.1522820302373,-1.98129921259843,0.386826562126752));
#3610=CARTESIAN_POINT('Ctrl Pts',(11.0888591374104,-1.98129921259843,0.388636925597253));
#3611=CARTESIAN_POINT('Ctrl Pts',(11.0247599125986,-1.98129921259843,0.390466594505661));
#3612=CARTESIAN_POINT('Ctrl Pts',(10.9612569075502,-1.98129921259843,0.392250451772787));
#3613=CARTESIAN_POINT('Ctrl Pts',(10.8984786364003,-1.98129921259843,0.393984200367841));
#3614=CARTESIAN_POINT('Ctrl Pts',(10.8341456455359,-1.98129921259843,0.395760885684014));
#3615=CARTESIAN_POINT('Ctrl Pts',(10.7705737290311,-1.98129921259843,0.397484921025735));
#3616=CARTESIAN_POINT('Ctrl Pts',(10.7079012255641,-1.98129921259843,0.399152839602502));
#3617=CARTESIAN_POINT('Ctrl Pts',(10.6427167800723,-1.98129921259843,0.400887609103284));
#3618=CARTESIAN_POINT('Ctrl Pts',(10.5785052942938,-1.98129921259843,0.402561762324751));
#3619=CARTESIAN_POINT('Ctrl Pts',(10.515422548511,-1.98129921259843,0.404176570787143));
#3620=CARTESIAN_POINT('Ctrl Pts',(10.4489699242665,-1.98129921259843,0.405877642271057));
#3621=CARTESIAN_POINT('Ctrl Pts',(10.3837698545463,-1.98129921259843,0.407512825831007));
#3622=CARTESIAN_POINT('Ctrl Pts',(10.3200043903136,-1.98129921259843,0.409082238891454));
#3623=CARTESIAN_POINT('Ctrl Pts',(10.2861297348506,-1.98129921259843,0.409915971184343));
#3624=CARTESIAN_POINT('Ctrl Pts',(10.2526599428489,-1.98129921259843,0.410731084220777));
#3625=CARTESIAN_POINT('Ctrl Pts',(10.2196222185081,-1.98129921259843,0.411523839638798));
#3626=CARTESIAN_POINT('Ctrl Pts',(10.1926904934035,-1.98129921259843,0.412170078791746));
#3627=CARTESIAN_POINT('Ctrl Pts',(10.1653237495905,-1.98129921259843,0.412817479964008));
#3628=CARTESIAN_POINT('Ctrl Pts',(10.1437024606848,-1.98129921259843,0.413322938463641));
#3629=CARTESIAN_POINT('Ctrl Pts',(10.1360277073337,-1.98129921259843,0.413502357430328));
#3630=CARTESIAN_POINT('Ctrl Pts',(10.128833687127,-1.98129921259843,0.413669755436431));
#3631=CARTESIAN_POINT('Ctrl Pts',(10.1219566929119,-1.98129921259843,0.413829145115805));
#3632=CARTESIAN_POINT('Ctrl Pts',(10.0665970074639,-1.98129921259843,0.415112229300233));
#3633=CARTESIAN_POINT('Ctrl Pts',(10.031781728529,-1.98129921259843,0.415895389538214));
#3634=CARTESIAN_POINT('Ctrl Pts',(9.93210812562624,-1.98129921259843,0.418112541074381));
#3635=CARTESIAN_POINT('Ctrl Pts',(9.93022603397259,-1.98129921259843,0.418154406546077));
#3636=CARTESIAN_POINT('Ctrl Pts',(9.92832081709117,-1.98129921259842,0.418196785272758));
#3637=CARTESIAN_POINT('Ctrl Pts',(9.92639190002996,-1.98129921259842,0.418239691572048));
#3638=CARTESIAN_POINT('Ctrl Pts',(9.88586608364735,-1.98129921259842,0.419141136658329));
#3639=CARTESIAN_POINT('Ctrl Pts',(9.8318913338232,-1.98129921259843,0.420341571314116));
#3640=CARTESIAN_POINT('Ctrl Pts',(9.78016211149063,-1.98129921259843,0.421498942845498));
#3641=CARTESIAN_POINT('Ctrl Pts',(9.76392656311453,-1.98129921259843,0.421862191327489));
#3642=CARTESIAN_POINT('Ctrl Pts',(9.74771467984032,-1.98129921259843,0.422225598331591));
#3643=CARTESIAN_POINT('Ctrl Pts',(9.73168733090836,-1.98129921259843,0.422585751812763));
#3644=CARTESIAN_POINT('Ctrl Pts',(9.65838325227986,-1.98129921259843,0.424232981133979));
#3645=CARTESIAN_POINT('Ctrl Pts',(9.58893938013913,-1.98129921259843,0.425812273340514));
#3646=CARTESIAN_POINT('Ctrl Pts',(9.53874597627706,-1.98129921259843,0.426955907679451));
#3647=CARTESIAN_POINT('Ctrl Pts',(9.50450871741358,-1.98129921259843,0.427735988365251));
#3648=CARTESIAN_POINT('Ctrl Pts',(9.47922811111452,-1.98129921259843,0.428313163209399));
#3649=CARTESIAN_POINT('Ctrl Pts',(9.46778854252205,-1.98129921259843,0.428574183061304));
#3650=CARTESIAN_POINT('Ctrl Pts',(9.46164903909455,-1.98129921259843,0.428714269836646));
#3651=CARTESIAN_POINT('Ctrl Pts',(9.45877898676774,-1.98129921259843,0.428779756447654));
#3652=CARTESIAN_POINT('Ctrl Pts',(9.45464774705762,-1.98129921259843,0.428874015565731));
#3653=CARTESIAN_POINT('Ctrl Pts',(9.4188222818684,-1.98129921259843,0.429691415908095));
#3654=CARTESIAN_POINT('Ctrl Pts',(9.38299680320783,-1.98129921259843,0.430508506336334));
#3655=CARTESIAN_POINT('Ctrl Pts',(9.34717124421709,-1.98129921259843,0.431322427119451));
#3656=CARTESIAN_POINT('Ctrl Pts',(9.28334503991554,-1.98129921259843,0.432772494491797));
#3657=CARTESIAN_POINT('Ctrl Pts',(9.21951857933701,-1.98129921259843,0.434212572509897));
#3658=CARTESIAN_POINT('Ctrl Pts',(9.15569149205989,-1.98129921259843,0.435625153563329));
#3659=CARTESIAN_POINT('Ctrl Pts',(9.09143172031364,-1.98129921259843,0.437047310517985));
#3660=CARTESIAN_POINT('Ctrl Pts',(9.02717131284431,-1.98129921259843,0.438441532423363));
#3661=CARTESIAN_POINT('Ctrl Pts',(8.96291001892944,-1.98129921259843,0.43979375480159));
#3662=CARTESIAN_POINT('Ctrl Pts',(8.89798321063079,-1.98129921259843,0.44115998130871));
#3663=CARTESIAN_POINT('Ctrl Pts',(8.83305550350835,-1.98129921259843,0.442483413855185));
#3664=CARTESIAN_POINT('Ctrl Pts',(8.76812705392404,-1.98129921259843,0.443768665449429));
#3665=CARTESIAN_POINT('Ctrl Pts',(8.72872640343686,-1.98129921259843,0.444548597038387));
#3666=CARTESIAN_POINT('Ctrl Pts',(8.68932548045946,-1.98129921259843,0.445314460426342));
#3667=CARTESIAN_POINT('Ctrl Pts',(8.64992450477316,-1.98129921259843,0.446076896983686));
#3668=CARTESIAN_POINT('Ctrl Pts',(8.62392145837487,-1.98129921259843,0.446580074197728));
#3669=CARTESIAN_POINT('Ctrl Pts',(8.59791838854183,-1.98129921259843,0.447081753219461));
#3670=CARTESIAN_POINT('Ctrl Pts',(8.57191535433062,-1.98129921259843,0.44758499747118));
#3671=CARTESIAN_POINT('Ctrl Pts',(8.50543396334295,-1.98129921259843,0.448871631084362));
#3672=CARTESIAN_POINT('Ctrl Pts',(8.43895278017167,-1.98129921259843,0.450167807587906));
#3673=CARTESIAN_POINT('Ctrl Pts',(8.37247106369565,-1.98129921259843,0.451437748055692));
#3674=CARTESIAN_POINT('Ctrl Pts',(8.30674683075,-1.98129921259843,0.452693218996517));
#3675=CARTESIAN_POINT('Ctrl Pts',(8.24102209669939,-1.98129921259843,0.45392307061758));
#3676=CARTESIAN_POINT('Ctrl Pts',(8.17529688307109,-1.98129921259843,0.455126822335734));
#3677=CARTESIAN_POINT('Ctrl Pts',(8.11924479242204,-1.98129921259843,0.456153411626208));
#3678=CARTESIAN_POINT('Ctrl Pts',(8.06319235369834,-1.98129921259843,0.457161022259833));
#3679=CARTESIAN_POINT('Ctrl Pts',(8.00713964017104,-1.98129921259843,0.458152825901375));
#3680=CARTESIAN_POINT('Ctrl Pts',(7.99838563749371,-1.98129921259843,0.458307720306785));
#3681=CARTESIAN_POINT('Ctrl Pts',(7.98963162808301,-1.98129921259843,0.458462228299834));
#3682=CARTESIAN_POINT('Ctrl Pts',(7.98087761218025,-1.98129921259843,0.458616360771879));
#3683=CARTESIAN_POINT('Ctrl Pts',(7.91664186764566,-1.98129921259843,0.45974736329789));
#3684=CARTESIAN_POINT('Ctrl Pts',(7.8524057758796,-1.98129921259843,0.460858254366404));
#3685=CARTESIAN_POINT('Ctrl Pts',(7.78816937775973,-1.98129921259843,0.46195046441385));
#3686=CARTESIAN_POINT('Ctrl Pts',(7.72362078679727,-1.98129921259843,0.463047982669249));
#3687=CARTESIAN_POINT('Ctrl Pts',(7.65890550944232,-1.98129921259843,0.464129200230905));
#3688=CARTESIAN_POINT('Ctrl Pts',(7.59537829335762,-1.98129921259843,0.465172955267581));
#3689=CARTESIAN_POINT('Ctrl Pts',(7.52942450031983,-1.98129921259843,0.466256579073467));
#3690=CARTESIAN_POINT('Ctrl Pts',(7.46448589178871,-1.98129921259843,0.467304469551294));
#3691=CARTESIAN_POINT('Ctrl Pts',(7.4007214569927,-1.98129921259843,0.468318600535765));
#3692=CARTESIAN_POINT('Ctrl Pts',(7.33350575600358,-1.98129921259843,0.46938762161678));
#3693=CARTESIAN_POINT('Ctrl Pts',(7.2675947695959,-1.98129921259843,0.470418947822985));
#3694=CARTESIAN_POINT('Ctrl Pts',(7.2031746585245,-1.98129921259843,0.47140976478357));
#3695=CARTESIAN_POINT('Ctrl Pts',(7.13476039346975,-1.98129921259843,0.472462014042921));
#3696=CARTESIAN_POINT('Ctrl Pts',(7.06802758763785,-1.98129921259843,0.47346746426377));
#3697=CARTESIAN_POINT('Ctrl Pts',(7.0031988188964,-1.98129921259843,0.47439262561873));
#3698=CARTESIAN_POINT('Ctrl Pts',(6.93565956471734,-1.98129921259843,0.475356467893114));
#3699=CARTESIAN_POINT('Ctrl Pts',(6.87018693738735,-1.98129921259843,0.476235381667023));
#3700=CARTESIAN_POINT('Ctrl Pts',(6.80703393482271,-1.98129921259843,0.477085152279815));
#3701=CARTESIAN_POINT('Ctrl Pts',(6.73931643195763,-1.98129921259842,0.477996341638507));
#3702=CARTESIAN_POINT('Ctrl Pts',(6.67426595063289,-1.98129921259842,0.478872508933797));
#3703=CARTESIAN_POINT('Ctrl Pts',(6.61219347422165,-1.98129921259842,0.479718670873256));
#3704=CARTESIAN_POINT('Ctrl Pts',(6.58384595574613,-1.98129921259843,0.480105099651338));
#3705=CARTESIAN_POINT('Ctrl Pts',(6.55611953032685,-1.98129921259843,0.480485181267653));
#3706=CARTESIAN_POINT('Ctrl Pts',(6.52904379642725,-1.98129921259843,0.48085773274868));
#3707=CARTESIAN_POINT('Ctrl Pts',(6.49154471916669,-1.98129921259843,0.481373705346961));
#3708=CARTESIAN_POINT('Ctrl Pts',(6.45564418410054,-1.98129921259843,0.481870339139424));
#3709=CARTESIAN_POINT('Ctrl Pts',(6.41945217095471,-1.98129921259843,0.482372172461044));
#3710=CARTESIAN_POINT('Ctrl Pts',(6.35570962636629,-1.98129921259843,0.4832560175445));
#3711=CARTESIAN_POINT('Ctrl Pts',(6.29196711649791,-1.98129921259843,0.484143839712581));
#3712=CARTESIAN_POINT('Ctrl Pts',(6.22822448672821,-1.98129921259843,0.485023725337674));
#3713=CARTESIAN_POINT('Ctrl Pts',(6.16450591445847,-1.98129921259843,0.485903278879693));
#3714=CARTESIAN_POINT('Ctrl Pts',(6.10078722080879,-1.98129921259843,0.486774853819539));
#3715=CARTESIAN_POINT('Ctrl Pts',(6.03706823847682,-1.98129921259843,0.487624845543514));
#3716=CARTESIAN_POINT('Ctrl Pts',(5.97286639744724,-1.98129921259843,0.488481278454743));
#3717=CARTESIAN_POINT('Ctrl Pts',(5.90866426208594,-1.98129921259843,0.489315736994152));
#3718=CARTESIAN_POINT('Ctrl Pts',(5.84446171044009,-1.98129921259843,0.490116434042013));
#3719=CARTESIAN_POINT('Ctrl Pts',(5.7795123615184,-1.98129921259843,0.490926444713069));
#3720=CARTESIAN_POINT('Ctrl Pts',(5.71456259023178,-1.98129921259843,0.491701952882029));
#3721=CARTESIAN_POINT('Ctrl Pts',(5.64961247608686,-1.98129921259843,0.492446406457784));
#3722=CARTESIAN_POINT('Ctrl Pts',(5.60092884616146,-1.98129921259843,0.493004414751624));
#3723=CARTESIAN_POINT('Ctrl Pts',(5.55224502726855,-1.98129921259843,0.493544977868598));
#3724=CARTESIAN_POINT('Ctrl Pts',(5.50356124102093,-1.98129921259843,0.494087628945856));
#3725=CARTESIAN_POINT('Ctrl Pts',(5.48666123824443,-1.98129921259843,0.494276003873511));
#3726=CARTESIAN_POINT('Ctrl Pts',(5.46945073856661,-1.98129921259843,0.494468127319549));
#3727=CARTESIAN_POINT('Ctrl Pts',(5.45315748027263,-1.98129921259843,0.494651008681942));
#3728=CARTESIAN_POINT('Ctrl Pts',(5.37635370480388,-1.98129921259843,0.495513081745609));
#3729=CARTESIAN_POINT('Ctrl Pts',(5.31964454247605,-1.98129921259843,0.496166174332297));
#3730=CARTESIAN_POINT('Ctrl Pts',(5.25610452267375,-1.98129921259843,0.496873583812446));
#3731=CARTESIAN_POINT('Ctrl Pts',(5.2238408690394,-1.98129921259843,0.49723278443146));
#3732=CARTESIAN_POINT('Ctrl Pts',(5.18891023021929,-1.98129921259843,0.497616333691549));
#3733=CARTESIAN_POINT('Ctrl Pts',(5.15067667663865,-1.98129921259843,0.498027612014538));
#3734=CARTESIAN_POINT('Ctrl Pts',(5.12087426932563,-1.98129921259843,0.498348196499966));
#3735=CARTESIAN_POINT('Ctrl Pts',(5.09102035246348,-1.98129921259843,0.498664500885718));
#3736=CARTESIAN_POINT('Ctrl Pts',(5.06117530927554,-1.98129921259843,0.498975717050095));
#3737=CARTESIAN_POINT('Ctrl Pts',(4.99682907640639,-1.98129921259843,0.499646702434822));
#3738=CARTESIAN_POINT('Ctrl Pts',(4.93252409228888,-1.98129921259843,0.50029400268265));
#3739=CARTESIAN_POINT('Ctrl Pts',(4.86886560296734,-1.98129921259843,0.50091798990832));
#3740=CARTESIAN_POINT('Ctrl Pts',(4.80445573877167,-1.98129921259843,0.501549342189746));
#3741=CARTESIAN_POINT('Ctrl Pts',(4.74070772134514,-1.98129921259843,0.502156913803286));
#3742=CARTESIAN_POINT('Ctrl Pts',(4.67824846343607,-1.98129921259843,0.502739679465053));
#3743=CARTESIAN_POINT('Ctrl Pts',(4.61306503656207,-1.98129921259843,0.503347862529823));
#3744=CARTESIAN_POINT('Ctrl Pts',(4.54928523956341,-1.98129921259843,0.503929041895559));
#3745=CARTESIAN_POINT('Ctrl Pts',(4.48762163195214,-1.98129921259843,0.504480968532981));
#3746=CARTESIAN_POINT('Ctrl Pts',(4.42071536383687,-1.98129921259843,0.505079820157363));
#3747=CARTESIAN_POINT('Ctrl Pts',(4.35630042044967,-1.98129921259843,0.505644264509422));
#3748=CARTESIAN_POINT('Ctrl Pts',(4.29528699881129,-1.98129921259843,0.506171629243517));
#3749=CARTESIAN_POINT('Ctrl Pts',(4.2253699824239,-1.98129921259843,0.506775951501896));
#3750=CARTESIAN_POINT('Ctrl Pts',(4.15991967526694,-1.98129921259843,0.507330971606838));
#3751=CARTESIAN_POINT('Ctrl Pts',(4.10030567101097,-1.98129921259843,0.507826151327312));
#3752=CARTESIAN_POINT('Ctrl Pts',(4.03591700872802,-1.98129921259842,0.508360991423846));
#3753=CARTESIAN_POINT('Ctrl Pts',(3.98041446953733,-1.98129921259843,0.508809636819561));
#3754=CARTESIAN_POINT('Ctrl Pts',(3.92315570617513,-1.98129921259843,0.509236824564912));
#3755=CARTESIAN_POINT('Ctrl Pts',(3.91647585514574,-1.98129921259843,0.509286660613282));
#3756=CARTESIAN_POINT('Ctrl Pts',(3.90979600041334,-1.98129921259843,0.509335998282123));
#3757=CARTESIAN_POINT('Ctrl Pts',(3.90311614173424,-1.98129921259843,0.509384797825386));
#3758=CARTESIAN_POINT('Ctrl Pts',(3.83678596879901,-1.98129921259843,0.509869371272118));
#3759=CARTESIAN_POINT('Ctrl Pts',(3.77045542396134,-1.98129921259843,0.510301820728558));
#3760=CARTESIAN_POINT('Ctrl Pts',(3.70412488424983,-1.98129921259843,0.510735643658977));
#3761=CARTESIAN_POINT('Ctrl Pts',(3.63832259743161,-1.98129921259843,0.511166011646632));
#3762=CARTESIAN_POINT('Ctrl Pts',(3.5725203055999,-1.98129921259843,0.51159779186749));
#3763=CARTESIAN_POINT('Ctrl Pts',(3.50671808295378,-1.98129921259843,0.512039820851991));
#3764=CARTESIAN_POINT('Ctrl Pts',(3.44185383741052,-1.98129921259843,0.512475548938899));
#3765=CARTESIAN_POINT('Ctrl Pts',(3.37808252858035,-1.98129921259843,0.512913861082138));
#3766=CARTESIAN_POINT('Ctrl Pts',(3.31172784915728,-1.98129921259843,0.513373430163959));
#3767=CARTESIAN_POINT('Ctrl Pts',(3.29232814907107,-1.98129921259843,0.513507791484574));
#3768=CARTESIAN_POINT('Ctrl Pts',(3.27289826838572,-1.98129921259843,0.513642649923204));
#3769=CARTESIAN_POINT('Ctrl Pts',(3.25533442157737,-1.98129921259843,0.51376457593371));
#3770=CARTESIAN_POINT('Ctrl Pts',(3.24855911783314,-1.98129921259843,0.513811609238232));
#3771=CARTESIAN_POINT('Ctrl Pts',(3.2440872076278,-1.98129921259843,0.513842664932721));
#3772=CARTESIAN_POINT('Ctrl Pts',(3.23039000556316,-1.98129921259843,0.51393773283953));
#3773=CARTESIAN_POINT('Ctrl Pts',(3.20857949198168,-1.98129921259843,0.514089112651469));
#3774=CARTESIAN_POINT('Ctrl Pts',(3.16877955218144,-1.98129921259843,0.514365997015755));
#3775=CARTESIAN_POINT('Ctrl Pts',(3.11845384848523,-1.98129921259843,0.514711646117935));
#3776=CARTESIAN_POINT('Ctrl Pts',(3.06340739861305,-1.98129921259843,0.51508971844637));
#3777=CARTESIAN_POINT('Ctrl Pts',(2.99576784806794,-1.98129921259843,0.515549679037722));
#3778=CARTESIAN_POINT('Ctrl Pts',(2.92530232327662,-1.98129921259843,0.516004962294123));
#3779=CARTESIAN_POINT('Ctrl Pts',(2.86024679723479,-1.98129921259843,0.516425291126284));
#3780=CARTESIAN_POINT('Ctrl Pts',(2.7927825557881,-1.98129921259843,0.516839546970662));
#3781=CARTESIAN_POINT('Ctrl Pts',(2.73059549971023,-1.98129921259843,0.517192748829343));
#3782=CARTESIAN_POINT('Ctrl Pts',(2.69426389144632,-1.98129921259843,0.51739910031753));
#3783=CARTESIAN_POINT('Ctrl Pts',(2.66042841183854,-1.98129921259843,0.517581657200625));
#3784=CARTESIAN_POINT('Ctrl Pts',(2.62843554127063,-1.98129921259843,0.517747409655505));
#3785=CARTESIAN_POINT('Ctrl Pts',(2.59798478676772,-1.98129921259843,0.51790517253274));
#3786=CARTESIAN_POINT('Ctrl Pts',(2.56627529413896,-1.98129921259843,0.518062727287879));
#3787=CARTESIAN_POINT('Ctrl Pts',(2.5334321220633,-1.98129921259843,0.518217950308205));
#3788=CARTESIAN_POINT('Ctrl Pts',(2.47090879530374,-1.98129921259843,0.51851344733261));
#3789=CARTESIAN_POINT('Ctrl Pts',(2.40427695560453,-1.98129921259843,0.518798041108638));
#3790=CARTESIAN_POINT('Ctrl Pts',(2.33439960629911,-1.98129921259843,0.519108853379972));
#3791=CARTESIAN_POINT('Ctrl Pts',(2.27122225446272,-1.98129921259843,0.519389864271431));
#3792=CARTESIAN_POINT('Ctrl Pts',(2.20539193384608,-1.98129921259843,0.51969595959938));
#3793=CARTESIAN_POINT('Ctrl Pts',(2.1375461599828,-1.98129921259843,0.519984843631392));
#3794=CARTESIAN_POINT('Ctrl Pts',(2.07417773852358,-1.98129921259843,0.52025466331287));
#3795=CARTESIAN_POINT('Ctrl Pts',(2.00905109816635,-1.98129921259843,0.520508246817288));
#3796=CARTESIAN_POINT('Ctrl Pts',(1.94268582340801,-1.98129921259843,0.520740295905296));
#3797=CARTESIAN_POINT('Ctrl Pts',(1.87954953650162,-1.98129921259843,0.520961054695946));
#3798=CARTESIAN_POINT('Ctrl Pts',(1.81529221442109,-1.98129921259843,0.521162208358755));
#3799=CARTESIAN_POINT('Ctrl Pts',(1.75036126513173,-1.98129921259843,0.521350140343227));
#3800=CARTESIAN_POINT('Ctrl Pts',(1.68729132085747,-1.98129921259843,0.521532685953876));
#3801=CARTESIAN_POINT('Ctrl Pts',(1.62358581047013,-1.98129921259843,0.521702909155793));
#3802=CARTESIAN_POINT('Ctrl Pts',(1.5596547590084,-1.98129921259843,0.521867509187641));
#3803=CARTESIAN_POINT('Ctrl Pts',(1.49615427533559,-1.98129921259843,0.522031000658468));
#3804=CARTESIAN_POINT('Ctrl Pts',(1.43243127852558,-1.98129921259843,0.52218903876732));
#3805=CARTESIAN_POINT('Ctrl Pts',(1.36888755561435,-1.98129921259843,0.522347272361242));
#3806=CARTESIAN_POINT('Ctrl Pts',(1.30440428291711,-1.98129921259843,0.522507845577908));
#3807=CARTESIAN_POINT('Ctrl Pts',(1.24010562473853,-1.98129921259843,0.522668633698222));
#3808=CARTESIAN_POINT('Ctrl Pts',(1.17641144478821,-1.98129921259843,0.52283387433374));
#3809=CARTESIAN_POINT('Ctrl Pts',(1.11059743039537,-1.98129921259843,0.523004614416628));
#3810=CARTESIAN_POINT('Ctrl Pts',(1.04542879815422,-1.98129921259843,0.5231798428866));
#3811=CARTESIAN_POINT('Ctrl Pts',(0.981368715045452,-1.98129921259843,0.523353582992642));
#3812=CARTESIAN_POINT('Ctrl Pts',(0.914306576847424,-1.98129921259843,0.523535465101382));
#3813=CARTESIAN_POINT('Ctrl Pts',(0.848459316446203,-1.98129921259843,0.523714641274345));
#3814=CARTESIAN_POINT('Ctrl Pts',(0.784358267716536,-1.98129921259843,0.52385169520837));
#3815=CARTESIAN_POINT('Ctrl Pts',(0.715729088685818,-1.98129921259843,0.52399843070118));
#3816=CARTESIAN_POINT('Ctrl Pts',(0.649101554283874,-1.98129921259843,0.524098800786542));
#3817=CARTESIAN_POINT('Ctrl Pts',(0.585127910807954,-1.98129921259843,0.524188572939182));
#3818=CARTESIAN_POINT('Ctrl Pts',(0.515972669578215,-1.98129921259843,0.524285616260997));
#3819=CARTESIAN_POINT('Ctrl Pts',(0.449918629676166,-1.98129921259843,0.524368746394792));
#3820=CARTESIAN_POINT('Ctrl Pts',(0.387789595510212,-1.98129921259843,0.524431851158816));
#3821=CARTESIAN_POINT('Ctrl Pts',(0.319650003963903,-1.98129921259843,0.524501060875383));
#3822=CARTESIAN_POINT('Ctrl Pts',(0.25726344329956,-1.98129921259842,0.524547063043972));
#3823=CARTESIAN_POINT('Ctrl Pts',(0.193017810045005,-1.98129921259842,0.524557569414409));
#3824=CARTESIAN_POINT('Ctrl Pts',(0.128709531856333,-1.98129921259843,0.524568086029446));
#3825=CARTESIAN_POINT('Ctrl Pts',(0.0642045709410229,-1.98129921259843,
0.524540502723015));
#3826=CARTESIAN_POINT('Ctrl Pts',(2.34938927455127E-15,-1.98129921259843,
0.524452426791375));
#3827=CARTESIAN_POINT('',(0.,-1.98129921259843,4.85738800837359));
#3828=CARTESIAN_POINT('',(0.,-1.98129921259843,4.85738800837359));
#3829=CARTESIAN_POINT('',(21.0942406209922,-1.98129921259843,4.85738800837359));
#3830=CARTESIAN_POINT('',(21.0942406209922,-1.98129921259843,4.85738800837359));
#3831=CARTESIAN_POINT('',(21.0942406209922,-1.98129921259843,0.));
#3832=CARTESIAN_POINT('',(21.0942406209922,-1.98129921259843,0.));
#3833=CARTESIAN_POINT('',(0.,-1.98129921259843,0.));
#3834=UNCERTAINTY_MEASURE_WITH_UNIT(LENGTH_MEASURE(0.000393700787401575),
#3839,'DISTANCE_ACCURACY_VALUE',
'Maximum model space distance between geometric entities at asserted c
onnectivities');
#3835=UNCERTAINTY_MEASURE_WITH_UNIT(LENGTH_MEASURE(0.000393700787401575),
#3839,'DISTANCE_ACCURACY_VALUE',
'Maximum model space distance between geometric entities at asserted c
onnectivities');
#3836=(
GEOMETRIC_REPRESENTATION_CONTEXT(3)
GLOBAL_UNCERTAINTY_ASSIGNED_CONTEXT((#3834))
GLOBAL_UNIT_ASSIGNED_CONTEXT((#3839,#3843,#3844))
REPRESENTATION_CONTEXT('','3D')
);
#3837=(
GEOMETRIC_REPRESENTATION_CONTEXT(3)
GLOBAL_UNCERTAINTY_ASSIGNED_CONTEXT((#3835))
GLOBAL_UNIT_ASSIGNED_CONTEXT((#3839,#3843,#3844))
REPRESENTATION_CONTEXT('','3D')
);
#3838=DIMENSIONAL_EXPONENTS(1.,0.,0.,0.,0.,0.,0.);
#3839=(
CONVERSION_BASED_UNIT('inch',#3842)
LENGTH_UNIT()
NAMED_UNIT(#3838)
);
#3840=(
LENGTH_UNIT()
NAMED_UNIT(*)
SI_UNIT(.MILLI.,.METRE.)
);
#3841=(
LENGTH_UNIT()
NAMED_UNIT(*)
SI_UNIT($,.METRE.)
);
#3842=LENGTH_MEASURE_WITH_UNIT(LENGTH_MEASURE(25.4),#3840);
#3843=(
NAMED_UNIT(*)
PLANE_ANGLE_UNIT()
SI_UNIT($,.RADIAN.)
);
#3844=(
NAMED_UNIT(*)
SI_UNIT($,.STERADIAN.)
SOLID_ANGLE_UNIT()
);
#3845=SHAPE_DEFINITION_REPRESENTATION(#3846,#3847);
#3846=PRODUCT_DEFINITION_SHAPE('',$,#3849);
#3847=SHAPE_REPRESENTATION('',(#679,#636,#637,#638,#639,#640,#641,#642,
#643,#644,#645,#646,#647,#648,#649,#650,#651,#652,#653,#654,#655,#656,#657,
#658,#659,#660,#661,#662,#663,#664,#665,#666),#3836);
#3848=PRODUCT_DEFINITION_CONTEXT('part definition',#3853,'design');
#3849=PRODUCT_DEFINITION('Fin Base','Fin Base v1',#3850,#3848);
#3850=PRODUCT_DEFINITION_FORMATION('',$,#3855);
#3851=PRODUCT_RELATED_PRODUCT_CATEGORY('Fin Base v1','Fin Base v1',(#3855));
#3852=APPLICATION_PROTOCOL_DEFINITION('international standard',
'automotive_design',2009,#3853);
#3853=APPLICATION_CONTEXT(
'Core Data for Automotive Mechanical Design Process');
#3854=PRODUCT_CONTEXT('part definition',#3853,'mechanical');
#3855=PRODUCT('Fin Base','Fin Base v1','STEP AP214',(#3854));
#3856=PRESENTATION_STYLE_ASSIGNMENT((#3857));
#3857=SURFACE_STYLE_USAGE(.BOTH.,#3858);
#3858=SURFACE_SIDE_STYLE('',(#3859));
#3859=SURFACE_STYLE_FILL_AREA(#3860);
#3860=FILL_AREA_STYLE('Steel - Satin',(#3861));
#3861=FILL_AREA_STYLE_COLOUR('Steel - Satin',#3862);
#3862=COLOUR_RGB('Steel - Satin',0.627450980392157,0.627450980392157,0.627450980392157);
ENDSEC;
END-ISO-10303-21;
